Running on: .NET 8.0.31
Restart: 0
0 3559 1.7976931348623157E+308 0
1 3397 1.7976931348623157E+308 0
2 3254 1.7976931348623157E+308 0
3 2986 1.7976931348623157E+308 0
4 2902 1.7976931348623157E+308 0
5 2829 1.7976931348623157E+308 0
6 2770 2770 3 flip
6 2770 2770 3
7 2742 2742 3 flip
7 2742 2742 3
8 2722 2722 3 flip
8 2722 2722 3
9 2732 2722 3
10 2722 2722 3
11 2748 2722 3
12 2722 2722 3
13 2748 2722 3
14 2758 2722 3
15 2757 2722 3
16 2777 2722 3
17 2757 2722 3
18 2787 2722 3
19 2618 2618 3 flip
19 2618 2618 3
20 2619 2618 3
21 2609 2609 3 swap
21 2609 2609 3
22 2610 2609 3
23 2577 2577 3 flip
23 2577 2577 3
24 2587 2577 3
25 2577 2577 3
26 2587 2577 3
27 2577 2577 3
28 2589 2577 3
29 2516 2516 3 relocate
29 2516 2516 3
30 2526 2516 3
31 2516 2516 3
32 2526 2516 3
33 2516 2516 3
34 2569 2516 3
35 2516 2516 3
36 2569 2516 3
37 2516 2516 3
38 2569 2516 3
39 2516 2516 3
40 2571 2516 3
41 2516 2516 3
42 2571 2516 3
43 2516 2516 3
44 2589 2516 3
45 2577 2516 3
46 2606 2516 3
47 2636 2516 3
48 2666 2516 3
49 2632 2516 3
50 2487 2487 3 relocate
50 2487 2487 3
51 2366 2366 3 two opt
51 2366 2366 3
52 2337 2337 3 swap
52 2337 2337 3
53 2346 2337 3
54 2366 2337 3
55 2419 2337 3
56 2366 2337 3
57 2430 2337 3
58 2366 2337 3
59 2346 2337 3
60 2366 2337 3
61 2411 2337 3
62 2417 2337 3
63 2411 2337 3
64 2417 2337 3
65 2506 2337 3
66 2642 2337 3
67 2810 2337 3
68 2803 2337 3
69 2810 2337 3
70 2803 2337 3
71 2810 2337 3
72 2966 2337 3
73 3041 2337 3
74 2910 2337 3
75 2762 2337 3
76 2599 2337 3
77 2497 2337 3
78 2550 2337 3
79 2497 2337 3
80 2599 2337 3
81 2497 2337 3
82 2599 2337 3
83 2608 2337 3
84 2599 2337 3
85 2608 2337 3
86 2609 2337 3
87 2599 2337 3
88 2622 2337 3
89 2689 2337 3
90 2418 2337 3
91 2362 2337 3
92 2415 2337 3
93 2362 2337 3
94 2418 2337 3
95 2362 2337 3
96 2418 2337 3
97 2427 2337 3
98 2428 2337 3
99 2418 2337 3
100 2434 2337 3
101 2555 2337 3
102 2434 2337 3
103 2555 2337 3
104 2576 2337 3
105 2571 2337 3
106 2567 2337 3
107 2524 2337 3
108 2449 2337 3
109 2453 2337 3
110 2449 2337 3
111 2454 2337 3
112 2449 2337 3
113 2461 2337 3
114 2530 2337 3
115 2461 2337 3
116 2536 2337 3
117 2566 2337 3
118 2638 2337 3
119 2645 2337 3
120 2665 2337 3
121 2726 2337 3
122 2642 2337 3
123 2625 2337 3
124 2616 2337 3
125 2700 2337 3
126 2616 2337 3
127 2733 2337 3
128 2829 2337 3
129 2962 2337 3
130 3066 2337 3
131 3122 2337 3
132 2962 2337 3
133 3098 2337 3
134 3245 2337 3
135 3185 2337 3
136 3326 2337 3
137 3316 2337 3
138 3034 2337 3
139 2961 2337 3
140 3034 2337 3
141 3194 2337 3
142 3034 2337 3
143 3212 2337 3
144 2940 2337 3
145 2867 2337 3
146 2849 2337 3
147 2854 2337 3
148 2872 2337 3
149 2945 2337 3
150 2853 2337 3
151 2780 2337 3
152 2733 2337 3
153 2728 2337 3
154 2730 2337 3
155 2734 2337 3
156 2730 2337 3
157 2734 2337 3
158 2739 2337 3
159 2591 2337 3
160 2339 2337 3
161 2392 2337 3
162 2339 2337 3
163 2395 2337 3
164 2339 2337 3
165 2395 2337 3
166 2339 2337 3
167 2460 2337 3
168 2569 2337 3
169 2460 2337 3
170 2339 2337 3
171 2460 2337 3
172 2339 2337 3
173 2460 2337 3
174 2339 2337 3
175 2497 2337 3
176 2599 2337 3
177 2622 2337 3
178 2739 2337 3
179 2434 2337 3
180 2557 2337 3
181 2434 2337 3
182 2405 2337 3
183 2434 2337 3
184 2563 2337 3
185 2570 2337 3
186 2549 2337 3
187 2542 2337 3
188 2544 2337 3
189 2523 2337 3
190 2544 2337 3
191 2523 2337 3
192 2551 2337 3
193 2606 2337 3
194 2551 2337 3
195 2606 2337 3
196 2604 2337 3
197 2721 2337 3
198 2837 2337 3
199 2721 2337 3
200 2838 2337 3
201 2772 2337 3
202 2897 2337 3
203 2721 2337 3
204 2604 2337 3
205 2721 2337 3
206 2604 2337 3
207 2734 2337 3
208 2693 2337 3
209 2656 2337 3
210 2626 2337 3
211 2625 2337 3
212 2639 2337 3
213 2677 2337 3
214 2639 2337 3
215 2677 2337 3
216 2675 2337 3
217 2625 2337 3
218 2644 2337 3
219 2653 2337 3
220 2691 2337 3
221 2692 2337 3
222 2652 2337 3
223 2697 2337 3
224 2661 2337 3
225 2633 2337 3
226 2605 2337 3
227 2582 2337 3
228 2586 2337 3
229 2582 2337 3
230 2596 2337 3
231 2582 2337 3
232 2601 2337 3
233 2582 2337 3
234 2610 2337 3
235 2652 2337 3
236 2700 2337 3
237 2700 2337 3
238 2726 2337 3
239 2663 2337 3
240 2687 2337 3
241 2733 2337 3
242 2755 2337 3
243 2783 2337 3
244 2729 2337 3
245 2755 2337 3
246 2808 2337 3
247 2870 2337 3
248 2870 2337 3
249 2912 2337 3
250 2802 2337 3
251 2681 2337 3
252 2751 2337 3
253 2681 2337 3
254 2763 2337 3
255 2681 2337 3
256 2781 2337 3
257 2681 2337 3
258 2781 2337 3
259 2728 2337 3
260 2695 2337 3
261 2607 2337 3
262 2629 2337 3
263 2607 2337 3
264 2629 2337 3
265 2678 2337 3
266 2629 2337 3
267 2716 2337 3
268 2629 2337 3
269 2823 2337 3
270 2629 2337 3
271 2823 2337 3
272 3054 2337 3
273 2829 2337 3
274 2825 2337 3
275 2963 2337 3
276 2970 2337 3
277 2993 2337 3
278 3027 2337 3
279 3196 2337 3
280 3197 2337 3
281 3114 2337 3
282 3136 2337 3
283 3277 2337 3
284 3028 2337 3
285 2945 2337 3
286 3090 2337 3
287 3160 2337 3
288 3090 2337 3
289 3160 2337 3
290 3161 2337 3
291 3137 2337 3
292 3122 2337 3
293 3052 2337 3
294 2923 2337 3
295 2826 2337 3
296 2877 2337 3
297 2826 2337 3
298 2909 2337 3
299 2854 2337 3
300 2855 2337 3
301 2854 2337 3
302 2903 2337 3
303 2854 2337 3
304 2909 2337 3
305 2740 2337 3
306 2741 2337 3
307 2740 2337 3
308 2789 2337 3
309 2740 2337 3
310 2806 2337 3
311 2876 2337 3
312 2772 2337 3
313 2719 2337 3
314 2723 2337 3
315 2655 2337 3
316 2669 2337 3
317 2655 2337 3
318 2687 2337 3
319 2655 2337 3
320 2687 2337 3
321 2658 2337 3
322 2728 2337 3
323 2658 2337 3
324 2735 2337 3
325 2658 2337 3
326 2762 2337 3
327 2658 2337 3
328 2762 2337 3
329 2883 2337 3
330 2885 2337 3
331 2898 2337 3
332 2889 2337 3
333 2965 2337 3
334 2926 2337 3
335 2908 2337 3
336 2787 2337 3
337 2788 2337 3
338 2835 2337 3
339 2788 2337 3
340 2840 2337 3
341 2646 2337 3
342 2388 2337 3
343 2441 2337 3
344 2388 2337 3
345 2457 2337 3
346 2388 2337 3
347 2463 2337 3
348 2388 2337 3
349 2463 2337 3
350 2464 2337 3
351 2472 2337 3
352 2463 2337 3
353 2388 2337 3
354 2457 2337 3
355 2388 2337 3
356 2463 2337 3
357 2506 2337 3
358 2545 2337 3
359 2506 2337 3
360 2610 2337 3
361 2748 2337 3
362 2755 2337 3
363 2793 2337 3
364 2902 2337 3
365 2714 2337 3
366 2688 2337 3
367 2585 2337 3
368 2614 2337 3
369 2688 2337 3
370 2728 2337 3
371 2727 2337 3
372 2740 2337 3
373 2889 2337 3
374 2872 2337 3
375 2721 2337 3
376 2586 2337 3
377 2493 2337 3
378 2464 2337 3
379 2493 2337 3
380 2497 2337 3
381 2422 2337 3
382 2475 2337 3
383 2422 2337 3
384 2491 2337 3
385 2422 2337 3
386 2491 2337 3
387 2444 2337 3
388 2493 2337 3
389 2444 2337 3
390 2506 2337 3
391 2614 2337 3
392 2506 2337 3
393 2647 2337 3
394 2506 2337 3
395 2647 2337 3
396 2816 2337 3
397 2886 2337 3
398 2833 2337 3
399 2719 2337 3
400 2664 2337 3
401 2719 2337 3
402 2719 2337 3
403 2794 2337 3
404 2849 2337 3
Customer 1: 21
B1 ID: 39 D1 ID: 38
Customer 2: 14
B2 ID: 19 D2 ID: 18
-----
Route 1 Before: 50,39,21,17,4,11,27,13,48,23,9,50
Route 2 Before: 50,6,33,0,3,1,7,41,8,19,36,50
-----
---------
Route 1 After: 50,38,21,17,4,11,27,13,48,23,9,50
Route 2 After: 50,6,33,0,3,1,7,41,8,18,36,50
---------
Priority swap cost contribution: 77
405 2926 2337 3
406 3035 2337 3
407 2926 2337 3
408 3035 2337 3
409 3179 2337 3
410 3169 2337 3
411 3130 2337 3
412 3201 2337 3
413 3281 2337 3
414 3387 2337 3
415 3495 2337 3
416 3350 2337 3
417 3281 2337 3
418 3010 2337 3
419 2984 2337 3
420 2978 2337 3
421 2790 2337 3
422 2669 2337 3
423 2669 2337 3
424 2500 2337 3
425 2502 2337 3
426 2604 2337 3
427 2502 2337 3
428 2604 2337 3
429 2502 2337 3
430 2623 2337 3
431 2662 2337 3
432 2623 2337 3
433 2732 2337 3
434 2768 2337 3
435 2892 2337 3
436 2869 2337 3
437 2745 2337 3
438 2731 2337 3
439 2745 2337 3
440 2847 2337 3
441 2745 2337 3
442 2847 2337 3
443 2839 2337 3
444 2692 2337 3
445 2590 2337 3
446 2554 2337 3
447 2590 2337 3
448 2692 2337 3
449 2590 2337 3
450 2445 2337 3
451 2471 2337 3
452 2445 2337 3
453 2471 2337 3
454 2524 2337 3
455 2471 2337 3
456 2573 2337 3
457 2543 2337 3
458 2544 2337 3
459 2543 2337 3
460 2544 2337 3
461 2423 2337 3
462 2321 2321 3 relocate
462 2321 2321 3
463 2329 2321 3
464 2321 2321 3
465 2350 2321 3
466 2403 2321 3
467 2350 2321 3
468 2452 2321 3
469 2452 2321 3
470 2551 2321 3
471 2652 2321 3
472 2779 2321 3
473 2750 2321 3
474 2750 2321 3
475 2856 2321 3
476 2829 2321 3
477 2970 2321 3
478 3116 2321 3
479 3094 2321 3
480 3116 2321 3
481 3094 2321 3
482 3118 2321 3
483 2970 2321 3
484 3119 2321 3
485 3005 2321 3
486 2997 2321 3
487 2891 2321 3
488 2905 2321 3
489 2891 2321 3
490 2956 2321 3
491 2941 2321 3
492 2967 2321 3
493 3073 2321 3
494 2984 2321 3
495 3106 2321 3
496 3092 2321 3
497 3151 2321 3
498 3092 2321 3
499 3230 2321 3
500 3291 2321 3
501 3397 2321 3
502 3198 2321 3
503 3212 2321 3
504 3098 2321 3
505 3066 2321 3
506 2809 2321 3
507 2783 2321 3
508 2747 2321 3
509 2733 2321 3
510 2733 2321 3
511 2733 2321 3
512 2743 2321 3
513 2733 2321 3
514 2743 2321 3
515 2757 2321 3
516 2861 2321 3
517 2833 2321 3
518 2847 2321 3
519 2839 2321 3
520 2692 2321 3
521 2705 2321 3
522 2692 2321 3
523 2705 2321 3
524 2692 2321 3
525 2648 2321 3
526 2459 2321 3
527 2454 2321 3
528 2468 2321 3
529 2476 2321 3
530 2497 2321 3
531 2483 2321 3
532 2497 2321 3
533 2550 2321 3
534 2497 2321 3
535 2577 2321 3
536 2403 2321 3
537 2374 2321 3
538 2382 2321 3
539 2403 2321 3
540 2456 2321 3
541 2403 2321 3
542 2493 2321 3
543 2403 2321 3
544 2497 2321 3
545 2599 2321 3
546 2695 2321 3
547 2459 2321 3
548 2386 2321 3
549 2357 2321 3
550 2365 2321 3
551 2386 2321 3
552 2412 2321 3
553 2386 2321 3
554 2459 2321 3
555 2459 2321 3
556 2438 2321 3
557 2459 2321 3
558 2583 2321 3
559 2688 2321 3
560 2690 2321 3
561 2672 2321 3
562 2617 2321 3
563 2615 2321 3
564 2510 2321 3
565 2611 2321 3
566 2484 2321 3
Customer 1: 20
B1 ID: 35 D1 ID: 37
Customer 2: 21
B2 ID: 40 D2 ID: 38
-----
Route 1 Before: 50,35,11,4,13,27,21,31,24,49,17,50
Route 2 Before: 50,5,2,34,40,14,50
-----
---------
Route 1 After: 50,37,11,4,13,27,21,31,24,49,17,50
Route 2 After: 50,5,2,34,38,14,50
---------
Priority swap cost contribution: -32
567 2452 2321 3
568 2452 2321 3
569 2350 2321 3
570 2321 2321 3
571 2329 2321 3
572 2350 2321 3
573 2403 2321 3
574 2350 2321 3
575 2491 2321 3
576 2660 2321 3
577 2605 2321 3
578 2807 2321 3
579 2807 2321 3
580 2821 2321 3
581 2807 2321 3
582 2821 2321 3
583 2848 2321 3
584 2962 2321 3
585 3100 2321 3
586 3161 2321 3
587 2962 2321 3
588 2998 2321 3
589 2757 2321 3
590 2772 2321 3
591 2757 2321 3
592 2884 2321 3
593 2757 2321 3
594 3002 2321 3
595 3108 2321 3
596 3232 2321 3
597 3211 2321 3
598 3211 2321 3
599 3219 2321 3
600 2940 2321 3
601 2913 2321 3
602 2913 2321 3
603 2913 2321 3
604 2877 2321 3
605 2771 2321 3
606 2771 2321 3
607 2757 2321 3
608 2771 2321 3
609 2771 2321 3
610 2788 2321 3
611 2787 2321 3
612 2787 2321 3
613 2800 2321 3
614 2827 2321 3
615 2757 2321 3
616 2728 2321 3
617 2734 2321 3
618 2729 2321 3
619 2737 2321 3
620 2715 2321 3
621 2707 2321 3
622 2715 2321 3
623 2736 2321 3
624 2758 2321 3
625 2698 2321 3
626 2669 2321 3
627 2670 2321 3
628 2669 2321 3
629 2677 2321 3
630 2698 2321 3
631 2753 2321 3
632 2584 2321 3
633 2555 2321 3
634 2556 2321 3
635 2555 2321 3
636 2563 2321 3
637 2584 2321 3
638 2620 2321 3
639 2480 2321 3
640 2427 2321 3
641 2398 2321 3
642 2406 2321 3
643 2421 2321 3
644 2406 2321 3
645 2427 2321 3
646 2502 2321 3
647 2427 2321 3
648 2541 2321 3
649 2427 2321 3
650 2502 2321 3
651 2466 2321 3
652 2417 2321 3
653 2388 2321 3
654 2396 2321 3
655 2417 2321 3
656 2466 2321 3
657 2417 2321 3
658 2466 2321 3
659 2452 2321 3
660 2377 2321 3
661 2348 2321 3
662 2356 2321 3
663 2377 2321 3
664 2452 2321 3
665 2452 2321 3
666 2583 2321 3
667 2724 2321 3
668 2918 2321 3
669 3022 2321 3
670 2916 2321 3
671 3022 2321 3
672 3030 2321 3
673 3038 2321 3
674 2924 2321 3
675 2746 2321 3
676 2688 2321 3
677 2568 2321 3
678 2538 2321 3
679 2523 2321 3
680 2524 2321 3
681 2523 2321 3
682 2524 2321 3
683 2523 2321 3
684 2537 2321 3
685 2523 2321 3
686 2538 2321 3
687 2523 2321 3
688 2538 2321 3
689 2538 2321 3
690 2356 2321 3
691 2348 2321 3
692 2356 2321 3
693 2377 2321 3
694 2430 2321 3
695 2377 2321 3
696 2452 2321 3
697 2377 2321 3
698 2478 2321 3
699 2499 2321 3
700 2478 2321 3
701 2377 2321 3
702 2452 2321 3
703 2377 2321 3
704 2491 2321 3
705 2470 2321 3
706 2621 2321 3
707 2470 2321 3
708 2639 2321 3
709 2584 2321 3
710 2778 2321 3
711 2792 2321 3
712 2822 2321 3
713 2858 2321 3
714 2617 2321 3
715 2632 2321 3
716 2617 2321 3
717 2716 2321 3
718 2934 2321 3
719 3122 2321 3
720 3128 2321 3
721 3133 2321 3
722 3155 2321 3
723 3128 2321 3
724 3120 2321 3
725 3128 2321 3
726 3155 2321 3
727 3351 2321 3
728 3163 2321 3
729 3164 2321 3
730 3278 2321 3
731 3164 2321 3
732 3305 2321 3
733 3357 2321 3
734 3351 2321 3
735 3306 2321 3
736 3284 2321 3
737 3312 2321 3
738 3284 2321 3
739 3329 2321 3
740 3284 2321 3
741 3329 2321 3
742 3391 2321 3
743 3489 2321 3
744 3498 2321 3
745 3449 2321 3
746 3455 2321 3
747 3577 2321 3
748 3757 2321 3
749 3763 2321 3
750 3569 2321 3
751 3431 2321 3
752 3309 2321 3
753 3212 2321 3
754 3108 2321 3
755 3009 2321 3
756 2987 2321 3
757 2938 2321 3
758 2949 2321 3
759 2938 2321 3
760 2949 2321 3
761 2938 2321 3
762 2978 2321 3
763 2938 2321 3
764 2987 2321 3
765 2992 2321 3
766 2941 2321 3
767 2892 2321 3
768 2914 2321 3
769 2892 2321 3
770 2941 2321 3
771 2954 2321 3
772 2941 2321 3
773 2839 2321 3
774 2866 2321 3
775 2839 2321 3
776 2866 2321 3
777 2839 2321 3
778 2852 2321 3
779 2860 2321 3
780 2913 2321 3
781 2860 2321 3
782 2918 2321 3
783 3044 2321 3
784 2792 2321 3
785 2613 2321 3
786 2592 2321 3
787 2462 2321 3
788 2470 2321 3
789 2491 2321 3
790 2544 2321 3
791 2491 2321 3
792 2546 2321 3
793 2377 2321 3
794 2348 2321 3
795 2356 2321 3
796 2377 2321 3
797 2430 2321 3
798 2377 2321 3
799 2452 2321 3
800 2377 2321 3
801 2452 2321 3
802 2452 2321 3
803 2423 2321 3
804 2423 2321 3
805 2348 2321 3
806 2377 2321 3
807 2491 2321 3
808 2621 2321 3
809 2811 2321 3
810 2674 2321 3
811 2350 2321 3
812 2321 2321 3
813 2329 2321 3
814 2350 2321 3
815 2403 2321 3
816 2350 2321 3
817 2491 2321 3
818 2681 2321 3
819 2552 2321 3
820 2350 2321 3
821 2329 2321 3
822 2350 2321 3
823 2491 2321 3
Customer 1: 17
B1 ID: 27 D1 ID: 26
Customer 2: 24
B2 ID: 49 D2 ID: 48
-----
Route 1 Before: 50,5,13,4,37,11,49,24,21,17,27,50
Route 2 Before: 50,5,13,4,37,11,49,24,21,17,27,50
-----
---------
Route 1 After: 50,5,13,4,37,11,48,24,21,17,26,50
Route 2 After: 50,5,13,4,37,11,48,24,21,17,26,50
---------
Priority swap cost contribution: 139
824 2630 2321 3
825 2626 2321 3
826 2630 2321 3
827 2647 2321 3
828 2668 2321 3
829 2654 2321 3
830 2668 2321 3
831 2694 2321 3
832 2668 2321 3
833 2694 2321 3
834 2694 2321 3
835 2747 2321 3
836 2694 2321 3
837 2796 2321 3
838 2694 2321 3
839 2796 2321 3
840 2796 2321 3
841 2895 2321 3
842 2796 2321 3
843 2900 2321 3
844 3032 2321 3
845 3032 2321 3
846 3097 2321 3
847 2968 2321 3
848 2968 2321 3
849 2969 2321 3
850 2914 2321 3
851 2893 2321 3
852 2899 2321 3
853 2742 2321 3
854 2756 2321 3
855 2742 2321 3
856 2756 2321 3
857 2782 2321 3
858 2756 2321 3
859 2792 2321 3
860 2756 2321 3
861 2756 2321 3
862 2766 2321 3
863 2778 2321 3
864 2742 2321 3
865 2778 2321 3
866 2833 2321 3
867 2833 2321 3
868 2899 2321 3
869 2900 2321 3
870 2864 2321 3
871 2863 2321 3
872 2740 2321 3
873 2754 2321 3
874 2740 2321 3
875 2754 2321 3
876 2790 2321 3
877 2839 2321 3
878 2897 2321 3
879 2968 2321 3
880 3004 2321 3
881 2962 2321 3
882 2994 2321 3
883 2916 2321 3
884 3022 2321 3
885 2969 2321 3
886 3084 2321 3
887 3199 2321 3
888 3084 2321 3
889 3199 2321 3
890 3181 2321 3
891 3065 2321 3
892 3165 2321 3
893 3299 2321 3
894 3308 2321 3
895 3306 2321 3
896 3320 2321 3
897 3321 2321 3
898 3396 2321 3
899 3513 2321 3
900 3369 2321 3
901 3240 2321 3
902 2941 2321 3
903 2890 2321 3
904 2699 2321 3
905 2661 2321 3
906 2636 2321 3
907 2636 2321 3
908 2546 2321 3
909 2553 2321 3
910 2546 2321 3
911 2571 2321 3
912 2546 2321 3
913 2571 2321 3
914 2571 2321 3
915 2571 2321 3
916 2571 2321 3
917 2579 2321 3
918 2553 2321 3
919 2606 2321 3
920 2553 2321 3
921 2643 2321 3
922 2553 2321 3
923 2647 2321 3
924 2816 2321 3
925 2761 2321 3
926 2790 2321 3
927 2761 2321 3
928 2954 2321 3
929 3078 2321 3
930 3061 2321 3
931 3076 2321 3
932 2896 2321 3
933 2925 2321 3
934 3036 2321 3
935 3026 2321 3
936 3062 2321 3
937 3062 2321 3
938 3062 2321 3
939 3063 2321 3
940 3054 2321 3
941 3103 2321 3
942 3161 2321 3
943 3103 2321 3
944 3161 2321 3
945 3103 2321 3
946 3225 2321 3
947 3278 2321 3
948 3304 2321 3
949 3462 2321 3
950 3304 2321 3
951 3491 2321 3
952 3589 2321 3
953 3390 2321 3
954 3304 2321 3
955 3390 2321 3
956 3494 2321 3
957 3624 2321 3
958 3686 2321 3
959 3669 2321 3
960 3572 2321 3
961 3649 2321 3
962 3572 2321 3
963 3650 2321 3
964 3572 2321 3
965 3669 2321 3
966 3791 2321 3
967 3949 2321 3
968 3970 2321 3
969 3858 2321 3
970 3653 2321 3
971 3765 2321 3
972 3653 2321 3
973 3765 2321 3
974 3952 2321 3
975 3765 2321 3
976 3599 2321 3
977 3292 2321 3
978 3234 2321 3
979 3054 2321 3
981 2860 2321 3
982 2834 2321 3
983 2798 2321 3
984 2801 2321 3
986 2684 2321 3
987 2681 2321 3
988 2684 2321 3
989 2694 2321 3
990 2684 2321 3
991 2694 2321 3
992 2694 2321 3
993 2694 2321 3
994 2694 2321 3
995 2708 2321 3
996 2760 2321 3
997 2813 2321 3
998 2760 2321 3
999 2862 2321 3
1000 2760 2321 3
1001 2894 2321 3
1002 2919 2321 3
1003 2948 2321 3
1004 2656 2321 3
1005 2630 2321 3
1006 2626 2321 3
1007 2630 2321 3
1008 2647 2321 3
1009 2673 2321 3
1010 2673 2321 3
1011 2726 2321 3
1012 2673 2321 3
1013 2775 2321 3
1014 2673 2321 3
1015 2820 2321 3
1016 2673 2321 3
1017 2822 2321 3
1018 2897 2321 3
1019 2897 2321 3
1020 2996 2321 3
1021 3097 2321 3
1022 3080 2321 3
1023 3080 2321 3
1024 2822 2321 3
1025 2897 2321 3
1026 2897 2321 3
1027 3019 2321 3
1028 2897 2321 3
1029 3019 2321 3
1030 3158 2321 3
1031 3272 2321 3
1032 3255 2321 3
1034 3444 2321 3
1035 3427 2321 3
1036 3261 2321 3
1037 3051 2321 3
1038 3080 2321 3
1039 3022 2321 3
1040 2902 2321 3
1041 2910 2321 3
1042 2852 2321 3
1043 2954 2321 3
1044 2690 2321 3
1045 2736 2321 3
1046 2880 2321 3
1047 3042 2321 3
1048 3136 2321 3
1049 3042 2321 3
1050 2880 2321 3
1051 2736 2321 3
1052 2690 2321 3
1053 2661 2321 3
1054 2636 2321 3
1055 2636 2321 3
1056 2546 2321 3
1057 2553 2321 3
1058 2546 2321 3
1059 2571 2321 3
1060 2546 2321 3
1061 2574 2321 3
1062 2600 2321 3
1063 2653 2321 3
1064 2600 2321 3
1065 2694 2321 3
1066 2796 2321 3
1067 2895 2321 3
1068 2895 2321 3
1069 2996 2321 3
1070 2995 2321 3
1071 2871 2321 3
1072 2890 2321 3
1073 2789 2321 3
1074 2895 2321 3
1075 3026 2321 3
1076 2904 2321 3
1077 3036 2321 3
1078 2977 2321 3
1079 2991 2321 3
1080 3095 2321 3
1081 3217 2321 3
1082 3263 2321 3
1083 3134 2321 3
1084 3005 2321 3
1085 2997 2321 3
1086 3005 2321 3
1087 2997 2321 3
1088 3005 2321 3
1089 3054 2321 3
1090 2992 2321 3
1091 2934 2321 3
1092 2926 2321 3
1093 2934 2321 3
1094 2926 2321 3
1095 2934 2321 3
1096 2987 2321 3
1097 3101 2321 3
1098 3101 2321 3
1099 3216 2321 3
1100 3101 2321 3
1101 3216 2321 3
1102 3198 2321 3
1103 3082 2321 3
1104 3182 2321 3
1105 3187 2321 3
1106 3183 2321 3
1107 3182 2321 3
1108 3183 2321 3
1109 3198 2321 3
1110 3202 2321 3
1111 3339 2321 3
1112 3232 2321 3
1113 3203 2321 3
1114 3177 2321 3
1116 3255 2321 3
1117 3281 2321 3
1118 3280 2321 3
1119 3280 2321 3
1120 3337 2321 3
1121 3312 2321 3
1122 3266 2321 3
1123 3239 2321 3
1124 3231 2321 3
1125 2736 2321 3
1126 2683 2321 3
1127 2654 2321 3
1128 2628 2321 3
1129 2517 2321 3
1130 2517 2321 3
1131 2525 2321 3
1133 2650 2321 3
1134 2636 2321 3
1135 2657 2321 3
1136 2683 2321 3
1137 2683 2321 3
1138 2710 2321 3
1139 2759 2321 3
1140 2710 2321 3
1141 2763 2321 3
1142 2858 2321 3
1143 2867 2321 3
1144 2837 2321 3
1145 2837 2321 3
1146 2837 2321 3
1147 2866 2321 3
1148 2980 2321 3
1149 3066 2321 3
1150 3167 2321 3
1152 3285 2321 3
1153 3195 2321 3
1154 3218 2321 3
1155 3106 2321 3
1156 3207 2321 3
1157 3345 2321 3
1158 3465 2321 3
1159 3349 2321 3
1160 3193 2321 3
1161 3194 2321 3
1162 3309 2321 3
1163 3194 2321 3
1164 3340 2321 3
1165 3194 2321 3
1166 3340 2321 3
1167 3213 2321 3
1168 3121 2321 3
1169 3101 2321 3
1170 3245 2321 3
1171 3101 2321 3
1173 3247 2321 3
1174 3473 2321 3
1175 3473 2321 3
1176 3500 2321 3
1177 3614 2321 3
1178 3473 2321 3
1179 3456 2321 3
1180 3456 2321 3
1181 3456 2321 3
1182 3558 2321 3
1183 3655 2321 3
1184 3525 2321 3
1185 3423 2321 3
1186 3423 2321 3
1187 3177 2321 3
1188 3135 2321 3
1189 3148 2321 3
1190 3178 2321 3
1191 2994 2321 3
1192 3021 2321 3
1193 3135 2321 3
1194 3021 2321 3
1195 3135 2321 3
1196 3250 2321 3
1197 3135 2321 3
1198 3255 2321 3
1199 3135 2321 3
1200 2994 2321 3
1201 2904 2321 3
1202 2845 2321 3
1203 2824 2321 3
1205 2636 2321 3
1206 2636 2321 3
1207 2606 2321 3
1208 2622 2321 3
1209 2606 2321 3
1210 2625 2321 3
1211 2606 2321 3
1212 2635 2321 3
1213 2665 2321 3
1214 2664 2321 3
1215 2664 2321 3
1216 2691 2321 3
1217 2664 2321 3
1218 2694 2321 3
1219 2665 2321 3
1220 2636 2321 3
1221 2663 2321 3
1222 2636 2321 3
1223 2666 2321 3
1224 2711 2321 3
1225 2666 2321 3
1226 2711 2321 3
1227 2673 2321 3
1228 2620 2321 3
1229 2590 2321 3
1230 2591 2321 3
1232 2321 2321 3
1233 2329 2321 3
1234 2321 2321 3
1236 2321 2321 3
1237 2350 2321 3
1238 2403 2321 3
1239 2350 2321 3
1240 2452 2321 3
1241 2350 2321 3
1242 2452 2321 3
1243 2350 2321 3
1244 2478 2321 3
1245 2329 2321 3
1246 2350 2321 3
1247 2491 2321 3
1248 2734 2321 3
1249 2744 2321 3
1250 2912 2321 3
1251 2901 2321 3
1252 2952 2321 3
1253 2901 2321 3
1254 3104 2321 3
1255 3207 2321 3
1256 3099 2321 3
1257 3070 2321 3
1258 3053 2321 3
1259 3004 2321 3
1260 2863 2321 3
1261 2735 2321 3
1262 2549 2321 3
1263 2697 2321 3
1264 2549 2321 3
1265 2697 2321 3
1266 2846 2321 3
1267 2697 2321 3
1268 2549 2321 3
1269 2703 2321 3
1270 2549 2321 3
1271 2703 2321 3
1272 2786 2321 3
1273 2941 2321 3
1274 2957 2321 3
1275 2586 2321 3
1276 2549 2321 3
1278 2549 2321 3
1279 2550 2321 3
1280 2603 2321 3
1281 2550 2321 3
1282 2606 2321 3
1283 2550 2321 3
1284 2606 2321 3
1285 2553 2321 3
1286 2478 2321 3
1287 2531 2321 3
1288 2478 2321 3
1289 2553 2321 3
1290 2478 2321 3
1291 2586 2321 3
1292 2478 2321 3
1293 2600 2321 3
1294 2786 2321 3
1295 2470 2321 3
1296 2348 2321 3
1297 2356 2321 3
1298 2377 2321 3
1299 2430 2321 3
1300 2377 2321 3
1301 2452 2321 3
1302 2377 2321 3
1303 2452 2321 3
1304 2423 2321 3
1305 2348 2321 3
1306 2377 2321 3
1307 2478 2321 3
1308 2592 2321 3
1309 2782 2321 3
1310 2783 2321 3
1311 2652 2321 3
1312 2666 2321 3
1313 2652 2321 3
1314 2666 2321 3
1315 2702 2321 3
1316 2717 2321 3
1317 2837 2321 3
1318 2717 2321 3
1319 2837 2321 3
1320 2717 2321 3
1321 2851 2321 3
1322 2717 2321 3
1323 2855 2321 3
1324 2908 2321 3
1325 2855 2321 3
1326 2908 2321 3
1327 2992 2321 3
1328 3038 2321 3
1329 2997 2321 3
1330 2997 2321 3
1331 2868 2321 3
1332 2961 2321 3
1333 2817 2321 3
1334 2842 2321 3
1335 2854 2321 3
1336 2818 2321 3
1337 2776 2321 3
1338 2802 2321 3
1339 2776 2321 3
1340 2818 2321 3
1341 2776 2321 3
1343 3043 2321 3
1344 2818 2321 3
1345 2854 2321 3
1346 2842 2321 3
1347 2895 2321 3
1348 2842 2321 3
1349 2944 2321 3
1350 2842 2321 3
1351 2814 2321 3
1352 2789 2321 3
1353 2679 2321 3
1354 2671 2321 3
1355 2663 2321 3
1356 2663 2321 3
1357 2609 2321 3
1358 2612 2321 3
1359 2609 2321 3
1360 2626 2321 3
1361 2679 2321 3
1362 2626 2321 3
1363 2728 2321 3
1364 2626 2321 3
1365 2728 2321 3
1366 2626 2321 3
1367 2756 2321 3
1368 2626 2321 3
1369 2756 2321 3
1370 2771 2321 3
1371 2756 2321 3
1372 2905 2321 3
1373 2897 2321 3
1374 2846 2321 3
1375 2832 2321 3
1376 2656 2321 3
1377 2512 2321 3
1378 2504 2321 3
1379 2512 2321 3
1380 2565 2321 3
1381 2512 2321 3
1382 2587 2321 3
1383 2512 2321 3
1384 2587 2321 3
1385 2588 2321 3
1386 2687 2321 3
1387 2588 2321 3
1388 2732 2321 3
1389 2588 2321 3
1390 2757 2321 3
1391 2588 2321 3
1392 2774 2321 3
1393 2588 2321 3
1394 2806 2321 3
1395 2738 2321 3
1396 2691 2321 3
1397 2979 2321 3
1398 2914 2321 3
1399 2878 2321 3
1400 2854 2321 3
1401 2878 2321 3
1402 2936 2321 3
1404 3008 2321 3
1405 3000 2321 3
1406 2882 2321 3
1407 2883 2321 3
1408 2899 2321 3
1409 2643 2321 3
1410 2537 2321 3
1411 2523 2321 3
1412 2524 2321 3
1413 2523 2321 3
1415 2573 2321 3
1416 2537 2321 3
1417 2523 2321 3
1418 2524 2321 3
1420 2829 2321 3
1421 2857 2321 3
1422 2855 2321 3
1423 2881 2321 3
1424 2855 2321 3
1425 2836 2321 3
1426 2833 2321 3
1427 2833 2321 3
1428 2833 2321 3
1429 2833 2321 3
1430 2836 2321 3
1431 2862 2321 3
1432 2913 2321 3
1433 2966 2321 3
1434 2913 2321 3
1435 2966 2321 3
1436 2941 2321 3
1437 2872 2321 3
1438 2819 2321 3
1439 2790 2321 3
1440 2790 2321 3
1441 2791 2321 3
1442 2790 2321 3
1443 2795 2321 3
1444 2744 2321 3
1445 2706 2321 3
1446 2576 2321 3
1447 2523 2321 3
1448 2524 2321 3
1449 2523 2321 3
1450 2524 2321 3
1451 2523 2321 3
1452 2537 2321 3
1453 2523 2321 3
1454 2538 2321 3
1455 2523 2321 3
1456 2538 2321 3
1457 2538 2321 3
1458 2356 2321 3
1459 2348 2321 3
1460 2377 2321 3
1461 2430 2321 3
1462 2377 2321 3
1463 2452 2321 3
1464 2377 2321 3
1465 2478 2321 3
1466 2377 2321 3
1467 2491 2321 3
1468 2470 2321 3
1469 2356 2321 3
1470 2431 2321 3
1471 2356 2321 3
1472 2470 2321 3
1473 2572 2321 3
1474 2581 2321 3
1475 2423 2321 3
1476 2461 2321 3
1477 2431 2321 3
1478 2431 2321 3
1479 2356 2321 3
1481 2356 2321 3
1482 2431 2321 3
1483 2432 2321 3
1484 2581 2321 3
1485 2572 2321 3
1486 2470 2321 3
1487 2572 2321 3
1488 2637 2321 3
1489 2622 2321 3
1490 2648 2321 3
1491 2775 2321 3
1492 2801 2321 3
1493 2748 2321 3
1494 2854 2321 3
1495 2960 2321 3
1496 2991 2321 3
1497 2999 2321 3
1498 2960 2321 3
1499 2994 2321 3
1500 2930 2321 3
1501 2806 2321 3
1502 2684 2321 3
1503 2689 2321 3
1504 2684 2321 3
1505 2692 2321 3
1506 2704 2321 3
1507 2757 2321 3
1508 2756 2321 3
1509 2757 2321 3
1510 2832 2321 3
1511 2666 2321 3
1512 2613 2321 3
1513 2564 2321 3
1514 2613 2321 3
1515 2587 2321 3
1516 2512 2321 3
1517 2504 2321 3
1518 2512 2321 3
1519 2565 2321 3
1520 2512 2321 3
1521 2587 2321 3
1522 2588 2321 3
1523 2676 2321 3
1524 2640 2321 3
1525 2631 2321 3
1526 2631 2321 3
1527 2556 2321 3
1528 2555 2321 3
1529 2563 2321 3
1530 2638 2321 3
1531 2789 2321 3
1532 2638 2321 3
1533 2789 2321 3
1534 2742 2321 3
1535 2563 2321 3
1536 2677 2321 3
1537 2846 2321 3
1538 2677 2321 3
1539 2859 2321 3
1540 2730 2321 3
1541 2657 2321 3
1542 2619 2321 3
1543 2590 2321 3
1544 2576 2321 3
1545 2374 2321 3
1546 2321 2321 3
1547 2329 2321 3
1548 2321 2321 3
1549 2350 2321 3
1550 2403 2321 3
1551 2505 2321 3
1552 2403 2321 3
1553 2505 2321 3
1554 2403 2321 3
1555 2544 2321 3
1556 2403 2321 3
1557 2544 2321 3
1558 2523 2321 3
1559 2544 2321 3
1560 2813 2321 3
1561 2544 2321 3
1562 2813 2321 3
1563 2827 2321 3
1564 2819 2321 3
1565 2872 2321 3
1566 2819 2321 3
1567 2933 2321 3
1568 2955 2321 3
1569 2952 2321 3
1570 2925 2321 3
1571 2848 2321 3
1572 2856 2321 3
1573 2842 2321 3
1574 2919 2321 3
1575 2778 2321 3
1576 2672 2321 3
1577 2403 2321 3
1578 2350 2321 3
1579 2321 2321 3
1580 2329 2321 3
1581 2350 2321 3
1582 2403 2321 3
1583 2505 2321 3
1584 2403 2321 3
1585 2505 2321 3
1586 2403 2321 3
1587 2523 2321 3
1588 2544 2321 3
1589 2403 2321 3
1590 2544 2321 3
1591 2695 2321 3
1592 2864 2321 3
1593 2695 2321 3
1594 2885 2321 3
1595 2734 2321 3
1596 2403 2321 3
1597 2544 2321 3
Customer 1: 17
B1 ID: 27 D1 ID: 26
Customer 2: 24
B2 ID: 49 D2 ID: 48
-----
Route 1 Before: 50,5,4,13,11,37,49,17,24,21,27,50
Route 2 Before: 50,5,4,13,11,37,49,17,24,21,27,50
-----
---------
Route 1 After: 50,5,4,13,11,37,48,17,24,21,26,50
Route 2 After: 50,5,4,13,11,37,48,17,24,21,26,50
---------
Priority swap cost contribution: 163
1598 2707 2321 3
1599 2721 2321 3
1600 2747 2321 3
1601 2879 2321 3
1602 2653 2321 3
1603 2627 2321 3
1604 2829 2321 3
1605 2793 2321 3
1606 2770 2321 3
1607 2770 2321 3
1608 2784 2321 3
1609 2770 2321 3
1610 2784 2321 3
1611 2810 2321 3
1612 2784 2321 3
1613 2813 2321 3
1614 2809 2321 3
1615 2813 2321 3
1616 2849 2321 3
1617 2850 2321 3
1618 2908 2321 3
1619 2988 2321 3
1620 2908 2321 3
1621 2979 2321 3
1622 3015 2321 3
1623 2973 2321 3
1624 3028 2321 3
1625 2973 2321 3
1626 3028 2321 3
1627 3046 2321 3
1628 2932 2321 3
1629 2907 2321 3
1630 2932 2321 3
1631 3060 2321 3
1632 3087 2321 3
1633 3060 2321 3
1634 3126 2321 3
1635 3152 2321 3
1636 3179 2321 3
1637 3266 2321 3
1638 3270 2321 3
1639 3122 2321 3
1640 3256 2321 3
1641 3122 2321 3
1642 3263 2321 3
1643 3122 2321 3
1644 3264 2321 3
1645 3255 2321 3
1646 3331 2321 3
1647 3432 2321 3
1648 3534 2321 3
1649 3662 2321 3
1650 3475 2321 3
1651 3324 2321 3
1652 3222 2321 3
1653 3162 2321 3
1654 3025 2321 3
1655 2905 2321 3
1656 2876 2321 3
1657 2850 2321 3
1658 2825 2321 3
1659 2776 2321 3
1660 2761 2321 3
1661 2725 2321 3
1662 2725 2321 3
1663 2725 2321 3
1664 2725 2321 3
1665 2727 2321 3
1666 2725 2321 3
1667 2727 2321 3
1668 2725 2321 3
1669 2735 2321 3
1670 2725 2321 3
1671 2735 2321 3
1672 2747 2321 3
1673 2711 2321 3
1674 2711 2321 3
1675 2678 2321 3
1676 2692 2321 3
1677 2678 2321 3
1678 2708 2321 3
1679 2678 2321 3
1680 2711 2321 3
1681 2711 2321 3
1682 2711 2321 3
1683 2711 2321 3
1684 2713 2321 3
1685 2711 2321 3
1686 2712 2321 3
1687 2748 2321 3
1688 2546 2321 3
1689 2553 2321 3
1690 2546 2321 3
1691 2571 2321 3
1692 2600 2321 3
1693 2574 2321 3
1694 2627 2321 3
1695 2574 2321 3
1696 2664 2321 3
1697 2574 2321 3
1698 2668 2321 3
1699 2770 2321 3
1700 2874 2321 3
1701 2710 2321 3
1702 2874 2321 3
1703 3043 2321 3
1704 2807 2321 3
1705 2703 2321 3
1706 2601 2321 3
1707 2519 2321 3
1708 2490 2321 3
1709 2498 2321 3
1710 2519 2321 3
1711 2572 2321 3
1712 2519 2321 3
1713 2621 2321 3
1714 2519 2321 3
1715 2621 2321 3
1716 2722 2321 3
1717 2751 2321 3
1718 2873 2321 3
1719 2751 2321 3
1720 2873 2321 3
1721 2924 2321 3
1722 3012 2321 3
1723 3021 2321 3
1724 3042 2321 3
1725 2945 2321 3
1726 2914 2321 3
1727 2701 2321 3
1728 2671 2321 3
1729 2650 2321 3
1730 2650 2321 3
1731 2575 2321 3
1732 2539 2321 3
1733 2525 2321 3
1734 2517 2321 3
1735 2517 2321 3
1736 2517 2321 3
1737 2517 2321 3
1738 2525 2321 3
1739 2539 2321 3
1740 2560 2321 3
1741 2596 2321 3
1742 2611 2321 3
1743 2664 2321 3
1744 2611 2321 3
1745 2686 2321 3
1746 2657 2321 3
1747 2657 2321 3
1748 2657 2321 3
1749 2582 2321 3
1750 2567 2321 3
1751 2531 2321 3
1752 2517 2321 3
1753 2531 2321 3
1754 2517 2321 3
1755 2546 2321 3
1756 2599 2321 3
1757 2546 2321 3
1758 2621 2321 3
1759 2546 2321 3
1760 2621 2321 3
1761 2592 2321 3
1762 2517 2321 3
1763 2525 2321 3
1764 2600 2321 3
1765 2711 2321 3
1766 2600 2321 3
1767 2431 2321 3
1768 2356 2321 3
1769 2348 2321 3
1770 2356 2321 3
1771 2377 2321 3
1772 2430 2321 3
1773 2377 2321 3
1774 2452 2321 3
1775 2423 2321 3
1776 2348 2321 3
1777 2423 2321 3
1778 2423 2321 3
1779 2452 2321 3
1780 2482 2321 3
1781 2581 2321 3
1782 2682 2321 3
1783 2823 2321 3
1784 2953 2321 3
1785 3178 2321 3
1786 3177 2321 3
1787 3134 2321 3
1788 3028 2321 3
1789 3036 2321 3
1790 3145 2321 3
1791 3204 2321 3
1792 3145 2321 3
1793 3258 2321 3
1794 3392 2321 3
1795 3036 2321 3
1796 3193 2321 3
1797 3194 2321 3
1798 3298 2321 3
1799 3192 2321 3
1800 2992 2321 3
1801 2841 2321 3
1802 2702 2321 3
1803 2672 2321 3
1804 2672 2321 3
1805 2470 2321 3
1806 2491 2321 3
1807 2470 2321 3
1808 2491 2321 3
1809 2377 2321 3
1810 2348 2321 3
1811 2356 2321 3
1812 2377 2321 3
1813 2430 2321 3
1814 2377 2321 3
1815 2452 2321 3
1816 2377 2321 3
1817 2491 2321 3
1818 2593 2321 3
1819 2593 2321 3
1820 2602 2321 3
1821 2453 2321 3
1822 2423 2321 3
1823 2452 2321 3
1824 2482 2321 3
1825 2581 2321 3
1826 2682 2321 3
1827 2804 2321 3
1828 2953 2321 3
1829 2944 2321 3
1830 2943 2321 3
1831 2642 2321 3
1832 2744 2321 3
1833 2848 2321 3
1834 2742 2321 3
1835 2848 2321 3
1836 2980 2321 3
1837 3031 2321 3
1838 2980 2321 3
1839 3031 2321 3
1840 3153 2321 3
1841 3031 2321 3
1842 3153 2321 3
1843 3223 2321 3
1844 3380 2321 3
Customer 1: 15
B1 ID: 21 D1 ID: 22
Customer 2: 24
B2 ID: 49 D2 ID: 48
-----
Route 1 Before: 50,38,24,4,21,11,13,27,49,18,36,50
Route 2 Before: 50,38,24,4,21,11,13,27,49,18,36,50
-----
---------
Route 1 After: 50,38,24,4,22,11,13,27,48,18,36,50
Route 2 After: 50,38,24,4,22,11,13,27,48,18,36,50
---------
Priority swap cost contribution: -149
1845 3231 2321 3
1846 3097 2321 3
1847 2975 2321 3
1848 2989 2321 3
1849 3133 2321 3
1850 2989 2321 3
1851 3155 2321 3
1852 2949 2321 3
1853 2924 2321 3
1854 2878 2321 3
1855 2656 2321 3
1856 2505 2321 3
1857 2430 2321 3
1858 2430 2321 3
1859 2430 2321 3
1860 2430 2321 3
1861 2505 2321 3
1862 2430 2321 3
1863 2544 2321 3
1864 2646 2321 3
1865 2576 2321 3
1866 2427 2321 3
1867 2378 2321 3
1868 2427 2321 3
1869 2406 2321 3
1870 2331 2321 3
1871 2384 2321 3
1872 2331 2321 3
1873 2406 2321 3
1874 2331 2321 3
1875 2384 2321 3
1876 2331 2321 3
1877 2406 2321 3
1878 2331 2321 3
1879 2406 2321 3
1880 2331 2321 3
1881 2436 2321 3
1882 2453 2321 3
1883 2560 2321 3
Customer 1: 21
B1 ID: 40 D1 ID: 38
Customer 2: 16
B2 ID: 24 D2 ID: 23
-----
Route 1 Before: 50,2,34,30,40,14,50
Route 2 Before: 50,5,27,22,11,13,4,48,24,9,36,50
-----
---------
Route 1 After: 50,2,34,30,38,14,50
Route 2 After: 50,5,27,22,11,13,4,48,23,9,36,50
---------
Priority swap cost contribution: -258
1884 2302 2302 3 psm
1884 2302 2302 3
1885 2321 2302 3
1886 2374 2302 3
1887 2321 2302 3
1888 2415 2302 3
1889 2495 2302 3
1890 2415 2302 3
1891 2584 2302 3
1892 2348 2302 3
1893 2418 2302 3
1894 2348 2302 3
1895 2526 2302 3
1896 2348 2302 3
1897 2526 2302 3
1898 2552 2302 3
1899 2526 2302 3
1900 2596 2302 3
1901 2650 2302 3
1902 2624 2302 3
1903 2650 2302 3
1904 2651 2302 3
1905 2723 2302 3
1906 2845 2302 3
1907 2836 2302 3
1908 2938 2302 3
1909 2836 2302 3
1910 2938 2302 3
1911 3042 2302 3
1912 2936 2302 3
1913 3081 2302 3
1914 3108 2302 3
1915 2936 2302 3
1916 3081 2302 3
1917 3108 2302 3
1918 3149 2302 3
1919 3148 2302 3
1920 3142 2302 3
1921 3042 2302 3
1922 2784 2302 3
1923 2763 2302 3
1924 2784 2302 3
1925 2763 2302 3
1926 2784 2302 3
1927 2978 2302 3
1928 3157 2302 3
1929 3295 2302 3
1930 3108 2302 3
1931 3157 2302 3
1932 3301 2302 3
1933 3424 2302 3
1934 3388 2302 3
1935 3362 2302 3
1936 3377 2302 3
1937 2951 2302 3
1938 2783 2302 3
1939 2791 2302 3
1940 2783 2302 3
1941 2791 2302 3
1942 2833 2302 3
1943 2791 2302 3
1944 2833 2302 3
1945 2935 2302 3
1946 2833 2302 3
1947 2935 2302 3
1948 2944 2302 3
1949 2874 2302 3
1950 2754 2302 3
1951 2753 2302 3
1952 2651 2302 3
1953 2691 2302 3
1954 2651 2302 3
1955 2704 2302 3
1956 2651 2302 3
1957 2726 2302 3
1958 2727 2302 3
1959 2822 2302 3
1960 2727 2302 3
1961 2822 2302 3
1962 2844 2302 3
1963 2836 2302 3
1964 2651 2302 3
1965 2726 2302 3
1966 2735 2302 3
1967 2834 2302 3
1968 2993 2302 3
1969 3017 2302 3
1970 2907 2302 3
1971 3040 2302 3
1972 3032 2302 3
1973 2832 2302 3
1974 2674 2302 3
1975 2675 2302 3
1976 2617 2302 3
1977 2675 2302 3
1978 2741 2302 3
1979 2671 2302 3
1980 2613 2302 3
1981 2671 2302 3
1982 2741 2302 3
1983 2807 2302 3
1984 2675 2302 3
1985 2817 2302 3
1986 2471 2302 3
1987 2524 2302 3
1988 2471 2302 3
1989 2561 2302 3
1990 2471 2302 3
1991 2564 2302 3
1992 2565 2302 3
1993 2647 2302 3
1994 2565 2302 3
1995 2667 2302 3
1996 2771 2302 3
1997 2578 2302 3
1998 2472 2302 3
1999 2382 2302 3
2000 2382 2302 3
2001 2382 2302 3
2002 2382 2302 3
2003 2435 2302 3
2004 2382 2302 3
2005 2472 2302 3
2006 2578 2302 3
2007 2476 2302 3
2008 2475 2302 3
2009 2476 2302 3
2010 2562 2302 3
2011 2664 2302 3
2012 2815 2302 3
2013 2882 2302 3
2014 2815 2302 3
2015 2947 2302 3
2016 2881 2302 3
2017 3022 2302 3
2018 3012 2302 3
2019 3071 2302 3
2020 3192 2302 3
2021 3071 2302 3
2022 3192 2302 3
2023 3128 2302 3
2024 3075 2302 3
2025 2973 2302 3
2026 2865 2302 3
2027 2859 2302 3
2028 2740 2302 3
2029 2560 2302 3
2030 2382 2302 3
2031 2435 2302 3
2032 2382 2302 3
2033 2472 2302 3
2034 2382 2302 3
2035 2475 2302 3
2036 2476 2302 3
2037 2562 2302 3
2038 2476 2302 3
2039 2578 2302 3
2040 2689 2302 3
2041 2578 2302 3
2042 2476 2302 3
2043 2634 2302 3
2044 2686 2302 3
2045 2476 2302 3
2046 2578 2302 3
2047 2476 2302 3
2048 2578 2302 3
2049 2722 2302 3
2050 2814 2302 3
2051 2720 2302 3
2052 2792 2302 3
2053 2721 2302 3
2054 2722 2302 3
2055 2839 2302 3
2056 2839 2302 3
2057 2726 2302 3
2058 2698 2302 3
2059 2628 2302 3
2060 2698 2302 3
2061 2752 2302 3
2062 2726 2302 3
2063 2858 2302 3
2064 3009 2302 3
2065 2945 2302 3
2066 2809 2302 3
2067 2950 2302 3
2068 2809 2302 3
2069 3003 2302 3
2070 2834 2302 3
2071 2985 2302 3
2072 3012 2302 3
2073 3205 2302 3
2074 3198 2302 3
2075 3158 2302 3
2076 3127 2302 3
2077 3136 2302 3
2078 3127 2302 3
2079 3158 2302 3
2080 3127 2302 3
2081 3257 2302 3
2082 3127 2302 3
2083 3319 2302 3
2084 3151 2302 3
2085 3115 2302 3
2086 2937 2302 3
2087 2759 2302 3
2088 2826 2302 3
2089 2640 2302 3
2090 2570 2302 3
2091 2640 2302 3
2092 2570 2302 3
2093 2640 2302 3
2094 2680 2302 3
2095 2831 2302 3
2096 2680 2302 3
2097 2831 2302 3
2098 2680 2302 3
2099 2840 2302 3
2100 2680 2302 3
2101 2536 2302 3
2102 2461 2302 3
2103 2461 2302 3
2104 2461 2302 3
2105 2461 2302 3
2106 2514 2302 3
2107 2461 2302 3
2108 2536 2302 3
2109 2461 2302 3
2110 2536 2302 3
2111 2466 2302 3
2112 2536 2302 3
2113 2466 2302 3
2114 2604 2302 3
2115 2466 2302 3
2116 2635 2302 3
2117 2466 2302 3
2118 2641 2302 3
2119 2426 2302 3
2120 2479 2302 3
2121 2426 2302 3
2122 2496 2302 3
2123 2421 2302 3
2124 2474 2302 3
2125 2421 2302 3
2126 2496 2302 3
2127 2421 2302 3
2128 2535 2302 3
2129 2421 2302 3
2130 2535 2302 3
2131 2689 2302 3
2132 2860 2302 3
2133 3046 2302 3
2134 2860 2302 3
2135 3046 2302 3
2136 2941 2302 3
2137 2844 2302 3
2138 2848 2302 3
2139 2774 2302 3
2140 2734 2302 3
2141 2675 2302 3
2142 2689 2302 3
2143 2860 2302 3
2144 3050 2302 3
2145 2905 2302 3
2146 2867 2302 3
2147 2770 2302 3
2148 2744 2302 3
2149 2576 2302 3
2150 2540 2302 3
2151 2556 2302 3
2152 2540 2302 3
2153 2556 2302 3
2154 2540 2302 3
2155 2576 2302 3
2156 2540 2302 3
2157 2576 2302 3
2158 2616 2302 3
2159 2576 2302 3
2160 2629 2302 3
2161 2576 2302 3
2162 2629 2302 3
2163 2703 2302 3
2164 2629 2302 3
2165 2645 2302 3
2166 2742 2302 3
2167 2632 2302 3
2168 2540 2302 3
2169 2646 2302 3
2170 2840 2302 3
2171 2904 2302 3
2172 2840 2302 3
2173 2826 2302 3
2174 2840 2302 3
2175 2646 2302 3
2176 2632 2302 3
2177 2540 2302 3
2178 2564 2302 3
2179 2540 2302 3
2180 2589 2302 3
2181 2481 2302 3
2182 2391 2302 3
2183 2431 2302 3
2184 2391 2302 3
2185 2431 2302 3
2186 2391 2302 3
2187 2444 2302 3
2188 2391 2302 3
2189 2471 2302 3
2190 2485 2302 3
2191 2565 2302 3
2192 2485 2302 3
2193 2587 2302 3
2194 2481 2302 3
2195 2482 2302 3
2196 2490 2302 3
2197 2481 2302 3
2198 2521 2302 3
2199 2546 2302 3
2200 2471 2302 3
2201 2585 2302 3
2202 2660 2302 3
2203 2656 2302 3
2204 2660 2302 3
2205 2690 2302 3
2206 2661 2302 3
2207 2686 2302 3
2208 2739 2302 3
2209 2806 2302 3
2210 2805 2302 3
2211 2920 2302 3
2212 2934 2302 3
2213 3085 2302 3
2214 2934 2302 3
2215 3121 2302 3
2216 2934 2302 3
2217 2983 2302 3
2218 2881 2302 3
2219 2867 2302 3
2220 2881 2302 3
2221 2752 2302 3
2222 2753 2302 3
2223 2752 2302 3
2224 2805 2302 3
2225 2854 2302 3
2226 2752 2302 3
2227 2871 2302 3
2228 2907 2302 3
2229 2981 2302 3
2230 3055 2302 3
2231 3015 2302 3
2232 3007 2302 3
2233 2885 2302 3
2234 2951 2302 3
2235 2885 2302 3
2236 3007 2302 3
2237 2998 2302 3
2238 2868 2302 3
2239 2650 2302 3
2240 2536 2302 3
2241 2533 2302 3
2242 2533 2302 3
2243 2533 2302 3
2244 2533 2302 3
2245 2536 2302 3
2246 2562 2302 3
2247 2536 2302 3
2248 2576 2302 3
2249 2536 2302 3
2250 2533 2302 3
2251 2536 2302 3
2252 2562 2302 3
2253 2536 2302 3
2254 2562 2302 3
2255 2536 2302 3
2256 2567 2302 3
2257 2533 2302 3
2258 2536 2302 3
2259 2576 2302 3
2260 2536 2302 3
2261 2589 2302 3
2262 2536 2302 3
2263 2633 2302 3
2264 2739 2302 3
2265 2633 2302 3
2266 2739 2302 3
2267 2666 2302 3
2268 2667 2302 3
2269 2675 2302 3
2270 2666 2302 3
2271 2696 2302 3
2272 2666 2302 3
2273 2741 2302 3
2274 2666 2302 3
2275 2780 2302 3
2276 2882 2302 3
2277 2881 2302 3
2278 2740 2302 3
2279 2611 2302 3
2280 2536 2302 3
2281 2567 2302 3
2282 2536 2302 3
2283 2611 2302 3
2284 2612 2302 3
2285 2620 2302 3
2286 2611 2302 3
2287 2536 2302 3
2288 2611 2302 3
2289 2536 2302 3
2290 2650 2302 3
2291 2780 2302 3
2292 2853 2302 3
2293 2852 2302 3
2294 2779 2302 3
2295 2765 2302 3
2296 2701 2302 3
2297 2765 2302 3
2298 2563 2302 3
2299 2643 2302 3
2300 2563 2302 3
2301 2657 2302 3
2302 2811 2302 3
2303 2657 2302 3
2304 2826 2302 3
2305 2815 2302 3
2306 3059 2302 3
2307 3061 2302 3
2308 3172 2302 3
2309 3255 2302 3
2310 3213 2302 3
2311 3184 2302 3
2312 3183 2302 3
2313 2983 2302 3
2314 3012 2302 3
2315 2983 2302 3
2316 3049 2302 3
2317 2983 2302 3
2318 3049 2302 3
2319 3119 2302 3
2320 3098 2302 3
2321 3106 2302 3
2322 3098 2302 3
2323 3106 2302 3
2324 3137 2302 3
2325 3001 2302 3
2326 2871 2302 3
2327 2840 2302 3
2328 2730 2302 3
2329 2554 2302 3
2330 2607 2302 3
2331 2554 2302 3
2332 2609 2302 3
2333 2440 2302 3
2334 2493 2302 3
2335 2440 2302 3
2336 2515 2302 3
2337 2440 2302 3
2338 2540 2302 3
2339 2538 2302 3
2340 2482 2302 3
2341 2582 2302 3
2342 2482 2302 3
2343 2586 2302 3
2344 2540 2302 3
2345 2576 2302 3
2346 2610 2302 3
2347 2656 2302 3
2348 2736 2302 3
2349 2853 2302 3
2350 2837 2302 3
2351 2832 2302 3
2352 2798 2302 3
2353 2715 2302 3
2354 2574 2302 3
2355 2574 2302 3
2356 2574 2302 3
2357 2575 2302 3
2358 2574 2302 3
2359 2598 2302 3
2360 2602 2302 3
2361 2574 2302 3
2362 2598 2302 3
2363 2602 2302 3
2364 2575 2302 3
2365 2602 2302 3
2366 2643 2302 3
2367 2645 2302 3
2368 2625 2302 3
2369 2645 2302 3
2370 2602 2302 3
2371 2670 2302 3
2372 2683 2302 3
2373 2712 2302 3
2374 2682 2302 3
2375 2678 2302 3
2376 2682 2302 3
2377 2752 2302 3
2378 2712 2302 3
2379 2678 2302 3
2380 2682 2302 3
2381 2752 2302 3
2382 2753 2302 3
2383 2847 2302 3
2384 2874 2302 3
2385 2985 2302 3
2386 2990 2302 3
2387 3141 2302 3
2388 3127 2302 3
2389 3141 2302 3
2390 3184 2302 3
2391 3183 2302 3
2392 3297 2302 3
2393 3522 2302 3
2394 3549 2302 3
2395 3545 2302 3
2396 3330 2302 3
2397 3303 2302 3
2398 3250 2302 3
2399 3295 2302 3
2400 3017 2302 3
2401 2911 2302 3
2402 2866 2302 3
2403 2841 2302 3
2404 2771 2302 3
2405 2759 2302 3
2406 2655 2302 3
2407 2691 2302 3
2408 2655 2302 3
2409 2708 2302 3
2410 2655 2302 3
2411 2708 2302 3
2412 2704 2302 3
2413 2651 2302 3
2414 2655 2302 3
2415 2725 2302 3
2416 2655 2302 3
2417 2725 2302 3
2418 2750 2302 3
2419 2725 2302 3
2420 2765 2302 3
2421 2842 2302 3
2422 2843 2302 3
2423 2803 2302 3
2424 2802 2302 3
2425 2803 2302 3
2426 2821 2302 3
2427 2829 2302 3
2428 2725 2302 3
2429 2691 2302 3
2430 2768 2302 3
2431 2769 2302 3
2432 2768 2302 3
2433 2769 2302 3
2434 2773 2302 3
2435 2791 2302 3
2436 2695 2302 3
2437 2795 2302 3
2438 2799 2302 3
2439 2791 2302 3
2440 2799 2302 3
2441 2879 2302 3
2442 2739 2302 3
2443 2686 2302 3
2444 2647 2302 3
2445 2643 2302 3
2446 2642 2302 3
2447 2643 2302 3
2448 2643 2302 3
2449 2643 2302 3
2450 2643 2302 3
2451 2647 2302 3
2452 2634 2302 3
2453 2482 2302 3
2454 2331 2302 3
2455 2384 2302 3
2456 2331 2302 3
2457 2406 2302 3
2458 2406 2302 3
2459 2482 2302 3
2460 2509 2302 3
2461 2533 2302 3
2462 2509 2302 3
2463 2482 2302 3
2464 2406 2302 3
2465 2482 2302 3
2466 2518 2302 3
2467 2482 2302 3
2468 2509 2302 3
2469 2631 2302 3
2470 2631 2302 3
2471 2453 2302 3
2472 2436 2302 3
2473 2453 2302 3
2474 2498 2302 3
2475 2331 2302 3
2476 2384 2302 3
2477 2331 2302 3
2478 2406 2302 3
2479 2331 2302 3
2480 2436 2302 3
2481 2453 2302 3
2482 2498 2302 3
2483 2490 2302 3
2484 2490 2302 3
2485 2498 2302 3
2486 2490 2302 3
2487 2511 2302 3
2488 2511 2302 3
2489 2511 2302 3
2490 2449 2302 3
2491 2395 2302 3
2492 2398 2302 3
2493 2412 2302 3
2494 2514 2302 3
2495 2412 2302 3
2496 2514 2302 3
2497 2535 2302 3
2498 2617 2302 3
2499 2643 2302 3
2500 2770 2302 3
2501 2884 2302 3
2502 2770 2302 3
2503 2884 2302 3
2504 2541 2302 3
2505 2520 2302 3
2506 2658 2302 3
2507 2520 2302 3
2508 2658 2302 3
2509 2520 2302 3
2510 2622 2302 3
2511 2520 2302 3
2512 2622 2302 3
2513 2520 2302 3
2514 2658 2302 3
2515 2822 2302 3
2516 2685 2302 3
2517 2603 2302 3
2518 2465 2302 3
2519 2457 2302 3
2520 2449 2302 3
2521 2445 2302 3
2522 2445 2302 3
2523 2445 2302 3
2524 2453 2302 3
2525 2445 2302 3
2526 2461 2302 3
2527 2489 2302 3
2528 2515 2302 3
2529 2490 2302 3
2530 2521 2302 3
2531 2529 2302 3
2532 2490 2302 3
2533 2526 2302 3
2534 2566 2302 3
2535 2526 2302 3
2536 2567 2302 3
2537 2571 2302 3
2538 2633 2302 3
2539 2609 2302 3
2540 2679 2302 3
2541 2609 2302 3
2542 2719 2302 3
2543 2700 2302 3
2544 2798 2302 3
2545 2895 2302 3
2546 2955 2302 3
2547 2819 2302 3
2548 2948 2302 3
2549 3103 2302 3
2550 2878 2302 3
2551 2825 2302 3
2552 2823 2302 3
2553 2806 2302 3
2554 2811 2302 3
2555 2860 2302 3
2556 2686 2302 3
2557 2584 2302 3
2558 2539 2302 3
2559 2510 2302 3
2560 2515 2302 3
2561 2531 2302 3
2562 2438 2302 3
2563 2430 2302 3
2564 2438 2302 3
2565 2459 2302 3
2566 2504 2302 3
2567 2557 2302 3
2568 2647 2302 3
2569 2557 2302 3
2570 2647 2302 3
2571 2647 2302 3
2572 2647 2302 3
2573 2647 2302 3
2574 2598 2302 3
2575 2647 2302 3
2576 2717 2302 3
2577 2587 2302 3
2578 2538 2302 3
2579 2587 2302 3
2580 2719 2302 3
2581 2854 2302 3
2582 2782 2302 3
2583 2678 2302 3
2584 2546 2302 3
2585 2497 2302 3
2586 2546 2302 3
2587 2616 2302 3
2588 2546 2302 3
2589 2645 2302 3
2590 2757 2302 3
2591 2753 2302 3
2592 2705 2302 3
2593 2593 2302 3
2594 2494 2302 3
2595 2392 2302 3
2596 2339 2302 3
2597 2347 2302 3
2598 2339 2302 3
2599 2368 2302 3
2600 2391 2302 3
2602 2391 2302 3
2603 2444 2302 3
2604 2514 2302 3
2605 2440 2302 3
2606 2400 2302 3
2607 2421 2302 3
2608 2400 2302 3
2609 2440 2302 3
2610 2514 2302 3
2611 2440 2302 3
2612 2514 2302 3
2613 2616 2302 3
2614 2616 2302 3
2615 2555 2302 3
2616 2532 2302 3
2617 2642 2302 3
2618 2761 2302 3
2619 2659 2302 3
2620 2685 2302 3
2621 2785 2302 3
2622 2767 2302 3
2623 2744 2302 3
2624 2767 2302 3
2625 2741 2302 3
2626 2568 2302 3
2627 2449 2302 3
2628 2449 2302 3
2629 2347 2302 3
2630 2339 2302 3
2631 2347 2302 3
2632 2368 2302 3
2633 2391 2302 3
2634 2444 2302 3
2635 2391 2302 3
2636 2461 2302 3
2637 2527 2302 3
2638 2457 2302 3
2639 2451 2302 3
2640 2457 2302 3
2641 2527 2302 3
2642 2548 2302 3
2643 2540 2302 3
2644 2548 2302 3
2645 2527 2302 3
2646 2593 2302 3
2647 2527 2302 3
2648 2593 2302 3
2649 2527 2302 3
2650 2629 2302 3
2651 2559 2302 3
2652 2510 2302 3
2653 2559 2302 3
2654 2665 2302 3
2655 2665 2302 3
2656 2656 2302 3
2657 2586 2302 3
2658 2482 2302 3
2659 2538 2302 3
2660 2540 2302 3
2661 2576 2302 3
2662 2540 2302 3
2663 2586 2302 3
2664 2626 2302 3
2665 2690 2302 3
2666 2784 2302 3
2667 2580 2302 3
2668 2693 2302 3
2669 2810 2302 3
2670 2781 2302 3
2671 2780 2302 3
2672 2780 2302 3
2673 2780 2302 3
2674 2781 2302 3
2675 2780 2302 3
2676 2808 2302 3
2677 2804 2302 3
2678 2808 2302 3
2679 2809 2302 3
2680 2839 2302 3
2681 2838 2302 3
2682 2800 2302 3
2683 2838 2302 3
2684 2800 2302 3
2685 2839 2302 3
2686 2808 2302 3
2687 2804 2302 3
2689 2715 2302 3
2690 2602 2302 3
2691 2578 2302 3
2692 2578 2302 3
2693 2579 2302 3
2694 2578 2302 3
2695 2579 2302 3
2696 2606 2302 3
2697 2602 2302 3
2698 2606 2302 3
2699 2659 2302 3
2700 2606 2302 3
2701 2578 2302 3
2702 2555 2302 3
2703 2555 2302 3
2704 2555 2302 3
2705 2574 2302 3
2706 2555 2302 3
2707 2578 2302 3
2708 2579 2302 3
2709 2606 2302 3
2710 2579 2302 3
2711 2606 2302 3
2712 2602 2302 3
2713 2567 2302 3
2714 2589 2302 3
2715 2567 2302 3
2716 2616 2302 3
2717 2602 2302 3
2718 2606 2302 3
2719 2634 2302 3
2720 2566 2302 3
2721 2538 2302 3
2722 2515 2302 3
2723 2538 2302 3
2724 2539 2302 3
2725 2566 2302 3
2726 2539 2302 3
2727 2566 2302 3
2728 2562 2302 3
2729 2527 2302 3
2730 2549 2302 3
2731 2527 2302 3
2732 2562 2302 3
2733 2566 2302 3
2734 2598 2302 3
2735 2551 2302 3
2736 2598 2302 3
2737 2666 2302 3
2738 2634 2302 3
2739 2687 2302 3
2740 2711 2302 3
2741 2811 2302 3
2742 2859 2302 3
2743 2969 2302 3
2744 2969 2302 3
2745 3039 2302 3
2746 2969 2302 3
2747 3039 2302 3
2748 3039 2302 3
2749 2929 2302 3
2750 2928 2302 3
2751 2940 2302 3
2752 2917 2302 3
2753 2695 2302 3
2754 2695 2302 3
2755 2661 2302 3
2756 2662 2302 3
2757 2661 2302 3
2758 2662 2302 3
2759 2661 2302 3
2760 2662 2302 3
2761 2691 2302 3
2762 2720 2302 3
2763 2754 2302 3
2764 2777 2302 3
2765 2764 2302 3
2766 2724 2302 3
2767 2760 2302 3
2768 2724 2302 3
2769 2760 2302 3
2770 2761 2302 3
2771 2833 2302 3
2772 2766 2302 3
2773 2830 2302 3
2774 2838 2302 3
2775 2700 2302 3
2776 2671 2302 3
2777 2667 2302 3
2778 2664 2302 3
2779 2656 2302 3
2780 2596 2302 3
2781 2596 2302 3
2782 2557 2302 3
2783 2558 2302 3
2784 2557 2302 3
2785 2558 2302 3
2786 2557 2302 3
2787 2558 2302 3
2788 2559 2302 3
2789 2558 2302 3
2790 2559 2302 3
2791 2558 2302 3
2792 2586 2302 3
2793 2562 2302 3
2794 2588 2302 3
2795 2562 2302 3
2796 2588 2302 3
2797 2614 2302 3
2798 2588 2302 3
2799 2624 2302 3
2800 2551 2302 3
2801 2515 2302 3
2802 2486 2302 3
2803 2461 2302 3
2804 2453 2302 3
2805 2445 2302 3
2806 2445 2302 3
2807 2453 2302 3
2808 2457 2302 3
2809 2398 2302 3
2810 2395 2302 3
2811 2398 2302 3
2812 2412 2302 3
2813 2465 2302 3
2814 2412 2302 3
2815 2514 2302 3
2816 2412 2302 3
2817 2581 2302 3
2818 2570 2302 3
2819 2839 2302 3
2820 2570 2302 3
2821 2839 2302 3
2822 2946 2302 3
2823 2834 2302 3
2824 2835 2302 3
2825 3106 2302 3
2826 2835 2302 3
2827 2941 2302 3
2828 2835 2302 3
2829 2937 2302 3
2830 2835 2302 3
2831 3114 2302 3
2832 2973 2302 3
2833 2932 2302 3
2834 2917 2302 3
2835 2839 2302 3
2836 2828 2302 3
2837 2806 2302 3
2838 2811 2302 3
2839 2769 2302 3
2840 2657 2302 3
2841 2574 2302 3
2842 2630 2302 3
2843 2574 2302 3
2844 2678 2302 3
2845 2632 2302 3
2846 2651 2302 3
2847 2685 2302 3
2848 2746 2302 3
2849 2836 2302 3
2850 2701 2302 3
2851 2612 2302 3
2852 2499 2302 3
2853 2499 2302 3
2854 2499 2302 3
2855 2499 2302 3
2856 2510 2302 3
2857 2341 2302 3
2858 2377 2302 3
2859 2341 2302 3
2860 2394 2302 3
2861 2341 2302 3
2862 2397 2302 3
2863 2341 2302 3
2864 2454 2302 3
2865 2341 2302 3
2866 2471 2302 3
2867 2551 2302 3
2868 2527 2302 3
2869 2547 2302 3
2870 2484 2302 3
2871 2298 2298 3 two opt
2871 2298 2298 3
2872 2290 2290 3 relocate
2872 2290 2290 3
2873 2298 2290 3
2874 2373 2290 3
2875 2298 2290 3
2876 2406 2290 3
2877 2298 2290 3
2878 2412 2290 3
2879 2514 2290 3
2880 2576 2290 3
2881 2567 2290 3
2882 2576 2290 3
2883 2427 2290 3
2884 2571 2290 3
2885 2615 2290 3
2886 2716 2290 3
2887 2865 2290 3
2888 2856 2290 3
2889 2855 2290 3
2890 2554 2290 3
2891 2656 2290 3
2892 2554 2290 3
2893 2740 2290 3
2894 2743 2290 3
2895 2781 2290 3
2896 2685 2290 3
2897 2682 2290 3
2898 2683 2290 3
2899 2682 2290 3
2900 2685 2290 3
2901 2725 2290 3
2902 2790 2290 3
2903 2792 2290 3
2904 2844 2290 3
2905 2769 2290 3
2906 2765 2290 3
2907 2788 2290 3
2908 2765 2290 3
2909 2788 2290 3
2910 2765 2290 3
2911 2791 2290 3
2912 2847 2290 3
2913 2866 2290 3
2914 2897 2290 3
2915 2950 2290 3
2916 2960 2290 3
2917 2854 2290 3
2918 2967 2290 3
2919 2892 2290 3
2920 2957 2290 3
2921 3046 2290 3
2922 3167 2290 3
2923 3097 2290 3
2924 2938 2290 3
2925 2808 2290 3
2926 2750 2290 3
2927 2498 2290 3
2928 2472 2290 3
2929 2480 2290 3
2930 2472 2290 3
2931 2498 2290 3
2932 2502 2290 3
2933 2316 2290 3
2934 2365 2290 3
2935 2316 2290 3
2936 2369 2290 3
2937 2316 2290 3
2938 2378 2290 3
2939 2467 2290 3
2940 2516 2290 3
2941 2547 2290 3
2942 2546 2290 3
2943 2471 2290 3
2944 2479 2290 3
2945 2471 2290 3
2946 2480 2290 3
2947 2594 2290 3
2948 2696 2290 3
2949 2656 2290 3
2950 2726 2290 3
2951 2735 2290 3
2952 2843 2290 3
2953 2735 2290 3
2954 2854 2290 3
2955 2814 2290 3
2956 2780 2290 3
2957 2753 2290 3
2958 2752 2290 3
2959 2756 2290 3
2960 2765 2290 3
2961 2792 2290 3
2962 2832 2290 3
2963 2792 2290 3
2964 2832 2290 3
2965 2792 2290 3
2966 2783 2290 3
2967 2656 2290 3
2968 2696 2290 3
2969 2656 2290 3
2970 2726 2290 3
2971 2656 2290 3
2972 2755 2290 3
2973 2867 2290 3
2974 2834 2290 3
2975 2705 2290 3
2976 2706 2290 3
2977 2705 2290 3
2978 2706 2290 3
2979 2702 2290 3
2980 2706 2290 3
2981 2734 2290 3
2982 2725 2290 3
2983 2697 2290 3
2984 2725 2290 3
2985 2697 2290 3
2986 2753 2290 3
2987 2880 2290 3
2988 2826 2290 3
2989 2706 2290 3
2990 2820 2290 3
2991 2819 2290 3
2992 2828 2290 3
2993 2819 2290 3
2994 2921 2290 3
2995 2797 2290 3
2996 2764 2290 3
2997 2662 2290 3
2998 2658 2290 3
2999 2658 2290 3
3000 2658 2290 3
3001 2658 2290 3
3002 2658 2290 3
3003 2658 2290 3
3004 2658 2290 3
3005 2658 2290 3
3006 2658 2290 3
3007 2662 2290 3
3008 2706 2290 3
3009 2706 2290 3
3010 2705 2290 3
3011 2711 2290 3
3012 2698 2290 3
3013 2662 2290 3
3014 2662 2290 3
3015 2633 2290 3
3016 2662 2290 3
3017 2633 2290 3
3018 2665 2290 3
3019 2633 2290 3
3020 2665 2290 3
3021 2665 2290 3
3022 2498 2290 3
3023 2482 2290 3
3024 2406 2290 3
3025 2331 2290 3
3026 2384 2290 3
3027 2331 2290 3
3028 2406 2290 3
3029 2406 2290 3
3030 2482 2290 3
3031 2509 2290 3
3032 2598 2290 3
3033 2632 2290 3
3034 2632 2290 3
3035 2632 2290 3
3036 2586 2290 3
3037 2482 2290 3
3038 2538 2290 3
3039 2482 2290 3
3040 2538 2290 3
3041 2540 2290 3
3042 2440 2290 3
3043 2515 2290 3
3044 2524 2290 3
3045 2623 2290 3
3046 2724 2290 3
3047 2832 2290 3
3048 2815 2290 3
3049 2557 2290 3
3050 2632 2290 3
3051 2672 2290 3
3052 2811 2290 3
3053 2803 2290 3
3054 2917 2290 3
3055 3081 2290 3
3056 2944 2290 3
3057 2893 2290 3
3058 2872 2290 3
3059 2870 2290 3
3060 2871 2290 3
3061 2788 2290 3
3062 2653 2290 3
3063 2563 2290 3
3064 2527 2290 3
3065 2511 2290 3
3066 2510 2290 3
3067 2451 2290 3
3068 2465 2290 3
3069 2567 2290 3
3070 2465 2290 3
3071 2567 2290 3
3072 2465 2290 3
3073 2634 2290 3
3074 2342 2290 3
3075 2395 2290 3
3076 2342 2290 3
3077 2444 2290 3
3078 2342 2290 3
3079 2378 2290 3
3080 2342 2290 3
3081 2444 2290 3
3082 2555 2290 3
3083 2444 2290 3
3084 2342 2290 3
3085 2472 2290 3
3086 2558 2290 3
3087 2472 2290 3
3088 2630 2290 3
3089 2613 2290 3
3090 2630 2290 3
3091 2746 2290 3
3092 2472 2290 3
3093 2574 2290 3
3094 2472 2290 3
3095 2574 2290 3
3096 2718 2290 3
3097 2810 2290 3
3098 2809 2290 3
3099 2780 2290 3
3100 2342 2290 3
3101 2431 2290 3
3102 2533 2290 3
3103 2684 2290 3
3104 2515 2290 3
3105 2440 2290 3
3106 2515 2290 3
3107 2656 2290 3
3108 2515 2290 3
3109 2586 2290 3
3110 2540 2290 3
3111 2538 2290 3
3112 2540 2290 3
3113 2657 2290 3
3114 2628 2290 3
3115 2627 2290 3
3116 2641 2290 3
3117 2665 2290 3
3118 2641 2290 3
3119 2669 2290 3
3120 2657 2290 3
3121 2669 2290 3
3122 2540 2290 3
3123 2665 2290 3
3124 2669 2290 3
3125 2655 2290 3
3126 2628 2290 3
3127 2627 2290 3
3128 2651 2290 3
3129 2655 2290 3
3130 2656 2290 3
3131 2696 2290 3
3132 2749 2290 3
3133 2756 2290 3
3134 2843 2290 3
3135 2854 2290 3
3136 2847 2290 3
3137 2846 2290 3
3138 2846 2290 3
3139 2848 2290 3
3140 2781 2290 3
3141 2766 2290 3
3142 2805 2290 3
3143 2812 2290 3
3144 2805 2290 3
3145 2812 2290 3
3146 2882 2290 3
3147 2812 2290 3
3148 2945 2290 3
3149 2812 2290 3
3150 2776 2290 3
3151 2765 2290 3
3152 2659 2290 3
3153 2617 2290 3
3154 2589 2290 3
3155 2566 2290 3
3156 2608 2290 3
3157 2566 2290 3
3158 2619 2290 3
3159 2566 2290 3
3160 2636 2290 3
3161 2566 2290 3
3162 2636 2290 3
3163 2637 2290 3
3164 2570 2290 3
3165 2672 2290 3
3166 2615 2290 3
3167 2615 2290 3
3168 2621 2290 3
3169 2593 2290 3
3170 2615 2290 3
3171 2621 2290 3
3172 2648 2290 3
3173 2621 2290 3
3174 2731 2290 3
3175 2663 2290 3
3176 2641 2290 3
3177 2565 2290 3
3178 2565 2290 3
3179 2565 2290 3
3180 2565 2290 3
3181 2587 2290 3
3182 2562 2290 3
3183 2487 2290 3
3184 2508 2290 3
3185 2339 2290 3
3186 2347 2290 3
3187 2339 2290 3
3188 2392 2290 3
3189 2339 2290 3
3190 2414 2290 3
3191 2339 2290 3
3192 2461 2290 3
3193 2563 2290 3
3194 2563 2290 3
3195 2414 2290 3
3196 2422 2290 3
3197 2422 2290 3
3198 2347 2290 3
3199 2461 2290 3
3200 2563 2290 3
3201 2584 2290 3
3202 2422 2290 3
3203 2373 2290 3
3204 2365 2290 3
3205 2373 2290 3
3206 2422 2290 3
3207 2488 2290 3
3208 2418 2290 3
3209 2369 2290 3
3210 2361 2290 3
3211 2369 2290 3
3212 2418 2290 3
3213 2488 2290 3
3214 2448 2290 3
3215 2449 2290 3
3216 2448 2290 3
3217 2469 2290 3
3218 2511 2290 3
3219 2652 2290 3
3220 2631 2290 3
3221 2652 2290 3
3222 2779 2290 3
3223 2752 2290 3
3224 2761 2290 3
3225 2664 2290 3
3226 2622 2290 3
3227 2584 2290 3
3228 2584 2290 3
3229 2440 2290 3
3230 2391 2290 3
3231 2399 2290 3
3232 2391 2290 3
3233 2420 2290 3
3234 2462 2290 3
3235 2420 2290 3
3236 2469 2290 3
3237 2420 2290 3
3238 2473 2290 3
3239 2420 2290 3
3240 2561 2290 3
3241 2540 2290 3
3242 2561 2290 3
3243 2420 2290 3
3244 2399 2290 3
3245 2420 2290 3
3246 2561 2290 3
3247 2730 2290 3
3248 2561 2290 3
3249 2748 2290 3
3250 2847 2290 3
3251 3073 2290 3
3252 3039 2290 3
3253 3155 2290 3
3254 2955 2290 3
3255 2841 2290 3
3256 2814 2290 3
3257 2841 2290 3
3258 2955 2290 3
3259 2934 2290 3
3260 2793 2290 3
3261 2820 2290 3
3262 2934 2290 3
3263 2928 2290 3
3264 3040 2290 3
3265 2918 2290 3
3266 2812 2290 3
3267 2785 2290 3
3268 2812 2290 3
3269 2804 2290 3
3270 2812 2290 3
3271 2918 2290 3
3272 2926 2290 3
3273 3040 2290 3
3274 3144 2290 3
3275 3195 2290 3
3276 3276 2290 3
3277 3377 2290 3
3278 3326 2290 3
3279 3220 2290 3
3280 3200 2290 3
3281 3319 2290 3
3282 3200 2290 3
3283 3346 2290 3
3284 3200 2290 3
3285 3346 2290 3
3286 3266 2290 3
3287 3266 2290 3
3288 3259 2290 3
3289 3332 2290 3
3290 3335 2290 3
3291 3443 2290 3
3292 3335 2290 3
3293 3443 2290 3
3294 3538 2290 3
3295 3555 2290 3
3296 3547 2290 3
3297 3571 2290 3
3298 3537 2290 3
3299 3541 2290 3
3300 3257 2290 3
3301 2984 2290 3
3302 2797 2290 3
3303 2744 2290 3
3304 2744 2290 3
3305 2744 2290 3
3306 2744 2290 3
3307 2744 2290 3
3308 2759 2290 3
3309 2755 2290 3
3310 2740 2290 3
3311 2740 2290 3
3312 2740 2290 3
3313 2755 2290 3
3314 2740 2290 3
3315 2755 2290 3
3316 2752 2290 3
3317 2648 2290 3
3318 2621 2290 3
3319 2621 2290 3
3320 2621 2290 3
3321 2621 2290 3
3322 2636 2290 3
3323 2636 2290 3
3324 2663 2290 3
3325 2636 2290 3
3326 2666 2290 3
3327 2636 2290 3
3328 2670 2290 3
3329 2636 2290 3
3330 2670 2290 3
3331 2671 2290 3
3332 2640 2290 3
3333 2697 2290 3
3334 2769 2290 3
3335 2864 2290 3
3336 2912 2290 3
3337 2908 2290 3
3338 2918 2290 3
3339 2768 2290 3
3340 2715 2290 3
3341 2721 2290 3
3342 2646 2290 3
3343 2604 2290 3
3344 2583 2290 3
3345 2549 2290 3
3346 2553 2290 3
3347 2566 2290 3
3348 2335 2290 3
3349 2343 2290 3
3350 2335 2290 3
3351 2388 2290 3
3352 2335 2290 3
3353 2405 2290 3
3354 2335 2290 3
3355 2410 2290 3
3356 2335 2290 3
3357 2410 2290 3
3358 2410 2290 3
3359 2418 2290 3
3360 2587 2290 3
3361 2418 2290 3
3362 2612 2290 3
3363 2812 2290 3
3364 2612 2290 3
3365 2832 2290 3
3366 2983 2290 3
3367 3010 2290 3
3368 2997 2290 3
3369 3061 2290 3
3370 3202 2290 3
3371 3329 2290 3
3372 3202 2290 3
3373 3329 2290 3
3374 3396 2290 3
3375 3202 2290 3
3376 3024 2290 3
3377 2910 2290 3
3378 2850 2290 3
3379 2609 2290 3
3380 2609 2290 3
3381 2487 2290 3
3382 2385 2290 3
3383 2377 2290 3
3384 2385 2290 3
3385 2406 2290 3
3386 2451 2290 3
3387 2457 2290 3
3388 2510 2290 3
3389 2457 2290 3
3391 2457 2290 3
3392 2559 2290 3
3393 2559 2290 3
3395 2665 2290 3
3396 2616 2290 3
3397 2724 2290 3
3398 2616 2290 3
3399 2764 2290 3
3400 2764 2290 3
3401 2755 2290 3
3402 2740 2290 3
3403 2614 2290 3
3404 2515 2290 3
3405 2440 2290 3
3406 2493 2290 3
3407 2440 2290 3
3408 2515 2290 3
3409 2516 2290 3
3410 2624 2290 3
3411 2516 2290 3
3412 2685 2290 3
3413 2630 2290 3
3414 2824 2290 3
3415 2820 2290 3
3416 3020 2290 3
3417 3232 2290 3
3418 3134 2290 3
3419 3273 2290 3
3420 3211 2290 3
3421 3100 2290 3
3422 3127 2290 3
3423 3100 2290 3
3424 3134 2290 3
3425 3135 2290 3
3426 3104 2290 3
3427 3104 2290 3
3428 3135 2290 3
3429 3141 2290 3
3430 3190 2290 3
3431 3184 2290 3
3432 3183 2290 3
3433 3225 2290 3
3434 3289 2290 3
3435 3266 2290 3
3436 3252 2290 3
3437 3243 2290 3
3438 3206 2290 3
3439 3185 2290 3
3440 3185 2290 3
3441 3027 2290 3
3442 2955 2290 3
3443 2959 2290 3
3444 3012 2290 3
3445 3067 2290 3
3446 3012 2290 3
3447 3067 2290 3
3448 3014 2290 3
3449 2959 2290 3
3450 2955 2290 3
3452 2951 2290 3
3453 2955 2290 3
3454 2962 2290 3
3455 2985 2290 3
3456 3030 2290 3
3457 3083 2290 3
3458 3030 2290 3
3459 3083 2290 3
3460 3030 2290 3
3461 3085 2290 3
3462 3050 2290 3
3463 2946 2290 3
3464 2942 2290 3
3465 2945 2290 3
3466 2942 2290 3
3467 2945 2290 3
3468 2942 2290 3
3469 2946 2290 3
3470 3001 2290 3
3471 3056 2290 3
3472 3049 2290 3
3473 2994 2290 3
3474 3000 2290 3
3475 2994 2290 3
3476 3000 2290 3
3478 2935 2290 3
3479 2909 2290 3
3480 2931 2290 3
3481 2909 2290 3
3482 2931 2290 3
3483 2909 2290 3
3484 2935 2290 3
3485 2936 2290 3
3486 2933 2290 3
3487 2937 2290 3
3488 2797 2290 3
3489 2824 2290 3
3490 2797 2290 3
3491 2824 2290 3
3492 2797 2290 3
3493 2827 2290 3
3494 2797 2290 3
3495 2827 2290 3
3496 2658 2290 3
3497 2688 2290 3
3498 2697 2290 3
3499 2658 2290 3
3500 2685 2290 3
3501 2658 2290 3
3502 2685 2290 3
3503 2734 2290 3
3504 2685 2290 3
3505 2738 2290 3
3506 2685 2290 3
3507 2854 2290 3
3508 2799 2290 3
3509 2986 2290 3
3510 2799 2290 3
3511 2986 2290 3
3512 3085 2290 3
3513 3249 2290 3
3514 3023 2290 3
3515 3209 2290 3
3517 3103 2290 3
3518 3103 2290 3
3519 3246 2290 3
3520 3103 2290 3
3521 3246 2290 3
3522 3254 2290 3
3523 3450 2290 3
3524 3250 2290 3
3525 3112 2290 3
3526 3001 2290 3
3527 2957 2290 3
3528 2948 2290 3
3529 2915 2290 3
3530 2705 2290 3
3531 2493 2290 3
3532 2501 2290 3
3533 2493 2290 3
3534 2546 2290 3
3535 2493 2290 3
3536 2548 2290 3
3537 2379 2290 3
3538 2387 2290 3
3539 2379 2290 3
3540 2432 2290 3
3541 2379 2290 3
3542 2454 2290 3
3543 2379 2290 3
3544 2487 2290 3
3545 2487 2290 3
3546 2461 2290 3
3547 2583 2290 3
3548 2685 2290 3
3549 2656 2290 3
3550 2685 2290 3
3551 2603 2290 3
3552 2652 2290 3
3553 2514 2290 3
3554 2576 2290 3
3555 2646 2290 3
3556 2514 2290 3
3557 2658 2290 3
3558 2766 2290 3
3559 2658 2290 3
3560 2766 2290 3
3561 2758 2290 3
3562 2754 2290 3
3563 2640 2290 3
3564 2660 2290 3
3565 2668 2290 3
3566 2699 2290 3
3567 2707 2290 3
3568 2708 2290 3
3569 2668 2290 3
3570 2761 2290 3
3571 2668 2290 3
3572 2762 2290 3
3573 2668 2290 3
3574 2762 2290 3
3575 2859 2290 3
3576 2808 2290 3
3577 2832 2290 3
3578 2808 2290 3
3579 2847 2290 3
3580 2610 2290 3
3581 2602 2290 3
3582 2608 2290 3
3583 2374 2290 3
3584 2382 2290 3
3585 2374 2290 3
3586 2403 2290 3
3588 2582 2290 3
3589 2452 2290 3
3590 2350 2290 3
3591 2321 2290 3
3592 2329 2290 3
3593 2350 2290 3
3594 2452 2290 3
3595 2452 2290 3
3596 2423 2290 3
3597 2550 2290 3
3598 2423 2290 3
3599 2550 2290 3
3600 2423 2290 3
3601 2423 2290 3
3602 2321 2290 3
3603 2329 2290 3
3604 2321 2290 3
3605 2350 2290 3
3606 2403 2290 3
3607 2350 2290 3
3608 2452 2290 3
3609 2452 2290 3
3610 2431 2290 3
3611 2452 2290 3
3612 2452 2290 3
3613 2350 2290 3
3614 2478 2290 3
3615 2600 2290 3
3616 2350 2290 3
3617 2491 2290 3
3618 2350 2290 3
3619 2491 2290 3
3620 2660 2290 3
3621 2491 2290 3
3622 2681 2290 3
3623 2350 2290 3
3624 2491 2290 3
3625 2692 2290 3
3626 2692 2290 3
3627 2804 2290 3
3628 2777 2290 3
3629 2760 2290 3
3630 2774 2290 3
3631 2760 2290 3
3632 2803 2290 3
3633 2868 2290 3
3634 2794 2290 3
3635 2751 2290 3
3636 2766 2290 3
3637 2751 2290 3
3638 2768 2290 3
3639 2819 2290 3
3640 2768 2290 3
3641 2819 2290 3
3642 2827 2290 3
3643 2853 2290 3
3644 2969 2290 3
3645 3108 2290 3
3646 3214 2290 3
3647 3435 2290 3
3648 3439 2290 3
3649 3214 2290 3
3650 3439 2290 3
3651 3466 2290 3
3652 3280 2290 3
3653 3253 2290 3
3654 3108 2290 3
3655 3253 2290 3
3656 3216 2290 3
3657 3410 2290 3
3658 3409 2290 3
3659 3611 2290 3
3660 3483 2290 3
3661 3455 2290 3
3662 3483 2290 3
3663 3455 2290 3
3665 3817 2290 3
3666 3548 2290 3
3667 3419 2290 3
3668 3471 2290 3
3669 3419 2290 3
3670 3489 2290 3
3671 3555 2290 3
3672 3666 2290 3
3673 3705 2290 3
3674 3688 2290 3
3675 3312 2290 3
3676 3112 2290 3
3677 2957 2290 3
3678 2817 2290 3
3679 2670 2290 3
3680 2617 2290 3
3681 2588 2290 3
3682 2573 2290 3
3683 2537 2290 3
3684 2523 2290 3
3685 2524 2290 3
3686 2523 2290 3
3687 2524 2290 3
3688 2523 2290 3
3689 2537 2290 3
3690 2523 2290 3
3691 2538 2290 3
3692 2523 2290 3
3693 2538 2290 3
3694 2538 2290 3
3695 2356 2290 3
3696 2348 2290 3
3697 2356 2290 3
3699 2470 2290 3
3700 2491 2290 3
3701 2544 2290 3
3702 2491 2290 3
3703 2566 2290 3
3704 2491 2290 3
3705 2605 2290 3
3706 2491 2290 3
3707 2470 2290 3
3708 2491 2290 3
3709 2566 2290 3
3710 2567 2290 3
3711 2666 2290 3
3712 2767 2290 3
3713 2897 2290 3
3714 3046 2290 3
3715 3037 2290 3
3716 3036 2290 3
3717 2735 2290 3
3718 2837 2290 3
3719 2959 2290 3
3720 3035 2290 3
3721 3043 2290 3
3722 3153 2290 3
3723 3268 2290 3
3724 3153 2290 3
3725 3268 2290 3
3726 3250 2290 3
3727 3134 2290 3
3728 3234 2290 3
3729 3134 2290 3
3730 3250 2290 3
3731 3294 2290 3
3732 3289 2290 3
3733 3281 2290 3
3734 3289 2290 3
3735 3281 2290 3
3736 3422 2290 3
3737 3308 2290 3
3738 3422 2290 3
3739 3635 2290 3
3740 3494 2290 3
3741 3510 2290 3
3742 3504 2290 3
3743 3417 2290 3
3744 3295 2290 3
3745 3217 2290 3
3746 3046 2290 3
3747 3046 2290 3
3748 2978 2290 3
3749 2951 2290 3
3750 2897 2290 3
3751 2857 2290 3
3753 2862 2290 3
3754 2878 2290 3
3755 2862 2290 3
3756 2891 2290 3
3757 2931 2290 3
3758 2984 2290 3
3759 3037 2290 3
3760 2984 2290 3
3761 3037 2290 3
3762 2984 2290 3
3763 3061 2290 3
3764 2984 2290 3
3765 3061 2290 3
3766 3129 2290 3
3767 3088 2290 3
3768 3229 2290 3
3769 3208 2290 3
3770 3314 2290 3
3771 3200 2290 3
3772 3284 2290 3
3773 3200 2290 3
3774 3284 2290 3
3775 3257 2290 3
3776 3252 2290 3
3777 3257 2290 3
3778 3252 2290 3
3779 3257 2290 3
3780 3275 2290 3
3781 3095 2290 3
3782 3095 2290 3
3783 3095 2290 3
3784 3095 2290 3
3785 3095 2290 3
3786 3095 2290 3
3787 3068 2290 3
3788 3075 2290 3
3789 3082 2290 3
3790 2917 2290 3
3791 2796 2290 3
3792 2723 2290 3
3793 2670 2290 3
3794 2617 2290 3
3795 2581 2290 3
3796 2585 2290 3
3797 2581 2290 3
3798 2585 2290 3
3799 2601 2290 3
3800 2585 2290 3
3801 2612 2290 3
3802 2636 2290 3
3803 2621 2290 3
3804 2658 2290 3
3805 2674 2290 3
3806 2708 2290 3
3807 2761 2290 3
3808 2823 2290 3
3809 2823 2290 3
3811 2912 2290 3
3812 2899 2290 3
3813 2747 2290 3
3814 2663 2290 3
3815 2610 2290 3
3816 2576 2290 3
3817 2540 2290 3
3818 2440 2290 3
3819 2493 2290 3
3820 2440 2290 3
3821 2515 2290 3
3822 2516 2290 3
3823 2615 2290 3
3824 2716 2290 3
3825 2516 2290 3
3826 2515 2290 3
3827 2440 2290 3
3828 2493 2290 3
3829 2440 2290 3
3830 2540 2290 3
3831 2538 2290 3
3832 2482 2290 3
3833 2582 2290 3
3834 2482 2290 3
3835 2586 2290 3
3836 2540 2290 3
3837 2576 2290 3
3838 2610 2290 3
3839 2633 2290 3
3840 2626 2290 3
3841 2690 2290 3
3842 2784 2290 3
3843 2722 2290 3
3844 2518 2290 3
3845 2418 2290 3
3846 2493 2290 3
3847 2548 2290 3
3848 2493 2290 3
3849 2555 2290 3
3850 2555 2290 3
3851 2625 2290 3
3852 2585 2290 3
3853 2639 2290 3
3854 2585 2290 3
3855 2684 2290 3
3856 2820 2290 3
3857 2848 2290 3
3858 2849 2290 3
3859 2884 2290 3
3860 2965 2290 3
3861 2840 2290 3
3862 2778 2290 3
3863 2692 2290 3
3864 2666 2290 3
3865 2665 2290 3
3866 2674 2290 3
3867 2678 2290 3
3868 2674 2290 3
3869 2705 2290 3
3870 2674 2290 3
3871 2732 2290 3
3872 2674 2290 3
3873 2732 2290 3
3874 2812 2290 3
3875 2883 2290 3
3876 2875 2290 3
3877 2692 2290 3
3878 2666 2290 3
3879 2697 2290 3
3880 2666 2290 3
3881 2724 2290 3
3882 2818 2290 3
3883 2929 2290 3
3884 2818 2290 3
3885 2931 2290 3
3886 2929 2290 3
3887 2923 2290 3
3888 2923 2290 3
3889 2931 2290 3
3890 2837 2290 3
3891 2724 2290 3
3892 2753 2290 3
3893 2807 2290 3
3894 2786 2290 3
3895 2896 2290 3
3896 2829 2290 3
3897 2806 2290 3
3898 2662 2290 3
3899 2608 2290 3
3900 2609 2290 3
3901 2608 2290 3
3902 2636 2290 3
3903 2578 2290 3
3904 2578 2290 3
3905 2578 2290 3
3906 2578 2290 3
3907 2579 2290 3
3908 2575 2290 3
3909 2579 2290 3
3910 2605 2290 3
3911 2635 2290 3
3912 2608 2290 3
3913 2582 2290 3
3914 2578 2290 3
3915 2579 2290 3
3916 2575 2290 3
3917 2601 2290 3
3918 2575 2290 3
3919 2601 2290 3
3920 2575 2290 3
3921 2611 2290 3
3922 2575 2290 3
3923 2550 2290 3
3924 2551 2290 3
3925 2550 2290 3
3926 2551 2290 3
3927 2550 2290 3
3928 2551 2290 3
3929 2580 2290 3
3930 2611 2290 3
3931 2580 2290 3
3932 2633 2290 3
3933 2690 2290 3
3934 2690 2290 3
3935 2716 2290 3
3936 2720 2290 3
3937 2756 2290 3
3938 2814 2290 3
3939 2785 2290 3
3940 2847 2290 3
3941 2914 2290 3
3942 2994 2290 3
3943 3002 2290 3
3944 2987 2290 3
3945 2865 2290 3
3946 2785 2290 3
3947 2755 2290 3
3948 2742 2290 3
3949 2681 2290 3
3950 2727 2290 3
3951 2681 2290 3
3952 2727 2290 3
3953 2712 2290 3
3954 2774 2290 3
3955 2753 2290 3
3956 2662 2290 3
3957 2631 2290 3
3958 2644 2290 3
3959 2631 2290 3
3960 2673 2290 3
3961 2658 2290 3
3962 2728 2290 3
3963 2658 2290 3
3964 2728 2290 3
3965 2729 2290 3
3966 2728 2290 3
3967 2794 2290 3
3968 2874 2290 3
3969 2976 2290 3
3970 3085 2290 3
3971 2875 2290 3
3972 2976 2290 3
3973 3095 2290 3
3974 2976 2290 3
3975 2789 2290 3
3976 2653 2290 3
3977 2600 2290 3
3978 2559 2290 3
3979 2506 2290 3
3980 2506 2290 3
3981 2507 2290 3
3982 2511 2290 3
3983 2536 2290 3
3984 2506 2290 3
3985 2507 2290 3
3986 2511 2290 3
3987 2536 2290 3
3988 2570 2290 3
3989 2571 2290 3
3990 2570 2290 3
3991 2571 2290 3
3992 2586 2290 3
3993 2571 2290 3
3994 2586 2290 3
3995 2609 2290 3
3996 2597 2290 3
3997 2557 2290 3
3998 2542 2290 3
3999 2511 2290 3
4000 2541 2290 3
4001 2507 2290 3
4002 2541 2290 3
4003 2542 2290 3
4004 2511 2290 3
4005 2564 2290 3
4006 2511 2290 3
4007 2569 2290 3
4008 2511 2290 3
4009 2569 2290 3
4010 2584 2290 3
4011 2638 2290 3
4012 2776 2290 3
4013 2747 2290 3
4014 2717 2290 3
4015 2698 2290 3
4016 2714 2290 3
4017 2756 2290 3
4018 2714 2290 3
4019 2756 2290 3
4020 2843 2290 3
4021 2825 2290 3
4022 2831 2290 3
4023 2803 2290 3
4024 2825 2290 3
4025 2803 2290 3
4026 2825 2290 3
4027 2831 2290 3
4028 2883 2290 3
4029 2831 2290 3
4030 2895 2290 3
4031 2947 2290 3
4032 3048 2290 3
4033 3187 2290 3
4034 3181 2290 3
4036 3666 2290 3
4037 3411 2290 3
4038 3402 2290 3
4039 3465 2290 3
4040 3193 2290 3
4041 3263 2290 3
4042 3193 2290 3
4043 3263 2290 3
4044 3270 2290 3
4045 3261 2290 3
4046 3184 2290 3
4047 3120 2290 3
4048 3076 2290 3
4049 3009 2290 3
4050 2923 2290 3
4051 2826 2290 3
4052 2807 2290 3
4053 2826 2290 3
4054 2874 2290 3
4055 2826 2290 3
4056 2866 2290 3
4057 2826 2290 3
4058 2866 2290 3
4059 2841 2290 3
4060 2866 2290 3
4061 2914 2290 3
4062 2866 2290 3
4063 2914 2290 3
4064 2985 2290 3
4065 2914 2290 3
4066 2985 2290 3
4067 3002 2290 3
4068 2803 2290 3
4069 2763 2290 3
4070 2744 2290 3
4071 2763 2290 3
4072 2886 2290 3
4073 2763 2290 3
4074 2886 2290 3
4075 2763 2290 3
4076 2894 2290 3
4077 2763 2290 3
4078 2894 2290 3
4079 2763 2290 3
4080 2912 2290 3
4081 2763 2290 3
4082 2912 2290 3
4083 3062 2290 3
4084 3010 2290 3
4085 2974 2290 3
4086 2965 2290 3
4087 2824 2290 3
4088 2798 2290 3
4089 2406 2290 3
4090 2459 2290 3
4091 2534 2290 3
4092 2459 2290 3
4093 2548 2290 3
4094 2623 2290 3
4095 2598 2290 3
4096 2549 2290 3
4097 2598 2290 3
4098 2623 2290 3
4099 2624 2290 3
4100 2723 2290 3
4101 2824 2290 3
4102 2932 2290 3
4103 2824 2290 3
4104 2937 2290 3
4105 2920 2290 3
4106 2919 2290 3
4107 2661 2290 3
4108 2684 2290 3
4109 2548 2290 3
4110 2656 2290 3
4111 2548 2290 3
4112 2661 2290 3
4113 2706 2290 3
4114 2694 2290 3
4115 2709 2290 3
4116 2694 2290 3
4117 2709 2290 3
4118 2708 2290 3
4119 2659 2290 3
4120 2606 2290 3
4121 2648 2290 3
4122 2606 2290 3
4123 2648 2290 3
4124 2606 2290 3
4125 2648 2290 3
4126 2606 2290 3
4127 2655 2290 3
4128 2606 2290 3
4129 2655 2290 3
4130 2606 2290 3
4131 2659 2290 3
4132 2606 2290 3
4133 2706 2290 3
4134 2496 2290 3
4135 2545 2290 3
4136 2496 2290 3
4137 2545 2290 3
4138 2496 2290 3
4139 2549 2290 3
4140 2496 2290 3
4141 2604 2290 3
4142 2508 2290 3
4143 2512 2290 3
4144 2486 2290 3
4145 2460 2290 3
4146 2486 2290 3
4147 2539 2290 3
4148 2486 2290 3
4149 2600 2290 3
4150 2486 2290 3
4151 2600 2290 3
4152 2738 2290 3
4153 2910 2290 3
4154 2799 2290 3
4155 3001 2290 3
4156 3028 2290 3
4157 3084 2290 3
4158 3056 2290 3
4159 3212 2290 3
4160 3056 2290 3
4161 3212 2290 3
4162 3152 2290 3
4163 3153 2290 3
4164 3153 2290 3
4165 3064 2290 3
4166 3056 2290 3
4167 3064 2290 3
4168 3056 2290 3
4169 3064 2290 3
4170 3091 2290 3
4171 3121 2290 3
4172 3129 2290 3
4173 3130 2290 3
4174 3185 2290 3
4175 3330 2290 3
4176 3058 2290 3
4177 3018 2290 3
4178 2991 2290 3
4179 2980 2290 3
4180 2980 2290 3
4181 2980 2290 3
4182 3007 2290 3
4183 2980 2290 3
4184 3007 2290 3
4185 2980 2290 3
4186 3010 2290 3
4187 3009 2290 3
4188 2971 2290 3
4189 2998 2290 3
4190 2971 2290 3
4191 2998 2290 3
4192 2987 2290 3
4193 2876 2290 3
4194 2903 2290 3
4195 2876 2290 3
4196 2903 2290 3
4197 2908 2290 3
4198 3030 2290 3
4199 2881 2290 3
4200 2876 2290 3
4201 2891 2290 3
4202 2905 2290 3
4203 2876 2290 3
4204 2903 2290 3
4205 2876 2290 3
4206 2903 2290 3
4207 2899 2290 3
4208 2872 2290 3
4209 2887 2290 3
4210 2923 2290 3
4211 2887 2290 3
4212 2914 2290 3
4213 2918 2290 3
4214 2891 2290 3
4215 2928 2290 3
4216 2973 2290 3
4217 2928 2290 3
4218 2973 2290 3
4219 2970 2290 3
4220 2921 2290 3
4221 2926 2290 3
4222 2937 2290 3
4223 2768 2290 3
4224 2723 2290 3
4225 2739 2290 3
4226 2752 2290 3
4227 2779 2290 3
4228 2750 2290 3
4229 2723 2290 3
4230 2750 2290 3
4231 2746 2290 3
4232 2719 2290 3
4233 2735 2290 3
4234 2748 2290 3
4235 2775 2290 3
4236 2746 2290 3
4237 2719 2290 3
4238 2746 2290 3
4239 2775 2290 3
4240 2779 2290 3
4241 2832 2290 3
4242 2779 2290 3
4243 2840 2290 3
4244 2571 2290 3
4245 2542 2290 3
4246 2538 2290 3
4247 2542 2290 3
4248 2548 2290 3
4249 2542 2290 3
4250 2548 2290 3
4251 2543 2290 3
4252 2483 2290 3
4253 2343 2290 3
4254 2290 2290 3
4255 2298 2290 3
4256 2290 2290 3
4257 2365 2290 3
4258 2290 2290 3
4259 2379 2290 3
4260 2454 2290 3
4261 2454 2290 3
4262 2553 2290 3
4263 2654 2290 3
4264 2762 2290 3
4265 2654 2290 3
4266 2803 2290 3
4267 2803 2290 3
4268 2834 2290 3
4269 2693 2290 3
4270 2748 2290 3
4271 2692 2290 3
4272 2803 2290 3
4273 2843 2290 3
4274 2803 2290 3
4275 2692 2290 3
4276 2548 2290 3
4277 2493 2290 3
4278 2418 2290 3
4279 2471 2290 3
4280 2418 2290 3
4281 2493 2290 3
4282 2537 2290 3
4283 2488 2290 3
4284 2537 2290 3
4285 2599 2290 3
4286 2669 2290 3
4287 2537 2290 3
4288 2636 2290 3
4289 2757 2290 3
4290 2636 2290 3
4291 2757 2290 3
4292 2743 2290 3
4293 2742 2290 3
4294 2760 2290 3
4296 2640 2290 3
4297 2640 2290 3
4298 2650 2290 3
4299 2640 2290 3
4300 2697 2290 3
4301 2680 2290 3
4302 2661 2290 3
4303 2697 2290 3
4304 2661 2290 3
4305 2726 2290 3
4306 2627 2290 3
4307 2543 2290 3
4308 2541 2290 3
4309 2486 2290 3
4310 2486 2290 3
4311 2430 2290 3
4312 2466 2290 3
4313 2566 2290 3
4314 2466 2290 3
4315 2570 2290 3
4316 2543 2290 3
4317 2570 2290 3
4318 2594 2290 3
4319 2640 2290 3
4320 2505 2290 3
4321 2477 2290 3
4322 2377 2290 3
4323 2341 2290 3
4324 2394 2290 3
4325 2341 2290 3
4326 2397 2290 3
4327 2341 2290 3
4328 2454 2290 3
4329 2341 2290 3
4330 2377 2290 3
4331 2452 2290 3
4332 2454 2290 3
4333 2481 2290 3
4334 2454 2290 3
4335 2490 2290 3
4336 2552 2290 3
4337 2639 2290 3
4338 2627 2290 3
4339 2727 2290 3
4340 2844 2290 3
4341 2839 2290 3
4342 2822 2290 3
4343 2859 2290 3
4344 2822 2290 3
4345 2872 2290 3
4346 2925 2290 3
4347 3137 2290 3
4348 3219 2290 3
4349 3233 2290 3
4350 3151 2290 3
4351 3098 2290 3
4352 2944 2290 3
4353 2894 2290 3
4354 2738 2290 3
4355 2724 2290 3
4356 2702 2290 3
4357 2679 2290 3
4358 2715 2290 3
4359 2679 2290 3
4360 2721 2290 3
4361 2679 2290 3
4362 2732 2290 3
4363 2679 2290 3
4364 2732 2290 3
4365 2794 2290 3
4366 2794 2290 3
4367 2741 2290 3
4368 2811 2290 3
4369 2741 2290 3
4370 2811 2290 3
4371 2836 2290 3
4372 2874 2290 3
4373 2875 2290 3
4374 2975 2290 3
4375 2827 2290 3
4376 2676 2290 3
4377 2623 2290 3
4378 2622 2290 3
4379 2606 2290 3
4380 2581 2290 3
4381 2558 2290 3
4382 2550 2290 3
4383 2558 2290 3
4384 2569 2290 3
4385 2400 2290 3
4386 2392 2290 3
4387 2400 2290 3
4388 2421 2290 3
4389 2474 2290 3
4390 2421 2290 3
4391 2510 2290 3
4392 2408 2290 3
4393 2368 2290 3
4394 2339 2290 3
4395 2347 2290 3
4396 2368 2290 3
4397 2470 2290 3
4398 2368 2290 3
4399 2488 2290 3
4400 2637 2290 3
4401 2759 2290 3
4402 2861 2290 3
4403 2860 2290 3
4404 2854 2290 3
4405 2832 2290 3
4406 2853 2290 3
4407 2561 2290 3
4408 2479 2290 3
4409 2377 2290 3
4410 2479 2290 3
4411 2479 2290 3
4412 2479 2290 3
4413 2377 2290 3
4414 2526 2290 3
4415 2740 2290 3
4416 2526 2290 3
4417 2740 2290 3
4418 2774 2290 3
4419 2488 2290 3
4420 2757 2290 3
4421 2488 2290 3
4422 2757 2290 3
4423 2488 2290 3
4424 2812 2290 3
4425 2488 2290 3
4426 2339 2290 3
4427 2347 2290 3
4428 2368 2290 3
4429 2391 2290 3
4430 2368 2290 3
4431 2391 2290 3
4432 2408 2290 3
4433 2461 2290 3
4434 2408 2290 3
4435 2510 2290 3
4436 2408 2290 3
4437 2528 2290 3
4438 2549 2290 3
4439 2614 2290 3
4440 2540 2290 3
4441 2470 2290 3
4442 2406 2290 3
4443 2508 2290 3
4444 2406 2290 3
4445 2526 2290 3
4446 2547 2290 3
4447 2716 2290 3
4448 2661 2290 3
4449 2833 2290 3
4450 2661 2290 3
4451 2833 2290 3
4452 2867 2290 3
4453 2623 2290 3
4454 2678 2290 3
4455 2623 2290 3
4456 2866 2290 3
4457 2989 2290 3
4458 2866 2290 3
4459 2989 2290 3
4460 2892 2290 3
4461 2623 2290 3
4462 2873 2290 3
4463 2751 2290 3
4464 2826 2290 3
4465 2825 2290 3
4466 2817 2290 3
4467 2825 2290 3
4468 2924 2290 3
4469 3062 2290 3
4470 2924 2290 3
4471 3073 2290 3
4472 3067 2290 3
4473 3179 2290 3
4474 3067 2290 3
4475 3179 2290 3
4476 3178 2290 3
4477 3135 2290 3
4478 3135 2290 3
4479 2864 2290 3
4480 2870 2290 3
4481 2864 2290 3
4482 2907 2290 3
4483 2864 2290 3
4484 2907 2290 3
4485 2908 2290 3
4486 3003 2290 3
4487 3002 2290 3
4488 2901 2290 3
4489 2900 2290 3
4490 2857 2290 3
4491 2857 2290 3
4492 2857 2290 3
4493 2857 2290 3
4494 2858 2290 3
4495 2857 2290 3
4496 2857 2290 3
4497 2893 2290 3
4498 2906 2290 3
4499 2925 2290 3
4500 2891 2290 3
4501 2859 2290 3
4502 2823 2290 3
4503 2823 2290 3
4504 2823 2290 3
4505 2827 2290 3
4506 2658 2290 3
4507 2658 2290 3
4508 2658 2290 3
4509 2692 2290 3
4511 2692 2290 3
4512 2717 2290 3
4513 2666 2290 3
4514 2582 2290 3
4515 2557 2290 3
4517 2523 2290 3
4518 2523 2290 3
4519 2527 2290 3
4520 2519 2290 3
4521 2510 2290 3
4522 2451 2290 3
4523 2465 2290 3
4524 2451 2290 3
4525 2465 2290 3
4526 2518 2290 3
4527 2465 2290 3
4528 2526 2290 3
4529 2351 2290 3
4530 2404 2290 3
4531 2351 2290 3
4532 2426 2290 3
4533 2351 2290 3
4534 2440 2290 3
4535 2548 2290 3
4536 2549 2290 3
4537 2624 2290 3
4538 2664 2290 3
4539 2763 2290 3
4540 2864 2290 3
4541 3003 2290 3
4542 3002 2290 3
4543 3108 2290 3
4544 3195 2290 3
4545 3144 2290 3
4546 3225 2290 3
4547 3105 2290 3
4548 3041 2290 3
4549 3086 2290 3
4550 3041 2290 3
4551 3086 2290 3
4552 3107 2290 3
4553 3054 2290 3
4554 2915 2290 3
4555 2866 2290 3
4556 2786 2290 3
4557 2814 2290 3
4558 2786 2290 3
4559 2835 2290 3
4560 2839 2290 3
4561 2835 2290 3
4562 2839 2290 3
4563 3006 2290 3
4564 2839 2290 3
4565 3006 2290 3
4566 2839 2290 3
4567 3025 2290 3
4568 2944 2290 3
4569 2918 2290 3
4570 3120 2290 3
4571 3142 2290 3
4572 3147 2290 3
4573 3287 2290 3
4574 3365 2290 3
4575 3226 2290 3
4576 3011 2290 3
4577 2782 2290 3
4578 2763 2290 3
4579 2782 2290 3
4580 2808 2290 3
4581 2782 2290 3
4582 2808 2290 3
4583 2861 2290 3
4584 2808 2290 3
4585 2878 2290 3
4586 2746 2290 3
4587 2720 2290 3
4588 2701 2290 3
4589 2720 2290 3
4590 2746 2290 3
4591 2799 2290 3
4592 2746 2290 3
4593 2827 2290 3
4594 2746 2290 3
4595 2827 2290 3
4596 2773 2290 3
4597 2641 2290 3
4598 2612 2290 3
4599 2590 2290 3
4600 2554 2290 3
4601 2546 2290 3
4602 2538 2290 3
4603 2534 2290 3
4604 2538 2290 3
4605 2546 2290 3
4606 2554 2290 3
4607 2554 2290 3
4608 2579 2290 3
4609 2579 2290 3
4610 2608 2290 3
4611 2644 2290 3
4612 2685 2290 3
4613 2644 2290 3
4614 2697 2290 3
4615 2644 2290 3
4616 2706 2290 3
4617 2776 2290 3
4618 2740 2290 3
4619 2700 2290 3
4620 2674 2290 3
4621 2675 2290 3
4622 2647 2290 3
4623 2695 2290 3
4624 2647 2290 3
4625 2703 2290 3
4626 2558 2290 3
4627 2594 2290 3
4628 2563 2290 3
4629 2567 2290 3
4630 2608 2290 3
4631 2567 2290 3
4632 2620 2290 3
4633 2567 2290 3
4634 2633 2290 3
4635 2563 2290 3
4636 2527 2290 3
4637 2511 2290 3
4638 2510 2290 3
4639 2506 2290 3
4640 2510 2290 3
4641 2506 2290 3
4642 2510 2290 3
4643 2511 2290 3
4644 2527 2290 3
4645 2527 2290 3
4646 2527 2290 3
4647 2498 2290 3
4648 2490 2290 3
4649 2490 2290 3
4650 2436 2290 3
4651 2331 2290 3
4652 2384 2290 3
4653 2331 2290 3
4654 2406 2290 3
4655 2331 2290 3
4656 2406 2290 3
4657 2406 2290 3
4658 2482 2290 3
4659 2509 2290 3
4660 2482 2290 3
4661 2509 2290 3
4662 2598 2290 3
4663 2632 2290 3
4664 2632 2290 3
4665 2632 2290 3
4666 2586 2290 3
4667 2482 2290 3
4668 2582 2290 3
4669 2482 2290 3
4670 2586 2290 3
4671 2540 2290 3
4672 2576 2290 3
4673 2610 2290 3
4674 2633 2290 3
4675 2626 2290 3
4676 2580 2290 3
4677 2693 2290 3
4678 2580 2290 3
4679 2693 2290 3
4680 2754 2290 3
4681 2802 2290 3
4682 2696 2290 3
4683 2799 2290 3
4684 2634 2290 3
4685 2401 2290 3
4686 2345 2290 3
4687 2344 2290 3
4688 2345 2290 3
4689 2401 2290 3
4690 2401 2290 3
4691 2500 2290 3
4692 2401 2290 3
4693 2534 2290 3
4694 2401 2290 3
4695 2534 2290 3
4696 2521 2290 3
4697 2400 2290 3
4698 2499 2290 3
4699 2400 2290 3
4700 2521 2290 3
4701 2653 2290 3
4702 2521 2290 3
4703 2521 2290 3
4704 2472 2290 3
4705 2499 2290 3
4706 2472 2290 3
4707 2499 2290 3
4708 2472 2290 3
4709 2604 2290 3
4710 2472 2290 3
4711 2612 2290 3
4712 2624 2290 3
4713 2472 2290 3
4714 2641 2290 3
4715 2586 2290 3
4716 2824 2290 3
4717 2798 2290 3
4718 2673 2290 3
4719 2694 2290 3
4720 2808 2290 3
4721 2673 2290 3
4722 2787 2290 3
4723 2755 2290 3
4725 2755 2290 3
4726 2576 2290 3
4727 2577 2290 3
4728 2576 2290 3
4729 2597 2290 3
4730 2650 2290 3
4731 2597 2290 3
4732 2652 2290 3
4733 2483 2290 3
4734 2462 2290 3
4735 2463 2290 3
4736 2516 2290 3
4737 2463 2290 3
4738 2533 2290 3
4739 2401 2290 3
4740 2400 2290 3
4741 2421 2290 3
4742 2401 2290 3
4743 2345 2290 3
4744 2344 2290 3
4745 2345 2290 3
4746 2398 2290 3
4747 2345 2290 3
4748 2401 2290 3
4749 2345 2290 3
4751 2345 2290 3
4752 2401 2290 3
4753 2401 2290 3
4754 2534 2290 3
4755 2534 2290 3
4756 2542 2290 3
4757 2421 2290 3
4758 2372 2290 3
4759 2421 2290 3
4760 2531 2290 3
4761 2456 2290 3
4762 2427 2290 3
4764 2715 2290 3
4765 2719 2290 3
4766 2533 2290 3
4767 2538 2290 3
4768 2545 2290 3
4769 2653 2290 3
4770 2487 2290 3
4771 2461 2290 3
4772 2487 2290 3
4773 2513 2290 3
4774 2509 2290 3
4775 2509 2290 3
4776 2509 2290 3
4777 2509 2290 3
4778 2565 2290 3
4779 2420 2290 3
4780 2424 2290 3
4781 2316 2290 3
4782 2365 2290 3
4783 2316 2290 3
4784 2365 2290 3
4785 2316 2290 3
4786 2369 2290 3
4787 2316 2290 3
4788 2378 2290 3
4789 2386 2290 3
4790 2527 2290 3
4791 2378 2290 3
4792 2486 2290 3
4793 2482 2290 3
4794 2516 2290 3
4795 2420 2290 3
4796 2420 2290 3
4797 2420 2290 3
4798 2517 2290 3
4799 2420 2290 3
4800 2424 2290 3
4801 2316 2290 3
4802 2365 2290 3
4803 2316 2290 3
4804 2365 2290 3
4805 2316 2290 3
4806 2369 2290 3
4807 2316 2290 3
4808 2378 2290 3
4809 2386 2290 3
4810 2475 2290 3
4811 2583 2290 3
4812 2574 2290 3
4813 2570 2290 3
4815 2570 2290 3
4816 2574 2290 3
4817 2575 2290 3
4818 2724 2290 3
4819 2715 2290 3
4820 2724 2290 3
4821 2715 2290 3
4822 2755 2290 3
4823 2614 2290 3
4824 2753 2290 3
4825 2859 2290 3
4826 3023 2290 3
4827 2894 2290 3
4828 2843 2290 3
4829 2821 2290 3
4830 2686 2290 3
4831 2662 2290 3
4832 2654 2290 3
4833 2592 2290 3
4834 2559 2290 3
4835 2555 2290 3
4836 2552 2290 3
4837 2552 2290 3
4838 2552 2290 3
4839 2552 2290 3
4840 2555 2290 3
4841 2559 2290 3
4842 2573 2290 3
4843 2718 2290 3
4844 2721 2290 3
4845 2885 2290 3
4846 2803 2290 3
4847 2803 2290 3
4848 2804 2290 3
4849 2936 2290 3
4850 2960 2290 3
4851 2971 2290 3
4852 2973 2290 3
4853 2960 2290 3
4854 3020 2290 3
4855 3125 2290 3
4856 3124 2290 3
4857 2995 2290 3
4858 2935 2290 3
4859 2895 2290 3
4860 2931 2290 3
4861 2991 2290 3
4862 3005 2290 3
4863 3136 2290 3
4864 3192 2290 3
4865 3323 2290 3
4866 3404 2290 3
4867 3323 2290 3
4868 3404 2290 3
4869 3337 2290 3
4870 3192 2290 3
4871 3306 2290 3
4872 3065 2290 3
Priority 1: 0.84
Priority 2: 0.92
///////////////////
Feasible
Solution Cost: 2290
--------------
Route 0:

LOCATION | CUSTOMER
0 1000
2 6
28 23
28 0
28 1
28 3
3 7
20 22
4 8
26 13
26 15
0 1000
Max capacity: 150 Load:144
--------------
--------------
Route 1:

LOCATION | CUSTOMER
0 1000
1 5
30 16
26 14
29 11
29 10
29 4
29 17
29 20
25 24
5 9
0 1000
Max capacity: 150 Load:146
--------------
--------------
Route 2:

LOCATION | CUSTOMER
0 1000
27 18
27 2
27 19
27 21
8 12
0 1000
Max capacity: 150 Load:71
--------------
Solution Cost: 2290
Priority 1: 0.84
Priority 2: 0.92
///////////////////
Restart: 1
0 3637 1.7976931348623157E+308 0
1 3465 1.7976931348623157E+308 0
2 3272 1.7976931348623157E+308 0
3 3169 1.7976931348623157E+308 0
4 3086 1.7976931348623157E+308 0
5 2982 1.7976931348623157E+308 0
6 2947 1.7976931348623157E+308 0
7 2853 1.7976931348623157E+308 0
8 2840 1.7976931348623157E+308 0
9 2529 1.7976931348623157E+308 0
10 2529 1.7976931348623157E+308 0
11 2456 1.7976931348623157E+308 0
12 2461 1.7976931348623157E+308 0
13 2456 1.7976931348623157E+308 0
14 2482 1.7976931348623157E+308 0
15 2512 1.7976931348623157E+308 0
16 2564 1.7976931348623157E+308 0
17 2453 2453 3 flip
17 2453 2453 3
18 2427 2427 3 swap
18 2427 2427 3
19 2432 2427 3
20 2453 2427 3
21 2506 2427 3
22 2453 2427 3
23 2526 2427 3
24 2453 2427 3
25 2526 2427 3
26 2526 2427 3
27 2526 2427 3
28 2555 2427 3
29 2555 2427 3
30 2559 2427 3
31 2555 2427 3
32 2564 2427 3
33 2636 2427 3
34 2564 2427 3
35 2636 2427 3
36 2754 2427 3
37 2683 2427 3
38 2658 2427 3
39 2489 2427 3
40 2370 2370 3 two opt
40 2370 2370 3
41 2340 2340 3 swap
41 2340 2340 3
42 2340 2340 3
43 2238 2238 3 two opt
43 2238 2238 3
44 2230 2230 3 swap
44 2230 2230 3
45 2238 2230 3
46 2259 2230 3
47 2304 2230 3
48 2310 2230 3
49 2304 2230 3
50 2310 2230 3
51 2363 2230 3
52 2310 2230 3
53 2412 2230 3
54 2412 2230 3
55 2404 2230 3
56 2340 2230 3
57 2391 2230 3
58 2463 2230 3
59 2391 2230 3
60 2463 2230 3
61 2483 2230 3
62 2607 2230 3
63 2667 2230 3
64 2624 2230 3
65 2632 2230 3
66 2773 2230 3
67 2632 2230 3
68 2624 2230 3
69 2765 2230 3
70 2878 2230 3
71 2961 2230 3
72 2898 2230 3
73 3000 2230 3
74 2835 2230 3
75 2701 2230 3
76 2595 2230 3
77 2549 2230 3
78 2489 2230 3
79 2370 2230 3
80 2340 2230 3
81 2340 2230 3
82 2238 2230 3
83 2230 2230 3
84 2238 2230 3
85 2259 2230 3
86 2312 2230 3
87 2259 2230 3
88 2323 2230 3
89 2259 2230 3
90 2323 2230 3
91 2304 2230 3
92 2259 2230 3
93 2304 2230 3
94 2310 2230 3
95 2412 2230 3
96 2412 2230 3
97 2412 2230 3
98 2310 2230 3
99 2431 2230 3
100 2310 2230 3
101 2431 2230 3
102 2484 2230 3
103 2493 2230 3
104 2611 2230 3
105 2540 2230 3
106 2536 2230 3
107 2535 2230 3
108 2408 2230 3
109 2530 2230 3
110 2606 2230 3
111 2633 2230 3
112 2642 2230 3
113 2713 2230 3
114 2719 2230 3
115 2723 2230 3
116 2744 2230 3
117 2818 2230 3
118 2959 2230 3
119 2738 2230 3
120 2744 2230 3
121 2852 2230 3
122 2865 2230 3
123 2859 2230 3
124 2865 2230 3
125 2859 2230 3
126 2887 2230 3
127 3004 2230 3
128 2887 2230 3
129 3004 2230 3
130 3034 2230 3
131 3161 2230 3
132 3292 2230 3
133 3179 2230 3
134 3146 2230 3
135 3138 2230 3
136 2973 2230 3
137 2826 2230 3
138 2821 2230 3
139 2848 2230 3
140 2821 2230 3
141 2848 2230 3
142 2821 2230 3
143 2848 2230 3
144 2853 2230 3
145 2718 2230 3
146 2789 2230 3
147 2718 2230 3
148 2789 2230 3
149 2746 2230 3
150 2597 2230 3
151 2364 2230 3
152 2292 2230 3
153 2263 2230 3
154 2263 2230 3
155 2188 2188 3 relocate
155 2188 2188 3
156 2196 2188 3
157 2217 2188 3
158 2270 2188 3
159 2217 2188 3
160 2286 2188 3
161 2217 2188 3
162 2286 2188 3
163 2335 2188 3
164 2292 2188 3
165 2288 2188 3
166 2259 2188 3
167 2230 2188 3
168 2259 2188 3
169 2230 2188 3
170 2259 2188 3
171 2332 2188 3
172 2259 2188 3
173 2332 2188 3
174 2377 2188 3
175 2378 2188 3
176 2442 2188 3
177 2531 2188 3
178 2639 2188 3
179 2506 2188 3
180 2480 2188 3
181 2557 2188 3
182 2586 2188 3
183 2504 2188 3
184 2504 2188 3
185 2504 2188 3
186 2483 2188 3
187 2541 2188 3
188 2394 2188 3
189 2415 2188 3
190 2415 2188 3
191 2415 2188 3
192 2415 2188 3
193 2504 2188 3
194 2613 2188 3
195 2379 2188 3
196 2454 2188 3
197 2463 2188 3
198 2562 2188 3
199 2731 2188 3
200 2676 2188 3
201 2894 2188 3
202 2956 2188 3
203 3114 2188 3
204 3140 2188 3
205 3147 2188 3
206 3140 2188 3
207 3175 2188 3
208 3223 2188 3
209 3286 2188 3
210 3254 2188 3
211 3270 2188 3
212 3097 2188 3
213 3092 2188 3
214 3030 2188 3
215 2972 2188 3
216 2971 2188 3
217 2972 2188 3
218 2980 2188 3
219 2972 2188 3
220 2980 2188 3
221 2996 2188 3
222 3047 2188 3
223 3072 2188 3
224 3106 2188 3
225 3033 2188 3
226 2999 2188 3
227 2948 2188 3
228 2918 2188 3
229 2696 2188 3
230 2697 2188 3
231 2696 2188 3
232 2700 2188 3
233 2696 2188 3
234 2587 2188 3
235 2507 2188 3
236 2525 2188 3
237 2507 2188 3
238 2525 2188 3
239 2509 2188 3
240 2484 2188 3
241 2509 2188 3
242 2484 2188 3
243 2520 2188 3
244 2484 2188 3
245 2542 2188 3
246 2484 2188 3
247 2542 2188 3
248 2484 2188 3
249 2545 2188 3
250 2560 2188 3
251 2514 2188 3
252 2595 2188 3
253 2514 2188 3
254 2595 2188 3
255 2680 2188 3
256 2720 2188 3
257 2694 2188 3
258 2672 2188 3
259 2672 2188 3
260 2693 2188 3
261 2693 2188 3
262 2714 2188 3
263 2798 2188 3
264 2873 2188 3
265 2911 2188 3
266 2882 2188 3
267 2798 2188 3
268 2882 2188 3
269 2989 2188 3
270 3017 2188 3
271 2989 2188 3
272 3017 2188 3
273 3063 2188 3
274 3047 2188 3
275 3050 2188 3
276 3109 2188 3
277 3050 2188 3
278 3109 2188 3
279 3050 2188 3
280 3122 2188 3
281 3119 2188 3
282 3098 2188 3
283 3099 2188 3
284 3098 2188 3
285 3106 2188 3
286 2923 2188 3
287 2897 2188 3
288 2890 2188 3
289 2891 2188 3
290 2890 2188 3
291 2897 2188 3
292 2930 2188 3
293 2897 2188 3
294 2930 2188 3
295 2941 2188 3
296 2930 2188 3
297 2949 2188 3
298 2960 2188 3
299 2986 2188 3
300 2859 2188 3
301 2761 2188 3
302 2711 2188 3
303 2703 2188 3
304 2696 2188 3
305 2703 2188 3
306 2703 2188 3
307 2711 2188 3
308 2711 2188 3
309 2713 2188 3
310 2711 2188 3
311 2752 2188 3
312 2783 2188 3
313 2752 2188 3
314 2783 2188 3
315 2760 2188 3
316 2763 2188 3
317 2800 2188 3
318 2763 2188 3
319 2767 2188 3
320 2795 2188 3
321 2793 2188 3
322 2767 2188 3
323 2793 2188 3
324 2795 2188 3
325 2821 2188 3
326 2752 2188 3
327 2706 2188 3
328 2671 2188 3
329 2663 2188 3
330 2671 2188 3
331 2696 2188 3
332 2646 2188 3
333 2638 2188 3
334 2640 2188 3
335 2636 2188 3
336 2644 2188 3
337 2697 2188 3
338 2644 2188 3
339 2699 2188 3
340 2747 2188 3
341 2720 2188 3
342 2539 2188 3
343 2531 2188 3
344 2535 2188 3
345 2531 2188 3
346 2539 2188 3
347 2567 2188 3
348 2513 2188 3
349 2505 2188 3
350 2513 2188 3
351 2524 2188 3
352 2355 2188 3
353 2347 2188 3
354 2355 2188 3
355 2406 2188 3
356 2355 2188 3
357 2408 2188 3
358 2355 2188 3
359 2430 2188 3
360 2355 2188 3
361 2444 2188 3
362 2519 2188 3
363 2520 2188 3
364 2612 2188 3
365 2741 2188 3
366 2740 2188 3
367 2740 2188 3
368 2740 2188 3
369 2662 2188 3
370 2656 2188 3
371 2685 2188 3
372 2656 2188 3
373 2685 2188 3
374 2686 2188 3
375 2451 2188 3
376 2330 2188 3
377 2338 2188 3
378 2330 2188 3
379 2359 2188 3
380 2410 2188 3
381 2359 2188 3
382 2410 2188 3
383 2414 2188 3
384 2306 2188 3
385 2277 2188 3
386 2285 2188 3
387 2306 2188 3
388 2359 2188 3
389 2306 2188 3
390 2375 2188 3
391 2306 2188 3
392 2381 2188 3
393 2381 2188 3
394 2453 2188 3
395 2473 2188 3
396 2444 2188 3
397 2444 2188 3
398 2368 2188 3
399 2397 2188 3
400 2398 2188 3
401 2444 2188 3
402 2444 2188 3
403 2500 2188 3
404 2355 2188 3
405 2440 2188 3
406 2406 2188 3
407 2482 2188 3
408 2406 2188 3
409 2482 2188 3
410 2482 2188 3
411 2436 2188 3
412 2453 2188 3
413 2542 2188 3
414 2609 2188 3
415 2302 2188 3
416 2321 2188 3
417 2411 2188 3
418 2321 2188 3
419 2415 2188 3
420 2584 2188 3
421 2348 2188 3
422 2290 2188 3
423 2343 2188 3
424 2290 2188 3
425 2348 2188 3
426 2418 2188 3
427 2578 2188 3
428 2446 2188 3
429 2665 2188 3
430 2819 2188 3
431 2640 2188 3
432 2818 2188 3
433 2932 2188 3
434 2859 2188 3
435 2981 2188 3
436 2964 2188 3
437 2980 2188 3
438 2925 2188 3
439 2947 2188 3
440 2925 2188 3
441 2952 2188 3
442 3167 2188 3
443 3184 2188 3
444 3260 2188 3
445 3092 2188 3
446 3119 2188 3
447 3092 2188 3
448 3166 2188 3
449 3233 2188 3
450 3092 2188 3
451 2874 2188 3
452 2798 2188 3
453 2536 2188 3
454 2528 2188 3
455 2528 2188 3
456 2453 2188 3
457 2461 2188 3
458 2453 2188 3
459 2506 2188 3
460 2453 2188 3
461 2508 2188 3
462 2339 2188 3
463 2277 2188 3
464 2285 2188 3
465 2277 2188 3
466 2306 2188 3
467 2359 2188 3
468 2306 2188 3
469 2375 2188 3
470 2348 2188 3
471 2361 2188 3
472 2390 2188 3
473 2439 2188 3
474 2390 2188 3
475 2439 2188 3
476 2473 2188 3
477 2466 2188 3
478 2462 2188 3
479 2341 2188 3
480 2370 2188 3
481 2341 2188 3
482 2482 2188 3
483 2341 2188 3
484 2482 2188 3
485 2341 2188 3
486 2482 2188 3
487 2341 2188 3
488 2482 2188 3
489 2656 2188 3
490 2482 2188 3
491 2684 2188 3
492 2693 2188 3
493 2650 2188 3
494 2341 2188 3
495 2600 2188 3
496 2604 2188 3
497 2613 2188 3
498 2604 2188 3
499 2634 2188 3
500 2772 2188 3
501 3021 2188 3
502 3023 2188 3
503 3021 2188 3
504 3023 2188 3
505 3051 2188 3
506 3190 2188 3
507 3115 2188 3
508 3090 2188 3
509 3086 2188 3
510 3131 2188 3
511 3075 2188 3
512 3096 2188 3
513 3169 2188 3
514 3142 2188 3
515 3140 2188 3
516 3167 2188 3
517 3140 2188 3
518 3167 2188 3
519 3147 2188 3
520 3043 2188 3
521 3031 2188 3
522 3009 2188 3
523 3031 2188 3
524 3009 2188 3
525 2864 2188 3
526 2828 2188 3
527 2798 2188 3
528 2775 2188 3
529 2771 2188 3
530 2650 2188 3
531 2650 2188 3
532 2599 2188 3
533 2583 2188 3
534 2583 2188 3
535 2587 2188 3
536 2610 2188 3
537 2587 2188 3
538 2642 2188 3
539 2587 2188 3
540 2642 2188 3
541 2587 2188 3
542 2658 2188 3
543 2697 2188 3
544 2693 2188 3
545 2654 2188 3
546 2583 2188 3
547 2587 2188 3
548 2587 2188 3
549 2664 2188 3
550 2660 2188 3
551 2583 2188 3
552 2587 2188 3
553 2669 2188 3
554 2630 2188 3
555 2564 2188 3
556 2564 2188 3
557 2564 2188 3
558 2587 2188 3
559 2564 2188 3
560 2589 2188 3
561 2564 2188 3
562 2589 2188 3
563 2627 2188 3
564 2697 2188 3
565 2770 2188 3
566 2889 2188 3
567 2902 2188 3
568 2877 2188 3
569 2913 2188 3
570 2877 2188 3
571 2917 2188 3
572 2785 2188 3
573 2796 2188 3
574 2777 2188 3
575 2798 2188 3
576 2777 2188 3
577 2813 2188 3
578 2777 2188 3
579 2817 2188 3
580 2865 2188 3
581 2978 2188 3
582 3101 2188 3
583 2978 2188 3
584 3105 2188 3
585 3161 2188 3
586 3190 2188 3
587 3092 2188 3
588 3073 2188 3
589 3044 2188 3
590 3070 2188 3
591 3044 2188 3
592 3092 2188 3
593 3073 2188 3
594 3120 2188 3
595 3180 2188 3
596 3166 2188 3
597 3067 2188 3
598 3094 2188 3
599 3025 2188 3
600 2918 2188 3
601 2753 2188 3
602 2754 2188 3
603 2753 2188 3
604 2756 2188 3
605 2753 2188 3
606 2756 2188 3
607 2760 2188 3
608 2774 2188 3
609 2793 2188 3
610 2805 2188 3
611 2820 2188 3
612 2774 2188 3
613 2799 2188 3
614 2734 2188 3
615 2720 2188 3
616 2716 2188 3
617 2713 2188 3
618 2714 2188 3
619 2721 2188 3
620 2740 2188 3
621 2721 2188 3
622 2754 2188 3
623 2721 2188 3
624 2759 2188 3
625 2720 2188 3
626 2716 2188 3
627 2713 2188 3
628 2716 2188 3
629 2720 2188 3
630 2741 2188 3
631 2720 2188 3
632 2751 2188 3
633 2766 2188 3
634 2720 2188 3
635 2753 2188 3
636 2720 2188 3
637 2760 2188 3
638 2720 2188 3
639 2775 2188 3
640 2617 2188 3
641 2523 2188 3
642 2542 2188 3
643 2523 2188 3
644 2544 2188 3
645 2580 2188 3
646 2544 2188 3
647 2584 2188 3
648 2630 2188 3
649 2584 2188 3
650 2630 2188 3
651 2615 2188 3
652 2663 2188 3
653 2615 2188 3
654 2663 2188 3
655 2724 2188 3
656 2579 2188 3
657 2497 2188 3
658 2497 2188 3
659 2516 2188 3
660 2497 2188 3
661 2497 2188 3
662 2497 2188 3
663 2532 2188 3
664 2555 2188 3
665 2547 2188 3
666 2555 2188 3
667 2547 2188 3
668 2583 2188 3
669 2656 2188 3
670 2583 2188 3
671 2659 2188 3
672 2663 2188 3
673 2583 2188 3
674 2659 2188 3
675 2583 2188 3
676 2547 2188 3
677 2555 2188 3
678 2532 2188 3
679 2532 2188 3
680 2532 2188 3
681 2532 2188 3
682 2532 2188 3
683 2532 2188 3
684 2532 2188 3
685 2551 2188 3
686 2532 2188 3
687 2555 2188 3
688 2547 2188 3
689 2565 2188 3
691 2540 2188 3
692 2453 2188 3
693 2412 2188 3
694 2359 2188 3
695 2359 2188 3
696 2360 2188 3
698 2453 2188 3
699 2468 2188 3
700 2453 2188 3
701 2468 2188 3
702 2467 2188 3
703 2452 2188 3
704 2453 2188 3
705 2452 2188 3
706 2448 2188 3
707 2452 2188 3
708 2453 2188 3
709 2475 2188 3
710 2544 2188 3
711 2604 2188 3
712 2724 2188 3
713 2604 2188 3
714 2724 2188 3
715 2610 2188 3
716 2682 2188 3
717 2610 2188 3
718 2682 2188 3
719 2724 2188 3
720 2804 2188 3
721 2604 2188 3
722 2475 2188 3
723 2544 2188 3
725 2627 2188 3
726 2748 2188 3
727 2627 2188 3
728 2774 2188 3
729 2912 2188 3
730 3014 2188 3
731 2920 2188 3
732 2912 2188 3
733 3043 2188 3
734 2912 2188 3
735 3115 2188 3
736 2912 2188 3
737 3115 2188 3
738 2976 2188 3
739 3113 2188 3
740 2976 2188 3
741 3113 2188 3
742 3108 2188 3
743 3307 2188 3
744 3336 2188 3
745 3307 2188 3
746 3336 2188 3
747 3474 2188 3
748 3409 2188 3
749 3452 2188 3
750 3180 2188 3
751 2921 2188 3
752 2721 2188 3
753 2626 2188 3
754 2589 2188 3
755 2585 2188 3
756 2589 2188 3
757 2585 2188 3
758 2589 2188 3
759 2626 2188 3
760 2525 2188 3
761 2527 2188 3
762 2580 2188 3
763 2527 2188 3
764 2582 2188 3
765 2413 2188 3
766 2411 2188 3
767 2413 2188 3
768 2466 2188 3
769 2413 2188 3
771 2679 2188 3
772 2536 2188 3
773 2638 2188 3
774 2536 2188 3
775 2522 2188 3
776 2411 2188 3
777 2299 2188 3
778 2352 2188 3
779 2299 2188 3
780 2374 2188 3
781 2299 2188 3
782 2374 2188 3
783 2375 2188 3
784 2420 2188 3
785 2375 2188 3
786 2420 2188 3
787 2417 2188 3
788 2388 2188 3
789 2417 2188 3
791 2534 2188 3
792 2426 2188 3
793 2534 2188 3
794 2608 2188 3
795 2626 2188 3
796 2671 2188 3
797 2453 2188 3
798 2474 2188 3
799 2454 2188 3
800 2562 2188 3
801 2486 2188 3
802 2562 2188 3
803 2558 2188 3
804 2557 2188 3
805 2557 2188 3
806 2479 2188 3
807 2410 2188 3
808 2359 2188 3
809 2330 2188 3
810 2338 2188 3
811 2359 2188 3
812 2410 2188 3
813 2359 2188 3
814 2473 2188 3
815 2627 2188 3
816 2597 2188 3
818 2524 2188 3
819 2597 2188 3
820 2744 2188 3
821 2721 2188 3
822 2779 2188 3
823 2715 2188 3
824 2702 2188 3
825 2456 2188 3
826 2348 2188 3
827 2319 2188 3
828 2327 2188 3
829 2348 2188 3
830 2377 2188 3
831 2348 2188 3
832 2401 2188 3
833 2348 2188 3
834 2456 2188 3
835 2410 2188 3
836 2359 2188 3
837 2330 2188 3
838 2338 2188 3
839 2359 2188 3
840 2410 2188 3
841 2456 2188 3
842 2456 2188 3
843 2577 2188 3
844 2581 2188 3
845 2714 2188 3
846 2842 2188 3
847 2886 2188 3
848 2808 2188 3
849 2781 2188 3
850 2773 2188 3
851 2640 2188 3
852 2558 2188 3
853 2583 2188 3
854 2558 2188 3
855 2589 2188 3
856 2597 2188 3
857 2558 2188 3
858 2607 2188 3
859 2469 2188 3
860 2553 2188 3
861 2469 2188 3
862 2553 2188 3
863 2469 2188 3
864 2579 2188 3
865 2469 2188 3
866 2579 2188 3
867 2659 2188 3
868 2663 2188 3
869 2778 2188 3
870 2783 2188 3
871 2782 2188 3
872 2780 2188 3
873 2676 2188 3
874 2691 2188 3
875 2791 2188 3
876 2691 2188 3
877 2795 2188 3
878 2778 2188 3
879 2844 2188 3
880 2950 2188 3
881 2948 2188 3
882 2950 2188 3
883 2952 2188 3
884 2844 2188 3
885 2861 2188 3
886 2969 2188 3
887 3029 2188 3
888 3107 2188 3
889 3188 2188 3
890 3169 2188 3
891 3242 2188 3
892 3169 2188 3
893 3242 2188 3
894 3239 2188 3
895 3168 2188 3
896 3180 2188 3
897 3269 2188 3
898 3121 2188 3
899 3127 2188 3
900 2848 2188 3
901 2818 2188 3
902 2601 2188 3
903 2543 2188 3
904 2505 2188 3
905 2452 2188 3
906 2448 2188 3
907 2448 2188 3
908 2449 2188 3
909 2448 2188 3
910 2449 2188 3
911 2464 2188 3
912 2449 2188 3
913 2464 2188 3
914 2492 2188 3
915 2488 2188 3
916 2491 2188 3
917 2476 2188 3
918 2448 2188 3
919 2470 2188 3
920 2448 2188 3
921 2452 2188 3
922 2448 2188 3
923 2452 2188 3
924 2502 2188 3
925 2604 2188 3
926 2676 2188 3
927 2623 2188 3
928 2502 2188 3
929 2612 2188 3
930 2502 2188 3
931 2623 2188 3
932 2676 2188 3
933 2785 2188 3
934 2737 2188 3
935 2672 2188 3
936 2807 2188 3
937 2820 2188 3
938 2807 2188 3
939 2778 2188 3
940 2786 2188 3
941 2778 2188 3
942 2786 2188 3
943 2814 2188 3
944 2778 2188 3
945 2814 2188 3
946 2900 2188 3
947 2844 2188 3
948 2836 2188 3
949 2892 2188 3
950 2836 2188 3
951 2974 2188 3
952 2952 2188 3
953 2926 2188 3
954 2911 2188 3
955 2851 2188 3
956 2911 2188 3
957 2851 2188 3
958 2933 2188 3
959 2952 2188 3
960 2974 2188 3
961 2952 2188 3
962 3036 2188 3
963 3138 2188 3
964 3144 2188 3
965 3202 2188 3
966 3299 2188 3
967 3299 2188 3
968 3242 2188 3
969 3195 2188 3
970 3242 2188 3
971 3189 2188 3
972 3168 2188 3
973 3270 2188 3
974 3203 2188 3
975 3009 2188 3
976 2837 2188 3
977 2791 2188 3
978 2748 2188 3
979 2763 2188 3
980 2761 2188 3
981 2734 2188 3
982 2712 2188 3
983 2689 2188 3
984 2728 2188 3
985 2659 2188 3
986 2682 2188 3
987 2657 2188 3
988 2607 2188 3
989 2516 2188 3
990 2529 2188 3
991 2590 2188 3
992 2529 2188 3
994 2616 2188 3
995 2610 2188 3
996 2616 2188 3
997 2618 2188 3
998 2621 2188 3
999 2608 2188 3
1000 2541 2188 3
1001 2516 2188 3
1002 2529 2188 3
1003 2598 2188 3
1004 2529 2188 3
1005 2598 2188 3
1006 2529 2188 3
1007 2602 2188 3
1008 2529 2188 3
1009 2639 2188 3
1010 2639 2188 3
1011 2614 2188 3
1012 2614 2188 3
1013 2614 2188 3
1014 2653 2188 3
1015 2614 2188 3
1016 2653 2188 3
1017 2726 2188 3
1018 2755 2188 3
1019 2723 2188 3
1020 2621 2188 3
1021 2582 2188 3
1022 2469 2188 3
1023 2469 2188 3
1024 2469 2188 3
1025 2469 2188 3
1026 2477 2188 3
1028 2477 2188 3
1029 2454 2188 3
1030 2520 2188 3
1031 2454 2188 3
1032 2520 2188 3
1033 2454 2188 3
1034 2527 2188 3
1035 2614 2188 3
1036 2627 2188 3
1037 2644 2188 3
1038 2627 2188 3
1039 2644 2188 3
1040 2669 2188 3
1041 2514 2188 3
1042 2441 2188 3
1043 2388 2188 3
1044 2359 2188 3
1045 2360 2188 3
1046 2359 2188 3
1047 2360 2188 3
1048 2375 2188 3
1049 2360 2188 3
1050 2359 2188 3
1051 2360 2188 3
1052 2359 2188 3
1053 2360 2188 3
1054 2375 2188 3
1055 2360 2188 3
1056 2375 2188 3
1057 2404 2188 3
1058 2433 2188 3
1059 2404 2188 3
1060 2450 2188 3
1061 2404 2188 3
1062 2450 2188 3
1063 2462 2188 3
1064 2389 2188 3
1065 2418 2188 3
1066 2389 2188 3
1067 2442 2188 3
1068 2389 2188 3
1070 2506 2188 3
1071 2579 2188 3
1072 2506 2188 3
1073 2579 2188 3
1074 2677 2188 3
1075 2580 2188 3
1076 2559 2188 3
1077 2648 2188 3
1078 2550 2188 3
1079 2477 2188 3
1080 2550 2188 3
1081 2654 2188 3
1082 2756 2188 3
1083 2828 2188 3
1084 2756 2188 3
1085 2828 2188 3
1086 2824 2188 3
1087 2921 2188 3
1088 2917 2188 3
1089 2958 2188 3
1090 3013 2188 3
1091 2958 2188 3
1092 3014 2188 3
1093 2869 2188 3
1094 2752 2188 3
1095 2751 2188 3
1096 2454 2188 3
1097 2352 2188 3
1098 2347 2188 3
1099 2352 2188 3
1100 2373 2188 3
1101 2426 2188 3
1102 2373 2188 3
1103 2475 2188 3
1104 2479 2188 3
1105 2551 2188 3
1106 2479 2188 3
1107 2551 2188 3
1108 2675 2188 3
1109 2606 2188 3
1110 2641 2188 3
1111 2736 2188 3
1112 2623 2188 3
1113 2613 2188 3
1114 2669 2188 3
1115 2642 2188 3
1116 2687 2188 3
1117 2775 2188 3
1118 2648 2188 3
1119 2572 2188 3
1120 2527 2188 3
1121 2537 2188 3
1122 2526 2188 3
1123 2571 2188 3
1124 2522 2188 3
1125 2458 2188 3
1126 2387 2188 3
1127 2230 2188 3
1128 2238 2188 3
1129 2259 2188 3
1130 2304 2188 3
1131 2310 2188 3
1132 2363 2188 3
1133 2310 2188 3
1134 2399 2188 3
1135 2457 2188 3
1136 2527 2188 3
1137 2629 2188 3
1138 2527 2188 3
1139 2629 2188 3
1140 2629 2188 3
1141 2629 2188 3
1142 2629 2188 3
1143 2621 2188 3
1144 2720 2188 3
1145 2820 2188 3
1146 2879 2188 3
1147 2820 2188 3
1148 2879 2188 3
1149 2862 2188 3
1150 2780 2188 3
1151 2726 2188 3
1152 2761 2188 3
1153 2705 2188 3
1154 2677 2188 3
1155 2706 2188 3
1156 2702 2188 3
1157 2702 2188 3
1158 2701 2188 3
1159 2658 2188 3
1160 2658 2188 3
1161 2658 2188 3
1162 2658 2188 3
1163 2662 2188 3
1164 2715 2188 3
1165 2748 2188 3
1166 2564 2188 3
1167 2511 2188 3
1168 2519 2188 3
1169 2510 2188 3
1170 2506 2188 3
1171 2510 2188 3
1172 2511 2188 3
1173 2510 2188 3
1174 2519 2188 3
1175 2457 2188 3
1176 2453 2188 3
1177 2457 2188 3
1178 2465 2188 3
1179 2457 2188 3
1180 2465 2188 3
1181 2490 2188 3
1182 2465 2188 3
1183 2449 2188 3
1184 2395 2188 3
1185 2449 2188 3
1186 2395 2188 3
1187 2497 2188 3
1188 2395 2188 3
1189 2497 2188 3
1190 2395 2188 3
1191 2503 2188 3
1192 2675 2188 3
1193 2564 2188 3
1194 2553 2188 3
1195 2788 2188 3
1196 2553 2188 3
1197 2798 2188 3
1198 2765 2188 3
1199 2774 2188 3
1200 2765 2188 3
1201 2769 2188 3
1202 2600 2188 3
1203 2609 2188 3
1204 2600 2188 3
1205 2625 2188 3
1206 2605 2188 3
1207 2600 2188 3
1208 2629 2188 3
1209 2600 2188 3
1210 2629 2188 3
1211 2660 2188 3
1212 2629 2188 3
1213 2633 2188 3
1214 2603 2188 3
1215 2599 2188 3
1216 2600 2188 3
1217 2604 2188 3
1218 2647 2188 3
1219 2647 2188 3
1220 2604 2188 3
1221 2605 2188 3
1222 2604 2188 3
1223 2604 2188 3
1224 2647 2188 3
1225 2648 2188 3
1226 2668 2188 3
1227 2645 2188 3
1228 2501 2188 3
1229 2495 2188 3
1230 2393 2188 3
1231 2407 2188 3
1232 2393 2188 3
1233 2407 2188 3
1234 2393 2188 3
1235 2407 2188 3
1236 2460 2188 3
1237 2407 2188 3
1238 2496 2188 3
1239 2598 2188 3
1240 2607 2188 3
1241 2679 2188 3
1242 2607 2188 3
1243 2679 2188 3
1244 2699 2188 3
1245 2781 2188 3
1246 2772 2188 3
1247 2768 2188 3
1248 2794 2188 3
1249 2768 2188 3
1250 2933 2188 3
1251 3116 2188 3
1252 3072 2188 3
1253 3169 2188 3
1254 3307 2188 3
1255 3169 2188 3
1256 3173 2188 3
1257 3169 2188 3
1258 3316 2188 3
1259 3116 2188 3
1260 3120 2188 3
1261 3116 2188 3
1262 3254 2188 3
1263 3116 2188 3
1264 3287 2188 3
1265 3202 2188 3
1266 3039 2188 3
1267 2933 2188 3
1268 2897 2188 3
1269 2876 2188 3
1270 2877 2188 3
1271 2876 2188 3
1272 2880 2188 3
1273 2876 2188 3
1274 2892 2188 3
1275 2698 2188 3
1276 2588 2188 3
1277 2572 2188 3
1278 2564 2188 3
1279 2565 2188 3
1280 2534 2188 3
1281 2538 2188 3
1282 2534 2188 3
1283 2542 2188 3
1284 2534 2188 3
1285 2550 2188 3
1286 2534 2188 3
1287 2550 2188 3
1288 2550 2188 3
1289 2551 2188 3
1290 2550 2188 3
1291 2554 2188 3
1292 2550 2188 3
1293 2554 2188 3
1294 2550 2188 3
1295 2554 2188 3
1296 2579 2188 3
1297 2579 2188 3
1298 2608 2188 3
1299 2644 2188 3
1300 2608 2188 3
1301 2612 2188 3
1302 2651 2188 3
1303 2652 2188 3
1304 2612 2188 3
1305 2665 2188 3
1306 2718 2188 3
1307 2767 2188 3
1308 2665 2188 3
1309 2718 2188 3
1310 2777 2188 3
1311 2773 2188 3
1312 2720 2188 3
1313 2718 2188 3
1314 2689 2188 3
1315 2690 2188 3
1316 2689 2188 3
1317 2690 2188 3
1319 2756 2188 3
1320 2735 2188 3
1321 2784 2188 3
1322 2646 2188 3
1323 2580 2188 3
1324 2527 2188 3
1325 2511 2188 3
1326 2510 2188 3
1327 2451 2188 3
1328 2465 2188 3
1329 2518 2188 3
1330 2465 2188 3
1331 2528 2188 3
1332 2409 2188 3
1333 2407 2188 3
1334 2378 2188 3
1335 2407 2188 3
1336 2409 2188 3
1337 2414 2188 3
1338 2351 2188 3
1339 2404 2188 3
1340 2351 2188 3
1341 2440 2188 3
1342 2548 2188 3
1343 2440 2188 3
1344 2554 2188 3
1345 2658 2188 3
1346 2704 2188 3
1347 2482 2188 3
1348 2582 2188 3
1349 2482 2188 3
1350 2535 2188 3
1351 2482 2188 3
1352 2538 2188 3
1353 2482 2188 3
1354 2545 2188 3
1355 2467 2188 3
1356 2496 2188 3
1358 2496 2188 3
1359 2498 2188 3
1360 2503 2188 3
1361 2440 2188 3
1362 2548 2188 3
1363 2440 2188 3
1364 2554 2188 3
1365 2440 2188 3
1366 2554 2188 3
1367 2723 2188 3
1368 2668 2188 3
1369 2869 2188 3
1370 2728 2188 3
1371 2729 2188 3
1372 2830 2188 3
1373 2729 2188 3
1374 2878 2188 3
1375 3093 2188 3
1376 3114 2188 3
1377 2973 2188 3
1378 2952 2188 3
1379 3022 2188 3
1380 2952 2188 3
1381 3083 2188 3
1382 2952 2188 3
1383 2953 2188 3
1384 3075 2188 3
1385 2999 2188 3
1386 3052 2188 3
1387 2946 2188 3
1388 2929 2188 3
1389 2900 2188 3
1390 2909 2188 3
1391 2900 2188 3
1392 2910 2188 3
1393 2939 2188 3
1394 2909 2188 3
Customer 1: 15
B1 ID: 21 D1 ID: 22
Customer 2: 24
B2 ID: 49 D2 ID: 48
-----
Route 1 Before: 50,5,49,21,27,11,13,4,9,36,50
Route 2 Before: 50,5,49,21,27,11,13,4,9,36,50
-----
---------
Route 1 After: 50,5,48,22,27,11,13,4,9,36,50
Route 2 After: 50,5,48,22,27,11,13,4,9,36,50
---------
Priority swap cost contribution: -36
1395 2873 2188 3
1396 2837 2188 3
1397 2803 2188 3
1398 2837 2188 3
1399 2856 2188 3
1400 2803 2188 3
1401 2839 2188 3
1402 2803 2188 3
1403 2843 2188 3
1404 2725 2188 3
1405 2416 2188 3
1406 2435 2188 3
1407 2416 2188 3
1408 2469 2188 3
1409 2416 2188 3
1410 2471 2188 3
1411 2302 2188 3
1412 2321 2188 3
1413 2302 2188 3
1414 2355 2188 3
1415 2302 2188 3
1416 2365 2188 3
1417 2302 2188 3
1418 2404 2188 3
1419 2411 2188 3
1420 2457 2188 3
1421 2621 2188 3
1422 2701 2188 3
1423 2680 2188 3
1424 2673 2188 3
1425 2488 2188 3
1426 2302 2188 3
1427 2321 2188 3
1428 2302 2188 3
1429 2355 2188 3
1430 2302 2188 3
1431 2365 2188 3
1432 2302 2188 3
1433 2404 2188 3
1434 2411 2188 3
1435 2457 2188 3
1436 2601 2188 3
1437 2657 2188 3
1438 2821 2188 3
1439 2901 2188 3
1440 2821 2188 3
1441 2990 2188 3
1442 2797 2188 3
1443 2867 2188 3
1444 2797 2188 3
1445 2935 2188 3
1446 2797 2188 3
1447 2944 2188 3
1448 2797 2188 3
1449 2983 2188 3
1450 2797 2188 3
1451 2983 2188 3
1452 2982 2188 3
1453 2681 2188 3
1454 2495 2188 3
1455 2548 2188 3
1456 2495 2188 3
1457 2548 2188 3
1458 2597 2188 3
1459 2667 2188 3
1460 2721 2188 3
1461 2667 2188 3
1462 2814 2188 3
1463 2667 2188 3
1464 2827 2188 3
1465 2695 2188 3
1466 2631 2188 3
1467 2462 2188 3
1468 2389 2188 3
1469 2276 2188 3
1470 2295 2188 3
1471 2321 2188 3
1472 2295 2188 3
1473 2348 2188 3
1474 2295 2188 3
1475 2356 2188 3
1476 2295 2188 3
1477 2384 2188 3
1478 2419 2188 3
1479 2493 2188 3
1480 2601 2188 3
1481 2773 2188 3
1482 2662 2188 3
1483 2607 2188 3
1484 2770 2188 3
1485 2812 2188 3
1486 2788 2188 3
1487 2788 2188 3
1488 2853 2188 3
1489 2887 2188 3
1490 2961 2188 3
1491 2965 2188 3
1492 3024 2188 3
1493 2949 2188 3
1494 2973 2188 3
1495 2928 2188 3
1496 2940 2188 3
1497 2928 2188 3
1498 2940 2188 3
1499 2940 2188 3
1500 2904 2188 3
1501 2893 2188 3
1502 2865 2188 3
1503 2755 2188 3
1504 2671 2188 3
1505 2640 2188 3
1506 2653 2188 3
1508 2653 2188 3
1509 2640 2188 3
1510 2653 2188 3
1511 2649 2188 3
1512 2697 2188 3
1513 2649 2188 3
1514 2697 2188 3
1515 2715 2188 3
1516 2714 2188 3
1517 2741 2188 3
1518 2714 2188 3
1519 2750 2188 3
1520 2714 2188 3
1521 2741 2188 3
1522 2800 2188 3
1523 2866 2188 3
1524 2879 2188 3
1525 2800 2188 3
1526 2785 2188 3
1527 2800 2188 3
1528 2785 2188 3
1529 2801 2188 3
1530 2774 2188 3
1531 2787 2188 3
1532 2859 2188 3
1533 2938 2188 3
1534 3035 2188 3
1535 3141 2188 3
1536 3035 2188 3
1537 3141 2188 3
1538 3068 2188 3
1539 3208 2188 3
1540 3104 2188 3
1541 3161 2188 3
1542 3081 2188 3
1543 3154 2188 3
1544 3196 2188 3
1545 3268 2188 3
1546 3324 2188 3
1547 3326 2188 3
1548 3459 2188 3
1549 3600 2188 3
1550 3606 2188 3
1551 3589 2188 3
1552 3606 2188 3
1553 3589 2188 3
1554 3700 2188 3
1555 3710 2188 3
1556 3706 2188 3
1557 3602 2188 3
1558 3595 2188 3
1559 3600 2188 3
1560 3626 2188 3
1561 3708 2188 3
1562 3671 2188 3
1563 3623 2188 3
1564 3601 2188 3
1565 3519 2188 3
1566 3508 2188 3
1567 3515 2188 3
1568 3508 2188 3
1569 3515 2188 3
1570 3508 2188 3
1571 3525 2188 3
1572 3550 2188 3
1573 3603 2188 3
1574 3550 2188 3
1575 3356 2188 3
1576 3207 2188 3
1577 3074 2188 3
1578 2944 2188 3
1579 2856 2188 3
1580 2772 2188 3
1581 2688 2188 3
1582 2669 2188 3
1583 2672 2188 3
1584 2693 2188 3
1585 2672 2188 3
1586 2693 2188 3
1587 2724 2188 3
1588 2663 2188 3
1589 2671 2188 3
1590 2663 2188 3
1591 2688 2188 3
1592 2638 2188 3
1593 2646 2188 3
1594 2638 2188 3
1595 2686 2188 3
1596 2638 2188 3
1597 2686 2188 3
1598 2721 2188 3
1599 2663 2188 3
1600 2688 2188 3
1601 2663 2188 3
1602 2709 2188 3
1603 2767 2188 3
1604 2709 2188 3
1605 2767 2188 3
1606 2782 2188 3
1607 2736 2188 3
1608 2834 2188 3
1609 2931 2188 3
1611 3026 2188 3
1612 3028 2188 3
1613 2902 2188 3
1614 2919 2188 3
1615 2918 2188 3
1616 2969 2188 3
1617 2800 2188 3
1618 2902 2188 3
1619 2800 2188 3
1620 2902 2188 3
1621 3052 2188 3
1622 3037 2188 3
1623 3008 2188 3
1624 2933 2188 3
1625 2969 2188 3
1626 2933 2188 3
1627 2971 2188 3
1628 2933 2188 3
1629 2973 2188 3
1630 3027 2188 3
1631 3088 2188 3
1632 3086 2188 3
1633 3082 2188 3
1634 3079 2188 3
1635 3132 2188 3
1636 3079 2188 3
1637 3132 2188 3
1638 3149 2188 3
1639 3170 2188 3
1640 3155 2188 3
1641 3114 2188 3
1642 3020 2188 3
1643 3051 2188 3
1644 3066 2188 3
1645 3025 2188 3
1646 2745 2188 3
1647 2741 2188 3
1648 2745 2188 3
1649 2783 2188 3
1650 2712 2188 3
1651 2682 2188 3
1652 2627 2188 3
1653 2536 2188 3
1654 2439 2188 3
1655 2426 2188 3
1656 2439 2188 3
1657 2455 2188 3
1658 2426 2188 3
1659 2439 2188 3
1660 2426 2188 3
1661 2439 2188 3
1662 2458 2188 3
1663 2439 2188 3
1664 2469 2188 3
1665 2427 2188 3
1666 2374 2188 3
1667 2359 2188 3
1668 2360 2188 3
1669 2359 2188 3
1670 2363 2188 3
1671 2378 2188 3
1672 2363 2188 3
1673 2378 2188 3
1674 2374 2188 3
1675 2359 2188 3
1676 2363 2188 3
1677 2388 2188 3
1678 2359 2188 3
1679 2360 2188 3
1680 2375 2188 3
1681 2421 2188 3
1682 2375 2188 3
1683 2446 2188 3
1684 2466 2188 3
1685 2539 2188 3
1686 2623 2188 3
1687 2627 2188 3
1688 2433 2188 3
1689 2341 2188 3
1690 2332 2188 3
1691 2332 2188 3
1692 2230 2188 3
1693 2238 2188 3
1694 2230 2188 3
1695 2259 2188 3
1696 2304 2188 3
1697 2310 2188 3
1698 2302 2188 3
1699 2238 2188 3
1700 2259 2188 3
1701 2238 2188 3
1702 2291 2188 3
1703 2238 2188 3
1704 2302 2188 3
1705 2310 2188 3
1706 2399 2188 3
1707 2457 2188 3
1708 2527 2188 3
1709 2629 2188 3
1710 2728 2188 3
1711 2834 2188 3
1712 2935 2188 3
1713 3100 2188 3
1714 3029 2188 3
1715 3035 2188 3
1716 3029 2188 3
1717 3035 2188 3
1718 3029 2188 3
1719 3046 2188 3
1720 3102 2188 3
1721 3215 2188 3
1722 3216 2188 3
1723 3127 2188 3
1724 3251 2188 3
1725 3127 2188 3
1726 2927 2188 3
1727 2910 2188 3
1728 2870 2188 3
1729 2631 2188 3
1730 2529 2188 3
1731 2582 2188 3
1732 2529 2188 3
1733 2618 2188 3
1734 2528 2188 3
1735 2488 2188 3
1736 2509 2188 3
1737 2488 2188 3
1738 2509 2188 3
1739 2395 2188 3
1740 2366 2188 3
1741 2374 2188 3
1742 2395 2188 3
1743 2448 2188 3
1744 2395 2188 3
1745 2470 2188 3
1747 2471 2188 3
1748 2470 2188 3
1749 2395 2188 3
1750 2496 2188 3
1751 2375 2188 3
1752 2346 2188 3
1753 2354 2188 3
1754 2374 2188 3
1755 2427 2188 3
1756 2374 2188 3
1757 2449 2188 3
1758 2374 2188 3
1759 2449 2188 3
1760 2448 2188 3
1761 2399 2188 3
1762 2441 2188 3
1763 2399 2188 3
1764 2448 2188 3
1765 2448 2188 3
1766 2327 2188 3
1767 2319 2188 3
1768 2327 2188 3
1769 2348 2188 3
1770 2377 2188 3
1771 2348 2188 3
1772 2401 2188 3
1773 2348 2188 3
1774 2456 2188 3
1775 2348 2188 3
1776 2517 2188 3
1777 2521 2188 3
1778 2576 2188 3
1779 2750 2188 3
1780 2822 2188 3
1781 2835 2188 3
1782 2824 2188 3
1783 2998 2188 3
1784 2989 2188 3
1785 3129 2188 3
1786 3276 2188 3
1787 3278 2188 3
1788 3276 2188 3
1789 3278 2188 3
1790 3306 2188 3
1791 3371 2188 3
1792 3243 2188 3
1793 3136 2188 3
1794 3154 2188 3
1795 3136 2188 3
1796 3165 2188 3
1797 3136 2188 3
1798 3171 2188 3
1799 3136 2188 3
1800 2933 2188 3
1801 2761 2188 3
1802 2686 2188 3
1803 2638 2188 3
1804 2646 2188 3
1805 2638 2188 3
1806 2686 2188 3
1807 2638 2188 3
1808 2686 2188 3
1809 2704 2188 3
1810 2750 2188 3
1811 2746 2188 3
1812 2750 2188 3
1813 2775 2188 3
1814 2824 2188 3
1815 2779 2188 3
1816 2778 2188 3
1817 2749 2188 3
1818 2814 2188 3
1819 2749 2188 3
1820 2778 2188 3
1821 2749 2188 3
1822 2815 2188 3
1823 2749 2188 3
1824 2828 2188 3
1825 2813 2188 3
1826 2734 2188 3
1827 2709 2188 3
1828 2663 2188 3
1829 2688 2188 3
1830 2663 2188 3
1831 2688 2188 3
1832 2663 2188 3
1833 2709 2188 3
1834 2744 2188 3
1835 2767 2188 3
1836 2795 2188 3
1837 2847 2188 3
1838 2905 2188 3
1839 2755 2188 3
1840 2766 2188 3
1841 2846 2188 3
1842 2766 2188 3
1843 2851 2188 3
1844 2890 2188 3
1845 2712 2188 3
1846 2686 2188 3
1847 2667 2188 3
1848 2703 2188 3
1849 2667 2188 3
1850 2726 2188 3
1851 2667 2188 3
1852 2726 2188 3
1853 2715 2188 3
1854 2734 2188 3
1855 2818 2188 3
1856 2925 2188 3
1857 2970 2188 3
1858 3037 2188 3
1859 2970 2188 3
1860 3048 2188 3
1861 2985 2188 3
1862 3016 2188 3
1863 2953 2188 3
1864 2981 2188 3
1865 3064 2188 3
1866 2981 2188 3
1867 3087 2188 3
1868 2981 2188 3
1869 2880 2188 3
1870 2856 2188 3
1871 2856 2188 3
1872 2861 2188 3
1873 2864 2188 3
1874 2850 2188 3
1875 2795 2188 3
1876 2767 2188 3
1877 2744 2188 3
1878 2739 2188 3
1879 2735 2188 3
1880 2732 2188 3
1881 2732 2188 3
1882 2732 2188 3
1883 2735 2188 3
1884 2732 2188 3
1885 2736 2188 3
1886 2671 2188 3
1887 2618 2188 3
1888 2596 2188 3
1889 2590 2188 3
1890 2567 2188 3
1891 2567 2188 3
1892 2567 2188 3
1893 2570 2188 3
1894 2567 2188 3
1895 2570 2188 3
1896 2567 2188 3
1897 2590 2188 3
1898 2596 2188 3
1899 2604 2188 3
1900 2626 2188 3
1901 2625 2188 3
1902 2647 2188 3
1903 2648 2188 3
1904 2677 2188 3
1905 2750 2188 3
1906 2677 2188 3
1907 2750 2188 3
1908 2677 2188 3
1909 2759 2188 3
1910 2628 2188 3
1911 2479 2188 3
1912 2408 2188 3
1913 2378 2188 3
1914 2363 2188 3
1915 2359 2188 3
1916 2360 2188 3
1917 2359 2188 3
1918 2360 2188 3
1919 2359 2188 3
1920 2363 2188 3
1921 2378 2188 3
1922 2408 2188 3
1923 2461 2188 3
1924 2408 2188 3
1925 2479 2188 3
1926 2499 2188 3
1927 2470 2188 3
1928 2554 2188 3
1929 2470 2188 3
1930 2588 2188 3
1931 2470 2188 3
1932 2588 2188 3
1933 2470 2188 3
1934 2589 2188 3
1935 2470 2188 3
1936 2604 2188 3
1937 2601 2188 3
1938 2553 2188 3
1939 2557 2188 3
1941 2612 2188 3
1942 2510 2188 3
1943 2592 2188 3
1944 2569 2188 3
1945 2535 2188 3
1946 2539 2188 3
1947 2592 2188 3
1948 2641 2188 3
1949 2711 2188 3
1950 2583 2188 3
1951 2481 2188 3
1952 2452 2188 3
1953 2448 2188 3
1954 2448 2188 3
1955 2449 2188 3
1956 2453 2188 3
1957 2468 2188 3
1958 2453 2188 3
1959 2468 2188 3
1960 2464 2188 3
1961 2449 2188 3
1962 2453 2188 3
1963 2481 2188 3
1964 2481 2188 3
1965 2534 2188 3
1966 2481 2188 3
1967 2583 2188 3
1968 2582 2188 3
1969 2554 2188 3
1970 2452 2188 3
1971 2467 2188 3
1972 2452 2188 3
1973 2467 2188 3
1974 2463 2188 3
1975 2448 2188 3
1976 2449 2188 3
1977 2448 2188 3
1978 2452 2188 3
1979 2448 2188 3
1980 2452 2188 3
1981 2502 2188 3
1982 2452 2188 3
1983 2505 2188 3
1984 2452 2188 3
1985 2510 2188 3
1986 2452 2188 3
1987 2534 2188 3
1988 2565 2188 3
1989 2564 2188 3
1990 2666 2188 3
1991 2751 2188 3
1992 2588 2188 3
1993 2480 2188 3
1994 2421 2188 3
1995 2421 2188 3
1996 2319 2188 3
1997 2327 2188 3
1998 2319 2188 3
1999 2339 2188 3
2000 2368 2188 3
2001 2391 2188 3
2002 2393 2188 3
2003 2348 2188 3
2004 2393 2188 3
2005 2399 2188 3
2006 2391 2188 3
2007 2327 2188 3
2008 2348 2188 3
2009 2327 2188 3
2010 2348 2188 3
2011 2401 2188 3
2012 2348 2188 3
2013 2450 2188 3
2014 2348 2188 3
2015 2456 2188 3
2016 2348 2188 3
2017 2469 2188 3
2018 2500 2188 3
2019 2508 2188 3
2020 2469 2188 3
2021 2518 2188 3
2022 2259 2188 3
2023 2230 2188 3
2024 2238 2188 3
2025 2230 2188 3
2026 2238 2188 3
2027 2259 2188 3
2028 2312 2188 3
2029 2259 2188 3
2030 2323 2188 3
2031 2259 2188 3
2032 2323 2188 3
2033 2304 2188 3
2034 2259 2188 3
2035 2304 2188 3
2036 2310 2188 3
2037 2399 2188 3
2038 2501 2188 3
2039 2497 2188 3
2040 2468 2188 3
2041 2497 2188 3
2042 2528 2188 3
2043 2426 2188 3
2044 2434 2188 3
2045 2426 2188 3
2046 2435 2188 3
2047 2556 2188 3
2048 2665 2188 3
2049 2435 2188 3
2050 2537 2188 3
2051 2435 2188 3
2052 2556 2188 3
2053 2654 2188 3
2054 2654 2188 3
2055 2537 2188 3
2056 2435 2188 3
2057 2584 2188 3
2058 2706 2188 3
2059 2435 2188 3
2060 2537 2188 3
2061 2497 2188 3
2062 2553 2188 3
2063 2379 2188 3
2064 2408 2188 3
2065 2379 2188 3
2066 2500 2188 3
2067 2379 2188 3
2068 2500 2188 3
2069 2480 2188 3
2070 2604 2188 3
2071 2480 2188 3
2072 2604 2188 3
2073 2535 2188 3
2074 2535 2188 3
2075 2508 2188 3
2076 2512 2188 3
2077 2533 2188 3
2078 2504 2188 3
2079 2531 2188 3
2080 2637 2188 3
2081 2531 2188 3
2082 2646 2188 3
2083 2531 2188 3
2084 2646 2188 3
2085 2768 2188 3
2086 2760 2188 3
2087 2770 2188 3
2088 2496 2188 3
2089 2496 2188 3
2090 2188 2188 3
2091 2196 2188 3
2092 2188 2188 3
2093 2217 2188 3
2094 2270 2188 3
2095 2217 2188 3
2096 2286 2188 3
2097 2217 2188 3
2098 2292 2188 3
2099 2263 2188 3
2100 2188 2188 3
2101 2196 2188 3
2102 2188 2188 3
2103 2217 2188 3
2104 2270 2188 3
2105 2217 2188 3
2106 2286 2188 3
2107 2217 2188 3
2108 2292 2188 3
2109 2263 2188 3
2110 2263 2188 3
2111 2271 2188 3
2112 2314 2188 3
2113 2317 2188 3
2114 2406 2188 3
2115 2505 2188 3
2116 2581 2188 3
2117 2460 2188 3
2118 2481 2188 3
2119 2451 2188 3
2120 2447 2188 3
2121 2478 2188 3
2122 2478 2188 3
2123 2486 2188 3
2124 2447 2188 3
2125 2476 2188 3
2126 2480 2188 3
2127 2459 2188 3
2128 2285 2188 3
2129 2306 2188 3
2130 2285 2188 3
2131 2360 2188 3
2132 2285 2188 3
2133 2360 2188 3
2134 2374 2188 3
2135 2383 2188 3
2136 2426 2188 3
2137 2534 2188 3
2138 2426 2188 3
2139 2534 2188 3
2140 2608 2188 3
2141 2626 2188 3
2142 2653 2188 3
2143 2839 2188 3
2144 2845 2188 3
2145 2951 2188 3
2146 2922 2188 3
2147 2904 2188 3
2148 2839 2188 3
2149 3008 2188 3
2150 3007 2188 3
2151 3160 2188 3
2152 3007 2188 3
2153 3176 2188 3
2154 3007 2188 3
2155 3072 2188 3
Priority 1: 0.8
Priority 2: 0.96
///////////////////
Feasible
Solution Cost: 2188
--------------
Route 0:

LOCATION | CUSTOMER
0 1000
16 20
2 6
28 3
28 0
28 23
28 1
3 7
20 22
4 8
26 14
0 1000
Max capacity: 150 Load:140
--------------
--------------
Route 1:

LOCATION | CUSTOMER
0 1000
27 18
27 21
27 2
27 19
8 12
0 1000
Max capacity: 150 Load:71
--------------
--------------
Route 2:

LOCATION | CUSTOMER
0 1000
1 5
30 16
26 13
26 24
29 17
29 15
29 11
29 10
29 4
5 9
0 1000
Max capacity: 150 Load:150
--------------
Solution Cost: 2188
Priority 1: 0.8
Priority 2: 0.96
///////////////////
Restart: 2
0 3676 1.7976931348623157E+308 0
1 3440 1.7976931348623157E+308 0
2 3254 1.7976931348623157E+308 0
3 3089 1.7976931348623157E+308 0
4 2942 1.7976931348623157E+308 0
5 2834 1.7976931348623157E+308 0
6 2737 1.7976931348623157E+308 0
7 2676 1.7976931348623157E+308 0
8 2640 1.7976931348623157E+308 0
9 2612 2612 4 flip
9 2612 2612 4
10 2598 2598 4 flip
10 2598 2598 4
11 2593 2593 4 flip
11 2593 2593 4
12 2584 2584 4 flip
12 2584 2584 4
13 2583 2583 4 flip
13 2583 2583 4
14 2487 2487 4 relocate
14 2487 2487 4
15 2441 2441 4 two opt
15 2441 2441 4
16 2450 2441 4
17 2441 2441 4
18 2455 2441 4
19 2441 2441 4
20 2460 2441 4
21 2472 2441 4
22 2487 2441 4
23 2441 2441 4
24 2514 2441 4
25 2441 2441 4
26 2524 2441 4
27 2593 2441 4
28 2455 2441 4
29 2486 2441 4
30 2487 2441 4
31 2525 2441 4
32 2486 2441 4
33 2507 2441 4
34 2526 2441 4
35 2567 2441 4
36 2569 2441 4
37 2526 2441 4
38 2569 2441 4
39 2609 2441 4
40 2557 2557 3 two opt
40 2557 2557 3
41 2570 2557 3
42 2586 2557 3
43 2628 2557 3
44 2599 2557 3
45 2599 2557 3
46 2599 2557 3
47 2600 2557 3
48 2629 2557 3
49 2580 2557 3
50 2551 2551 3 swap
50 2551 2551 3
51 2518 2518 3 two opt
51 2518 2518 3
52 2410 2410 3 flip
52 2410 2410 3
53 2423 2410 3
54 2294 2294 3 flip
54 2294 2294 3
55 2302 2294 3
56 2294 2294 3
57 2347 2294 3
58 2418 2294 3
59 2347 2294 3
60 2422 2294 3
61 2418 2294 3
62 2389 2294 3
63 2418 2294 3
64 2457 2294 3
65 2418 2294 3
66 2475 2294 3
67 2474 2294 3
68 2399 2294 3
69 2450 2294 3
70 2399 2294 3
71 2513 2294 3
72 2399 2294 3
73 2474 2294 3
74 2417 2294 3
75 2364 2294 3
76 2335 2294 3
77 2364 2294 3
78 2335 2294 3
79 2364 2294 3
80 2395 2294 3
81 2320 2294 3
82 2328 2294 3
83 2320 2294 3
84 2329 2294 3
85 2443 2294 3
86 2329 2294 3
87 2443 2294 3
88 2329 2294 3
89 2443 2294 3
90 2564 2294 3
91 2568 2294 3
92 2528 2294 3
93 2581 2294 3
94 2634 2294 3
95 2581 2294 3
96 2634 2294 3
97 2630 2294 3
98 2634 2294 3
99 2643 2294 3
100 2571 2294 3
101 2562 2294 3
102 2460 2294 3
103 2562 2294 3
104 2460 2294 3
105 2562 2294 3
106 2558 2294 3
107 2597 2294 3
108 2456 2294 3
109 2381 2294 3
110 2456 2294 3
111 2417 2294 3
112 2474 2294 3
113 2417 2294 3
114 2489 2294 3
115 2417 2294 3
116 2489 2294 3
117 2417 2294 3
118 2509 2294 3
119 2534 2294 3
120 2509 2294 3
121 2534 2294 3
122 2535 2294 3
123 2679 2294 3
124 2783 2294 3
125 2812 2294 3
126 2906 2294 3
127 2875 2294 3
128 3013 2294 3
129 3171 2294 3
130 3154 2294 3
131 3226 2294 3
132 3154 2294 3
133 3295 2294 3
134 3291 2294 3
135 3133 2294 3
136 2984 2294 3
137 2993 2294 3
138 2992 2294 3
139 3000 2294 3
140 2983 2294 3
141 2926 2294 3
142 2690 2294 3
143 2791 2294 3
144 2690 2294 3
145 2791 2294 3
146 2791 2294 3
147 2791 2294 3
148 2792 2294 3
149 2693 2294 3
150 2555 2294 3
151 2502 2294 3
152 2499 2294 3
153 2502 2294 3
154 2501 2294 3
155 2502 2294 3
156 2499 2294 3
157 2552 2294 3
158 2499 2294 3
159 2552 2294 3
160 2499 2294 3
161 2572 2294 3
162 2499 2294 3
163 2572 2294 3
164 2560 2294 3
165 2589 2294 3
166 2590 2294 3
167 2623 2294 3
168 2638 2294 3
169 2675 2294 3
170 2571 2294 3
171 2540 2294 3
172 2478 2294 3
173 2448 2294 3
174 2449 2294 3
175 2448 2294 3
176 2449 2294 3
177 2464 2294 3
178 2449 2294 3
179 2464 2294 3
180 2492 2294 3
181 2488 2294 3
182 2491 2294 3
183 2476 2294 3
184 2448 2294 3
185 2470 2294 3
186 2448 2294 3
187 2452 2294 3
188 2448 2294 3
189 2452 2294 3
190 2502 2294 3
191 2604 2294 3
192 2703 2294 3
193 2702 2294 3
194 2502 2294 3
195 2604 2294 3
196 2714 2294 3
197 2685 2294 3
198 2666 2294 3
199 2739 2294 3
200 2666 2294 3
201 2766 2294 3
202 2666 2294 3
203 2782 2294 3
204 2802 2294 3
205 2782 2294 3
206 2802 2294 3
207 2839 2294 3
208 2958 2294 3
209 3014 2294 3
210 3151 2294 3
211 3095 2294 3
212 3334 2294 3
213 3338 2294 3
214 3360 2294 3
215 3490 2294 3
216 3495 2294 3
217 3551 2294 3
218 3615 2294 3
219 3637 2294 3
220 3804 2294 3
221 3663 2294 3
222 3590 2294 3
223 3471 2294 3
224 3568 2294 3
225 3424 2294 3
226 3284 2294 3
227 3147 2294 3
228 3026 2294 3
229 2867 2294 3
230 2817 2294 3
231 2804 2294 3
232 2794 2294 3
233 2792 2294 3
234 2648 2294 3
235 2542 2294 3
236 2501 2294 3
237 2448 2294 3
238 2449 2294 3
239 2448 2294 3
240 2452 2294 3
241 2453 2294 3
242 2468 2294 3
243 2453 2294 3
244 2468 2294 3
245 2464 2294 3
246 2449 2294 3
247 2453 2294 3
248 2475 2294 3
249 2452 2294 3
250 2448 2294 3
251 2452 2294 3
252 2448 2294 3
253 2463 2294 3
254 2448 2294 3
255 2463 2294 3
256 2448 2294 3
257 2473 2294 3
258 2448 2294 3
259 2479 2294 3
260 2487 2294 3
261 2448 2294 3
262 2498 2294 3
263 2448 2294 3
264 2504 2294 3
265 2359 2294 3
266 2360 2294 3
267 2359 2294 3
268 2360 2294 3
269 2359 2294 3
270 2360 2294 3
271 2375 2294 3
272 2360 2294 3
273 2375 2294 3
274 2404 2294 3
275 2389 2294 3
276 2418 2294 3
277 2393 2294 3
278 2389 2294 3
279 2442 2294 3
280 2389 2294 3
281 2462 2294 3
282 2491 2294 3
283 2462 2294 3
284 2547 2294 3
285 2552 2294 3
286 2552 2294 3
287 2568 2294 3
288 2606 2294 3
289 2640 2294 3
290 2689 2294 3
291 2714 2294 3
292 2604 2294 3
293 2693 2294 3
294 2801 2294 3
295 2693 2294 3
296 2840 2294 3
297 2816 2294 3
298 2830 2294 3
299 2818 2294 3
300 2788 2294 3
301 2792 2294 3
302 2778 2294 3
303 2756 2294 3
304 2757 2294 3
305 2756 2294 3
306 2778 2294 3
307 2681 2294 3
308 2685 2294 3
309 2691 2294 3
310 2690 2294 3
311 2703 2294 3
312 2690 2294 3
313 2707 2294 3
314 2601 2294 3
315 2593 2294 3
316 2601 2294 3
317 2602 2294 3
318 2629 2294 3
319 2510 2294 3
320 2495 2294 3
321 2450 2294 3
322 2429 2294 3
323 2429 2294 3
324 2327 2294 3
325 2319 2294 3
326 2327 2294 3
327 2347 2294 3
328 2368 2294 3
329 2391 2294 3
330 2393 2294 3
331 2348 2294 3
332 2393 2294 3
333 2399 2294 3
334 2452 2294 3
335 2399 2294 3
336 2501 2294 3
337 2515 2294 3
338 2524 2294 3
339 2522 2294 3
340 2513 2294 3
341 2411 2294 3
342 2299 2294 3
343 2352 2294 3
344 2299 2294 3
345 2374 2294 3
346 2299 2294 3
347 2374 2294 3
348 2375 2294 3
349 2420 2294 3
350 2375 2294 3
351 2498 2294 3
352 2570 2294 3
353 2678 2294 3
354 2570 2294 3
355 2715 2294 3
356 2728 2294 3
357 2880 2294 3
358 2915 2294 3
359 2815 2294 3
360 2915 2294 3
361 2869 2294 3
362 2813 2294 3
363 2754 2294 3
364 2530 2294 3
365 2602 2294 3
366 2698 2294 3
367 2715 2294 3
368 2864 2294 3
369 2798 2294 3
370 2692 2294 3
371 2621 2294 3
372 2667 2294 3
373 2621 2294 3
374 2727 2294 3
375 2614 2294 3
376 2568 2294 3
377 2464 2294 3
378 2487 2294 3
379 2464 2294 3
380 2517 2294 3
381 2464 2294 3
382 2520 2294 3
383 2464 2294 3
384 2520 2294 3
385 2522 2294 3
386 2422 2294 3
387 2299 2294 3
388 2352 2294 3
389 2299 2294 3
390 2374 2294 3
391 2299 2294 3
392 2388 2294 3
393 2417 2294 3
394 2374 2294 3
395 2375 2294 3
396 2420 2294 3
397 2519 2294 3
398 2595 2294 3
399 2474 2294 3
400 2503 2294 3
401 2473 2294 3
402 2469 2294 3
403 2468 2294 3
404 2442 2294 3
405 2370 2294 3
406 2341 2294 3
407 2370 2294 3
408 2341 2294 3
409 2482 2294 3
410 2341 2294 3
411 2482 2294 3
412 2341 2294 3
413 2482 2294 3
414 2341 2294 3
415 2482 2294 3
416 2651 2294 3
417 2482 2294 3
418 2684 2294 3
419 2611 2294 3
420 2638 2294 3
421 2707 2294 3
422 2790 2294 3
423 2799 2294 3
424 2685 2294 3
425 2706 2294 3
426 2841 2294 3
427 2727 2294 3
428 2835 2294 3
429 2837 2294 3
430 2835 2294 3
431 2837 2294 3
432 2902 2294 3
433 2851 2294 3
434 2970 2294 3
435 2972 2294 3
436 2978 2294 3
437 3000 2294 3
438 2972 2294 3
439 2978 2294 3
440 3000 2294 3
441 3064 2294 3
442 3151 2294 3
443 3247 2294 3
444 3137 2294 3
445 3154 2294 3
446 3002 2294 3
Customer 1: 23
B1 ID: 46 D1 ID: 44
Customer 2: 18
B2 ID: 31 D2 ID: 30
-----
Route 1 Before: 50,20,6,0,46,3,1,7,41,8,26,50
Route 2 Before: 50,2,35,31,34,38,14,50
-----
---------
Route 1 After: 50,20,6,0,44,3,1,7,41,8,26,50
Route 2 After: 50,2,35,30,34,38,14,50
---------
Priority swap cost contribution: 51
447 3053 2294 3
448 2994 2294 3
449 2990 2294 3
450 2845 2294 3
451 2701 2294 3
452 2580 2294 3
453 2528 2294 3
454 2359 2294 3
455 2330 2294 3
456 2330 2294 3
457 2338 2294 3
458 2359 2294 3
459 2410 2294 3
460 2359 2294 3
461 2412 2294 3
462 2359 2294 3
463 2434 2294 3
464 2359 2294 3
465 2473 2294 3
466 2359 2294 3
467 2434 2294 3
468 2377 2294 3
469 2348 2294 3
470 2319 2294 3
471 2327 2294 3
472 2348 2294 3
473 2377 2294 3
474 2381 2294 3
475 2381 2294 3
476 2352 2294 3
477 2397 2294 3
478 2352 2294 3
479 2397 2294 3
480 2397 2294 3
481 2368 2294 3
482 2397 2294 3
483 2398 2294 3
484 2277 2277 3 two opt
484 2277 2277 3
485 2285 2277 3
486 2277 2277 3
487 2306 2277 3
488 2359 2277 3
489 2306 2277 3
490 2375 2277 3
491 2306 2277 3
492 2375 2277 3
493 2348 2277 3
494 2277 2277 3
495 2330 2277 3
496 2277 2277 3
497 2348 2277 3
498 2517 2277 3
499 2348 2277 3
500 2566 2277 3
501 2709 2277 3
502 2715 2277 3
503 2720 2277 3
504 2712 2277 3
505 2833 2277 3
506 2815 2277 3
507 2744 2277 3
508 2623 2277 3
509 2631 2277 3
510 2259 2259 3 swap
510 2259 2259 3
511 2188 2188 3 swap
511 2188 2188 3
512 2196 2188 3
513 2217 2188 3
514 2270 2188 3
515 2217 2188 3
516 2286 2188 3
517 2335 2188 3
518 2286 2188 3
519 2335 2188 3
520 2338 2188 3
521 2217 2188 3
522 2292 2188 3
523 2292 2188 3
524 2461 2188 3
525 2292 2188 3
526 2263 2188 3
527 2263 2188 3
528 2188 2188 3
529 2196 2188 3
530 2188 2188 3
531 2217 2188 3
532 2270 2188 3
533 2217 2188 3
534 2286 2188 3
535 2217 2188 3
536 2292 2188 3
537 2292 2188 3
538 2364 2188 3
539 2384 2188 3
540 2355 2188 3
541 2444 2188 3
542 2410 2188 3
543 2509 2188 3
544 2543 2188 3
545 2566 2188 3
546 2565 2188 3
547 2537 2188 3
548 2645 2188 3
549 2777 2188 3
550 2737 2188 3
551 2818 2188 3
552 2737 2188 3
553 2818 2188 3
554 2821 2188 3
555 2605 2188 3
556 2735 2188 3
557 2605 2188 3
558 2737 2188 3
559 2831 2188 3
560 2605 2188 3
561 2777 2188 3
562 2666 2188 3
563 2821 2188 3
564 2622 2188 3
565 2678 2188 3
566 2622 2188 3
567 2816 2188 3
568 2812 2188 3
569 3011 2188 3
570 2940 2188 3
571 2740 2188 3
572 2721 2188 3
573 2725 2188 3
574 2721 2188 3
575 2921 2188 3
576 2721 2188 3
577 2941 2188 3
578 2862 2188 3
579 2963 2188 3
580 2802 2188 3
581 2947 2188 3
582 3014 2188 3
583 2981 2188 3
584 2981 2188 3
585 2796 2188 3
586 2617 2188 3
587 2621 2188 3
588 2617 2188 3
589 2648 2188 3
590 2617 2188 3
591 2689 2188 3
592 2647 2188 3
593 2613 2188 3
594 2617 2188 3
595 2687 2188 3
596 2753 2188 3
597 2865 2188 3
598 2921 2188 3
599 3001 2188 3
600 2647 2188 3
601 2613 2188 3
602 2555 2188 3
603 2526 2188 3
604 2391 2188 3
605 2390 2188 3
606 2391 2188 3
607 2395 2188 3
608 2391 2188 3
609 2395 2188 3
610 2497 2188 3
611 2395 2188 3
612 2516 2188 3
613 2395 2188 3
614 2516 2188 3
615 2589 2188 3
616 2740 2188 3
617 2546 2188 3
618 2526 2188 3
619 2454 2188 3
620 2497 2188 3
621 2601 2188 3
622 2740 2188 3
623 2712 2188 3
624 2543 2188 3
625 2396 2188 3
626 2263 2188 3
627 2259 2188 3
628 2230 2188 3
629 2238 2188 3
630 2230 2188 3
631 2259 2188 3
632 2288 2188 3
633 2341 2188 3
634 2288 2188 3
635 2360 2188 3
636 2288 2188 3
637 2360 2188 3
638 2364 2188 3
639 2286 2188 3
640 2217 2188 3
641 2188 2188 3
642 2196 2188 3
643 2249 2188 3
644 2196 2188 3
645 2265 2188 3
646 2196 2188 3
647 2265 2188 3
648 2259 2188 3
649 2188 2188 3
650 2241 2188 3
651 2188 2188 3
652 2259 2188 3
653 2335 2188 3
654 2263 2188 3
655 2263 2188 3
656 2407 2188 3
657 2556 2188 3
658 2556 2188 3
659 2600 2188 3
660 2818 2188 3
661 2845 2188 3
662 2600 2188 3
663 2818 2188 3
664 2845 2188 3
665 2849 2188 3
666 2814 2188 3
667 2849 2188 3
668 2876 2188 3
669 2884 2188 3
670 2849 2188 3
671 2814 2188 3
672 2849 2188 3
673 2814 2188 3
674 2849 2188 3
675 2700 2188 3
676 2526 2188 3
677 2491 2188 3
678 2456 2188 3
679 2455 2188 3
680 2456 2188 3
681 2463 2188 3
682 2477 2188 3
683 2512 2188 3
684 2477 2188 3
685 2512 2188 3
686 2499 2188 3
687 2463 2188 3
688 2499 2188 3
689 2530 2188 3
690 2539 2188 3
691 2586 2188 3
692 2539 2188 3
693 2586 2188 3
694 2585 2188 3
695 2556 2188 3
696 2585 2188 3
697 2564 2188 3
698 2560 2188 3
699 2388 2188 3
700 2313 2188 3
701 2304 2188 3
702 2312 2188 3
703 2313 2188 3
704 2321 2188 3
705 2313 2188 3
706 2342 2188 3
707 2395 2188 3
708 2394 2188 3
709 2395 2188 3
710 2342 2188 3
711 2417 2188 3
712 2377 2188 3
713 2348 2188 3
714 2319 2188 3
715 2348 2188 3
716 2377 2188 3
717 2360 2188 3
718 2360 2188 3
719 2416 2188 3
720 2271 2188 3
721 2271 2188 3
722 2263 2188 3
723 2263 2188 3
724 2293 2188 3
725 2271 2188 3
726 2271 2188 3
727 2292 2188 3
728 2335 2188 3
729 2286 2188 3
730 2259 2188 3
731 2265 2188 3
732 2314 2188 3
733 2265 2188 3
734 2318 2188 3
735 2265 2188 3
736 2343 2188 3
737 2271 2188 3
738 2343 2188 3
739 2432 2188 3
740 2540 2188 3
741 2432 2188 3
742 2541 2188 3
743 2369 2188 3
744 2418 2188 3
745 2488 2188 3
746 2489 2188 3
747 2414 2188 3
748 2374 2188 3
749 2488 2188 3
750 2366 2188 3
751 2374 2188 3
752 2395 2188 3
753 2448 2188 3
754 2395 2188 3
755 2470 2188 3
756 2395 2188 3
757 2470 2188 3
758 2441 2188 3
759 2366 2188 3
760 2395 2188 3
761 2496 2188 3
762 2536 2188 3
763 2629 2188 3
764 2707 2188 3
765 2661 2188 3
766 2540 2188 3
767 2648 2188 3
768 2540 2188 3
769 2476 2188 3
770 2346 2188 3
771 2354 2188 3
772 2374 2188 3
773 2449 2188 3
774 2448 2188 3
775 2399 2188 3
776 2391 2188 3
777 2420 2188 3
778 2319 2188 3
779 2327 2188 3
780 2319 2188 3
781 2348 2188 3
782 2377 2188 3
783 2408 2188 3
784 2333 2188 3
785 2304 2188 3
786 2312 2188 3
787 2304 2188 3
788 2312 2188 3
789 2321 2188 3
790 2342 2188 3
791 2417 2188 3
792 2377 2188 3
793 2417 2188 3
794 2377 2188 3
795 2433 2188 3
796 2259 2188 3
797 2230 2188 3
798 2238 2188 3
799 2259 2188 3
800 2288 2188 3
801 2259 2188 3
802 2288 2188 3
803 2341 2188 3
804 2288 2188 3
805 2360 2188 3
806 2364 2188 3
807 2286 2188 3
808 2217 2188 3
809 2188 2188 3
810 2196 2188 3
811 2217 2188 3
812 2270 2188 3
813 2217 2188 3
814 2286 2188 3
815 2501 2188 3
816 2286 2188 3
817 2501 2188 3
818 2331 2188 3
819 2310 2188 3
820 2492 2188 3
821 2310 2188 3
822 2504 2188 3
823 2706 2188 3
824 2706 2188 3
825 2512 2188 3
826 2504 2188 3
827 2504 2188 3
828 2310 2188 3
829 2188 2188 3
830 2196 2188 3
831 2217 2188 3
832 2270 2188 3
833 2217 2188 3
834 2286 2188 3
835 2217 2188 3
836 2292 2188 3
837 2292 2188 3
838 2263 2188 3
839 2263 2188 3
840 2188 2188 3
841 2241 2188 3
842 2188 2188 3
843 2259 2188 3
844 2335 2188 3
845 2344 2188 3
846 2272 2188 3
847 2361 2188 3
848 2433 2188 3
849 2453 2188 3
850 2484 2188 3
851 2492 2188 3
852 2453 2188 3
853 2444 2188 3
854 2452 2188 3
855 2406 2188 3
856 2403 2188 3
857 2354 2188 3
858 2369 2188 3
859 2517 2188 3
860 2551 2188 3
861 2552 2188 3
862 2634 2188 3
863 2660 2188 3
864 2552 2188 3
865 2592 2188 3
866 2552 2188 3
867 2646 2188 3
868 2508 2188 3
869 2564 2188 3
870 2508 2188 3
871 2641 2188 3
872 2508 2188 3
873 2641 2188 3
874 2771 2188 3
875 2698 2188 3
876 2702 2188 3
877 2847 2188 3
878 2845 2188 3
879 2885 2188 3
880 2852 2188 3
881 2879 2188 3
882 2701 2188 3
883 2697 2188 3
884 2701 2188 3
885 2852 2188 3
886 2879 2188 3
887 2963 2188 3
888 2895 2188 3
889 2941 2188 3
890 2844 2188 3
891 2852 2188 3
892 2865 2188 3
893 2887 2188 3
894 3028 2188 3
895 2876 2188 3
896 3028 2188 3
897 2876 2188 3
898 3028 2188 3
899 3121 2188 3
900 2927 2188 3
901 2834 2188 3
902 2676 2188 3
903 2428 2188 3
904 2279 2188 3
905 2188 2188 3
906 2196 2188 3
907 2217 2188 3
908 2270 2188 3
909 2217 2188 3
910 2286 2188 3
911 2259 2188 3
912 2286 2188 3
913 2217 2188 3
914 2286 2188 3
915 2335 2188 3
916 2338 2188 3
917 2384 2188 3
918 2380 2188 3
919 2351 2188 3
920 2424 2188 3
921 2351 2188 3
922 2424 2188 3
923 2424 2188 3
924 2462 2188 3
925 2551 2188 3
926 2479 2188 3
927 2578 2188 3
928 2679 2188 3
929 2780 2188 3
930 2800 2188 3
931 2809 2188 3
932 2800 2188 3
933 2622 2188 3
934 2521 2188 3
935 2551 2188 3
936 2517 2188 3
937 2587 2188 3
938 2653 2188 3
939 2794 2188 3
940 2943 2188 3
941 2837 2188 3
942 2943 2188 3
943 3043 2188 3
944 3110 2188 3
945 3108 2188 3
946 2977 2188 3
947 2877 2188 3
948 2771 2188 3
949 2877 2188 3
950 2977 2188 3
951 3057 2188 3
952 3194 2188 3
953 3336 2188 3
954 3222 2188 3
955 3214 2188 3
956 3222 2188 3
957 3336 2188 3
958 3230 2188 3
959 3336 2188 3
960 3457 2188 3
961 3351 2188 3
962 3222 2188 3
963 3230 2188 3
964 3222 2188 3
965 3230 2188 3
966 3296 2188 3
967 3226 2188 3
968 3218 2188 3
969 3226 2188 3
970 3332 2188 3
971 3226 2188 3
972 3332 2188 3
973 3501 2188 3
974 3332 2188 3
975 3123 2188 3
976 2923 2188 3
977 2593 2188 3
978 2523 2188 3
979 2383 2188 3
980 2319 2188 3
981 2327 2188 3
982 2319 2188 3
983 2339 2188 3
984 2368 2188 3
985 2391 2188 3
986 2408 2188 3
987 2461 2188 3
988 2408 2188 3
989 2510 2188 3
990 2408 2188 3
991 2528 2188 3
992 2549 2188 3
993 2528 2188 3
994 2593 2188 3
995 2519 2188 3
996 2449 2188 3
997 2470 2188 3
998 2449 2188 3
999 2519 2188 3
1000 2593 2188 3
1001 2695 2188 3
1002 2629 2188 3
1003 2621 2188 3
1004 2621 2188 3
1005 2629 2188 3
1006 2632 2188 3
1007 2634 2188 3
1008 2586 2188 3
1009 2596 2188 3
1010 2551 2188 3
1011 2521 2188 3
1012 2501 2188 3
1013 2429 2188 3
1014 2429 2188 3
1015 2327 2188 3
1016 2348 2188 3
1017 2327 2188 3
1018 2380 2188 3
1019 2327 2188 3
1020 2391 2188 3
1021 2393 2188 3
1022 2399 2188 3
1023 2501 2188 3
1024 2515 2188 3
1025 2513 2188 3
1026 2374 2188 3
1027 2299 2188 3
1028 2413 2188 3
1029 2411 2188 3
1030 2413 2188 3
1031 2500 2188 3
1032 2413 2188 3
1033 2534 2188 3
1034 2560 2188 3
1035 2729 2188 3
1037 2731 2188 3
1038 2735 2188 3
1039 2858 2188 3
1040 2941 2188 3
1041 2941 2188 3
1042 2817 2188 3
1043 2834 2188 3
1044 2717 2188 3
1045 2612 2188 3
1046 2591 2188 3
1047 2647 2188 3
1048 2591 2188 3
1049 2647 2188 3
1050 2447 2188 3
1051 2418 2188 3
1052 2447 2188 3
1053 2418 2188 3
1054 2471 2188 3
1055 2418 2188 3
1056 2501 2188 3
1057 2418 2188 3
1058 2522 2188 3
1059 2449 2188 3
1060 2454 2188 3
1061 2391 2188 3
1062 2444 2188 3
1063 2391 2188 3
1064 2505 2188 3
1065 2391 2188 3
1066 2505 2188 3
1067 2592 2188 3
1068 2491 2188 3
1069 2505 2188 3
1070 2602 2188 3
1071 2616 2188 3
1072 2748 2188 3
1073 2663 2188 3
1074 2640 2188 3
1075 2510 2188 3
1076 2451 2188 3
1077 2465 2188 3
1078 2451 2188 3
1079 2465 2188 3
1080 2595 2188 3
1081 2465 2188 3
1082 2595 2188 3
1083 2764 2188 3
1085 2947 2188 3
1086 2943 2188 3
1087 2947 2188 3
1088 3146 2188 3
1089 3051 2188 3
1090 3092 2188 3
1091 3078 2188 3
1092 3137 2188 3
1093 3143 2188 3
1094 3151 2188 3
1095 3204 2188 3
1096 3151 2188 3
1097 3204 2188 3
1098 3198 2188 3
1099 3145 2188 3
1100 3147 2188 3
1101 3145 2188 3
1102 3151 2188 3
1103 3145 2188 3
1104 3078 2188 3
1105 2982 2188 3
1107 2982 2188 3
1108 3084 2188 3
1109 2982 2188 3
1110 3084 2188 3
1111 3201 2188 3
1112 3348 2188 3
1113 3336 2188 3
1114 3348 2188 3
1115 3503 2188 3
1116 3502 2188 3
1117 3592 2188 3
1118 3773 2188 3
1119 3999 2188 3
1120 3870 2188 3
1121 3821 2188 3
1122 3722 2188 3
1123 3712 2188 3
1124 3707 2188 3
1125 3289 2188 3
1126 3095 2188 3
1127 2990 2188 3
1128 2900 2188 3
1129 2910 2188 3
1130 2900 2188 3
1131 2910 2188 3
1132 2921 2188 3
1133 2635 2188 3
1134 2382 2188 3
1135 2435 2188 3
1136 2494 2188 3
1137 2431 2188 3
1138 2378 2188 3
1139 2342 2188 3
1140 2378 2188 3
1141 2431 2188 3
1142 2520 2188 3
1143 2610 2188 3
1144 2633 2188 3
1145 2626 2188 3
1146 2524 2188 3
1147 2524 2188 3
1148 2355 2188 3
1149 2302 2188 3
1150 2321 2188 3
1151 2302 2188 3
1152 2355 2188 3
1153 2418 2188 3
1154 2355 2188 3
1155 2457 2188 3
1156 2556 2188 3
1157 2457 2188 3
1158 2355 2188 3
1159 2468 2188 3
1160 2608 2188 3
1161 2604 2188 3
1162 2608 2188 3
1163 2777 2188 3
1164 2541 2188 3
1165 2537 2188 3
1166 2571 2188 3
1167 2707 2188 3
1168 2571 2188 3
1169 2707 2188 3
1170 2635 2188 3
1171 2813 2188 3
1172 2839 2188 3
1173 2813 2188 3
1174 2890 2188 3
1175 2891 2188 3
1176 2966 2188 3
1177 2996 2188 3
1178 2920 2188 3
1179 2917 2188 3
1180 2946 2188 3
1181 2917 2188 3
1182 2960 2188 3
1183 2828 2188 3
1184 2857 2188 3
1185 2828 2188 3
1186 2936 2188 3
1187 2883 2188 3
1188 2806 2188 3
1189 2835 2188 3
1190 2806 2188 3
1191 2883 2188 3
1192 2884 2188 3
1193 2937 2188 3
1194 2964 2188 3
1195 2937 2188 3
1196 2964 2188 3
1197 3085 2188 3
1198 3222 2188 3
1199 3195 2188 3
1200 2829 2188 3
1201 2638 2188 3
1202 2469 2188 3
1203 2468 2188 3
1204 2472 2188 3
1205 2332 2188 3
1206 2279 2188 3
1207 2285 2188 3
1208 2279 2188 3
1209 2308 2188 3
1210 2263 2188 3
1211 2188 2188 3
1212 2196 2188 3
1213 2188 2188 3
1214 2217 2188 3
1215 2270 2188 3
1216 2217 2188 3
1217 2286 2188 3
1218 2217 2188 3
1219 2292 2188 3
1220 2292 2188 3
1221 2263 2188 3
1222 2271 2188 3
1223 2314 2188 3
1224 2403 2188 3
1225 2502 2188 3
1226 2580 2188 3
1227 2601 2188 3
1228 2601 2188 3
1229 2594 2188 3
1230 2590 2188 3
1231 2691 2188 3
1232 2809 2188 3
1233 2731 2188 3
1234 2784 2188 3
1235 2731 2188 3
1236 2794 2188 3
1237 2825 2188 3
1238 2833 2188 3
1239 2794 2188 3
1240 2843 2188 3
1241 2705 2188 3
1242 2604 2188 3
1243 2686 2188 3
1244 2548 2188 3
1245 2656 2188 3
1246 2548 2188 3
1247 2656 2188 3
1248 2548 2188 3
1249 2686 2188 3
1250 2900 2188 3
1251 2686 2188 3
1252 2901 2188 3
1253 2905 2188 3
1254 2832 2188 3
1255 2896 2188 3
1256 2741 2188 3
1257 2809 2188 3
1258 2865 2188 3
1259 2992 2188 3
1260 2865 2188 3
1261 3059 2188 3
1263 3058 2188 3
1264 3257 2188 3
1265 3100 2188 3
1266 3071 2188 3
1267 3201 2188 3
1268 3434 2188 3
1269 3347 2188 3
1270 3265 2188 3
1271 3233 2188 3
1272 3207 2188 3
1273 3236 2188 3
1274 3143 2188 3
1275 2881 2188 3
1276 2741 2188 3
1277 2741 2188 3
1278 2741 2188 3
1279 2741 2188 3
1280 2741 2188 3
1281 2744 2188 3
1282 2741 2188 3
1283 2744 2188 3
1284 2748 2188 3
1285 2725 2188 3
1286 2686 2188 3
1287 2684 2188 3
1288 2686 2188 3
1289 2684 2188 3
1290 2688 2188 3
1291 2688 2188 3
1292 2688 2188 3
1293 2688 2188 3
1294 2697 2188 3
1295 2688 2188 3
1296 2696 2188 3
1297 2709 2188 3
1298 2696 2188 3
1299 2709 2188 3
1301 2925 2188 3
1302 2709 2188 3
1303 2683 2188 3
1304 2670 2188 3
1305 2662 2188 3
1306 2655 2188 3
1307 2658 2188 3
1308 2655 2188 3
1309 2658 2188 3
1310 2662 2188 3
1311 2670 2188 3
1312 2683 2188 3
1313 2706 2188 3
1314 2683 2188 3
1315 2776 2188 3
1316 2515 2188 3
1317 2370 2188 3
1318 2249 2188 3
1319 2196 2188 3
1320 2188 2188 3
1321 2196 2188 3
1322 2217 2188 3
1323 2270 2188 3
1324 2339 2188 3
1325 2270 2188 3
1326 2345 2188 3
1327 2345 2188 3
1328 2481 2188 3
1329 2625 2188 3
1330 2681 2188 3
1331 2770 2188 3
1332 2878 2188 3
1333 2770 2188 3
1334 2749 2188 3
1335 2753 2188 3
1336 2922 2188 3
1337 2753 2188 3
1338 2973 2188 3
1339 3033 2188 3
1340 2908 2188 3
1341 2914 2188 3
1342 2904 2188 3
1343 2916 2188 3
1344 2972 2188 3
1345 3045 2188 3
1346 3028 2188 3
1347 2667 2188 3
1348 2594 2188 3
1349 2578 2188 3
1350 2384 2188 3
1351 2352 2188 3
1352 2352 2188 3
1353 2277 2188 3
1354 2285 2188 3
1355 2306 2188 3
1356 2359 2188 3
1357 2306 2188 3
1358 2375 2188 3
1359 2306 2188 3
1360 2375 2188 3
1361 2348 2188 3
1362 2277 2188 3
1363 2306 2188 3
1364 2381 2188 3
1365 2374 2188 3
1366 2299 2188 3
1367 2352 2188 3
1368 2299 2188 3
1369 2368 2188 3
1370 2446 2188 3
1371 2420 2188 3
1372 2529 2188 3
1373 2420 2188 3
1374 2299 2188 3
1375 2368 2188 3
1376 2417 2188 3
1377 2525 2188 3
1378 2496 2188 3
1379 2525 2188 3
1380 2599 2188 3
1381 2617 2188 3
1382 2644 2188 3
1383 2617 2188 3
1384 2644 2188 3
1385 2783 2188 3
1386 2644 2188 3
1387 2783 2188 3
1388 2758 2188 3
1389 2707 2188 3
1390 2685 2188 3
1391 2513 2188 3
1392 2440 2188 3
1393 2440 2188 3
1394 2441 2188 3
1395 2441 2188 3
1396 2441 2188 3
1397 2571 2188 3
1398 2481 2188 3
1399 2414 2188 3
1400 2365 2188 3
1401 2394 2188 3
1402 2535 2188 3
1403 2514 2188 3
1404 2683 2188 3
1405 2514 2188 3
1406 2701 2188 3
1407 2902 2188 3
1408 2919 2188 3
1409 2701 2188 3
1410 2926 2188 3
1411 3007 2188 3
1412 2952 2188 3
1413 2955 2188 3
1414 2814 2188 3
1415 2814 2188 3
1416 2836 2188 3
1417 2858 2188 3
1418 2925 2188 3
1419 2924 2188 3
1420 2979 2188 3
1421 2757 2188 3
1422 2638 2188 3
1423 2639 2188 3
1424 2638 2188 3
1425 2602 2188 3
1426 2510 2188 3
1427 2501 2188 3
1428 2381 2188 3
1429 2352 2188 3
1430 2352 2188 3
1431 2352 2188 3
1432 2361 2188 3
1433 2352 2188 3
1434 2374 2188 3
1435 2417 2188 3
1436 2368 2188 3
1437 2421 2188 3
1439 2421 2188 3
1440 2368 2188 3
1441 2446 2188 3
1442 2368 2188 3
1443 2537 2188 3
1444 2368 2188 3
1445 2555 2188 3
1446 2557 2188 3
1447 2629 2188 3
1448 2738 2188 3
1449 2774 2188 3
1450 2787 2188 3
1451 2849 2188 3
1452 2649 2188 3
1453 2758 2188 3
1454 2496 2188 3
1455 2615 2188 3
1456 2496 2188 3
1457 2617 2188 3
1458 2599 2188 3
1459 2616 2188 3
1460 2560 2188 3
1461 2527 2188 3
1462 2406 2188 3
1463 2402 2188 3
1464 2406 2188 3
1465 2427 2188 3
1466 2375 2188 3
1467 2196 2188 3
1468 2188 2188 3
1469 2196 2188 3
1470 2217 2188 3
1471 2270 2188 3
1472 2217 2188 3
1473 2286 2188 3
1474 2259 2188 3
1475 2188 2188 3
1476 2241 2188 3
1477 2188 2188 3
1478 2259 2188 3
1479 2308 2188 3
1480 2259 2188 3
1481 2308 2188 3
1482 2263 2188 3
1483 2263 2188 3
1484 2301 2188 3
1485 2445 2188 3
1486 2489 2188 3
1487 2590 2188 3
1488 2675 2188 3
1489 2783 2188 3
1490 3003 2188 3
1491 2977 2188 3
1492 3012 2188 3
1493 2977 2188 3
1494 3012 2188 3
1495 3180 2188 3
1496 3205 2188 3
1497 3399 2188 3
1498 3265 2188 3
1499 3149 2188 3
1500 2936 2188 3
1501 2803 2188 3
1502 2702 2188 3
1503 2644 2188 3
1504 2598 2188 3
1505 2549 2188 3
1506 2467 2188 3
1507 2452 2188 3
1508 2448 2188 3
1509 2449 2188 3
1510 2448 2188 3
1511 2449 2188 3
1512 2448 2188 3
1513 2452 2188 3
1514 2453 2188 3
1515 2468 2188 3
1516 2496 2188 3
1517 2492 2188 3
1518 2508 2188 3
1519 2277 2188 3
1520 2285 2188 3
1521 2306 2188 3
1522 2277 2188 3
1523 2330 2188 3
1524 2277 2188 3
1525 2348 2188 3
1526 2277 2188 3
1527 2352 2188 3
1528 2348 2188 3
1529 2319 2188 3
1530 2348 2188 3
1531 2319 2188 3
1532 2348 2188 3
1533 2456 2188 3
1534 2465 2188 3
1535 2435 2188 3
1536 2464 2188 3
1537 2413 2188 3
1538 2512 2188 3
1539 2604 2188 3
1540 2742 2188 3
1541 2883 2188 3
1542 2883 2188 3
1543 2944 2188 3
1544 2745 2188 3
1545 2774 2188 3
1546 2692 2188 3
1547 2658 2188 3
1548 2728 2188 3
1549 2658 2188 3
1550 2728 2188 3
1551 2794 2188 3
1552 2924 2188 3
1553 2882 2188 3
1554 3051 2188 3
1555 2996 2188 3
1556 3221 2188 3
1557 3006 2188 3
1558 3033 2188 3
1559 3006 2188 3
1560 3033 2188 3
1561 3256 2188 3
1562 3264 2188 3
1563 3280 2188 3
1564 3264 2188 3
1565 3256 2188 3
1566 3278 2188 3
1567 3384 2188 3
1568 3159 2188 3
1569 3289 2188 3
1570 3159 2188 3
1571 3272 2188 3
1572 3287 2188 3
1573 3512 2188 3
1574 3485 2188 3
1575 3287 2188 3
1576 3188 2188 3
1577 3127 2188 3
1578 2908 2188 3
1579 2859 2188 3
1580 2858 2188 3
1581 2907 2188 3
1582 2858 2188 3
1583 2907 2188 3
1584 2907 2188 3
1585 2907 2188 3
1586 2858 2188 3
1587 2913 2188 3
1588 2744 2188 3
1589 2745 2188 3
1590 2744 2188 3
1591 2793 2188 3
1592 2744 2188 3
1593 2855 2188 3
1594 2925 2188 3
1595 2872 2188 3
1596 2827 2188 3
1597 2723 2188 3
1598 2723 2188 3
1599 2655 2188 3
1600 2669 2188 3
1601 2655 2188 3
1602 2687 2188 3
1603 2655 2188 3
1604 2687 2188 3
1605 2658 2188 3
1606 2728 2188 3
1607 2658 2188 3
1608 2735 2188 3
1609 2658 2188 3
1610 2762 2188 3
1611 2658 2188 3
1612 2762 2188 3
1613 2909 2188 3
1614 2835 2188 3
1615 2820 2188 3
1616 2821 2188 3
1617 2848 2188 3
1618 2830 2188 3
1619 2828 2188 3
1620 2801 2188 3
1621 2810 2188 3
1622 2801 2188 3
1623 2828 2188 3
1624 2830 2188 3
1625 2876 2188 3
1626 2824 2188 3
1627 2871 2188 3
1628 2951 2188 3
1629 2876 2188 3
1630 2877 2188 3
1631 2947 2188 3
1632 3014 2188 3
1633 2874 2188 3
1634 2868 2188 3
1635 2848 2188 3
1636 2874 2188 3
1637 2868 2188 3
1638 2848 2188 3
1639 2874 2188 3
1640 2891 2188 3
1641 2722 2188 3
1642 2703 2188 3
1643 2690 2188 3
1644 2661 2188 3
1645 2639 2188 3
1646 2658 2188 3
1647 2639 2188 3
1648 2659 2188 3
1649 2530 2188 3
1650 2510 2188 3
1651 2511 2188 3
1652 2510 2188 3
1653 2530 2188 3
1654 2531 2188 3
1655 2560 2188 3
1656 2531 2188 3
1657 2560 2188 3
1658 2531 2188 3
1659 2600 2188 3
1660 2689 2188 3
1661 2797 2188 3
1662 2626 2188 3
1663 2539 2188 3
1664 2626 2188 3
1665 2728 2188 3
1666 2728 2188 3
1667 2707 2188 3
1668 2823 2188 3
1669 2842 2188 3
1670 2839 2188 3
1671 2776 2188 3
1672 2860 2188 3
1673 2975 2188 3
1674 2961 2188 3
1675 2859 2188 3
1676 2961 2188 3
1677 2945 2188 3
1678 2945 2188 3
1679 2919 2188 3
1680 2924 2188 3
1681 2919 2188 3
1682 2924 2188 3
1683 2923 2188 3
1684 3044 2188 3
1685 2923 2188 3
1686 3044 2188 3
1687 3042 2188 3
1688 3072 2188 3
1689 3183 2188 3
1691 3055 2188 3
1692 2983 2188 3
1693 2953 2188 3
1694 2929 2188 3
1695 2880 2188 3
1696 2819 2188 3
1697 2827 2188 3
1698 2819 2188 3
1699 2850 2188 3
1700 2872 2188 3
1701 2900 2188 3
1702 2774 2188 3
1703 2677 2188 3
1704 2624 2188 3
1705 2599 2188 3
1706 2542 2188 3
1707 2534 2188 3
1708 2538 2188 3
1709 2534 2188 3
1710 2538 2188 3
1711 2534 2188 3
1712 2542 2188 3
1713 2546 2188 3
1714 2554 2188 3
1715 2546 2188 3
1716 2554 2188 3
1717 2554 2188 3
1718 2579 2188 3
1719 2579 2188 3
1720 2608 2188 3
1721 2644 2188 3
1722 2608 2188 3
1723 2608 2188 3
1724 2582 2188 3
1725 2553 2188 3
1726 2545 2188 3
1727 2545 2188 3
1728 2545 2188 3
1729 2545 2188 3
1730 2545 2188 3
1731 2553 2188 3
1732 2579 2188 3
1733 2554 2188 3
1734 2550 2188 3
1735 2551 2188 3
1736 2555 2188 3
1737 2559 2188 3
1738 2555 2188 3
1739 2580 2188 3
1740 2605 2188 3
1741 2604 2188 3
1742 2575 2188 3
1743 2611 2188 3
1744 2575 2188 3
1745 2628 2188 3
1746 2575 2188 3
1747 2628 2188 3
1748 2620 2188 3
1749 2611 2188 3
1750 2558 2188 3
1751 2574 2188 3
1752 2558 2188 3
1753 2574 2188 3
1754 2564 2188 3
1755 2600 2188 3
1756 2564 2188 3
1757 2604 2188 3
1758 2589 2188 3
1759 2550 2188 3
1760 2542 2188 3
1761 2534 2188 3
1762 2538 2188 3
1763 2534 2188 3
1764 2538 2188 3
1765 2542 2188 3
1766 2488 2188 3
1767 2491 2188 3
1768 2488 2188 3
1769 2505 2188 3
1770 2491 2188 3
1771 2505 2188 3
1772 2558 2188 3
1773 2505 2188 3
1774 2607 2188 3
1775 2505 2188 3
1776 2607 2188 3
1777 2598 2188 3
1778 2496 2188 3
1779 2549 2188 3
1780 2496 2188 3
1781 2598 2188 3
1782 2636 2188 3
1783 2509 2188 3
1784 2407 2188 3
1785 2460 2188 3
1786 2407 2188 3
1787 2509 2188 3
1788 2407 2188 3
1789 2515 2188 3
1790 2407 2188 3
1791 2393 2188 3
1792 2407 2188 3
1793 2393 2188 3
1794 2407 2188 3
1795 2528 2188 3
1796 2581 2188 3
1797 2705 2188 3
1798 2581 2188 3
1799 2705 2188 3
1800 2581 2188 3
1801 2509 2188 3
1802 2407 2188 3
1803 2393 2188 3
1804 2407 2188 3
1805 2393 2188 3
1806 2407 2188 3
1807 2460 2188 3
1808 2407 2188 3
1809 2496 2188 3
1810 2598 2188 3
1811 2607 2188 3
1812 2603 2188 3
1813 2554 2188 3
1814 2603 2188 3
1815 2634 2188 3
1816 2532 2188 3
1817 2515 2188 3
1818 2523 2188 3
1819 2515 2188 3
1820 2524 2188 3
1821 2541 2188 3
1822 2562 2188 3
1823 2624 2188 3
1824 2793 2188 3
1825 2624 2188 3
1826 2796 2188 3
1827 2756 2188 3
1828 2735 2188 3
1829 2756 2188 3
1830 2742 2188 3
1831 2786 2188 3
1832 2753 2188 3
1833 2638 2188 3
1834 2608 2188 3
1835 2609 2188 3
1836 2609 2188 3
1837 2609 2188 3
1838 2503 2188 3
1839 2498 2188 3
1840 2541 2188 3
1841 2498 2188 3
1842 2541 2188 3
1843 2537 2188 3
1844 2494 2188 3
1845 2498 2188 3
1846 2580 2188 3
1847 2378 2188 3
1848 2363 2188 3
1849 2364 2188 3
1850 2363 2188 3
1851 2359 2188 3
1852 2360 2188 3
1853 2364 2188 3
1854 2379 2188 3
1855 2364 2188 3
1856 2379 2188 3
1857 2375 2188 3
1858 2360 2188 3
1859 2359 2188 3
1860 2363 2188 3
1861 2378 2188 3
1862 2363 2188 3
1863 2378 2188 3
1864 2374 2188 3
1865 2359 2188 3
1866 2363 2188 3
1867 2416 2188 3
1868 2363 2188 3
1869 2452 2188 3
1870 2480 2188 3
1871 2582 2188 3
1872 2583 2188 3
1873 2555 2188 3
1874 2453 2188 3
1875 2452 2188 3
1876 2453 2188 3
1877 2468 2188 3
1878 2453 2188 3
1879 2468 2188 3
1880 2464 2188 3
1881 2449 2188 3
1882 2448 2188 3
1883 2452 2188 3
1884 2467 2188 3
1885 2452 2188 3
1886 2467 2188 3
1887 2468 2188 3
1888 2467 2188 3
1889 2492 2188 3
1890 2467 2188 3
1891 2495 2188 3
1892 2480 2188 3
1893 2452 2188 3
1894 2467 2188 3
1895 2452 2188 3
1896 2475 2188 3
1897 2452 2188 3
1898 2477 2188 3
1899 2481 2188 3
1900 2452 2188 3
1901 2448 2188 3
1902 2452 2188 3
1903 2448 2188 3
1904 2463 2188 3
1905 2448 2188 3
1906 2463 2188 3
1907 2448 2188 3
1908 2473 2188 3
1909 2448 2188 3
1910 2479 2188 3
1911 2448 2188 3
1912 2498 2188 3
1913 2448 2188 3
1914 2501 2188 3
1915 2539 2188 3
1916 2560 2188 3
1917 2539 2188 3
1918 2578 2188 3
1919 2539 2188 3
1920 2595 2188 3
1921 2450 2188 3
1922 2412 2188 3
1923 2359 2188 3
1924 2360 2188 3
1925 2359 2188 3
1926 2360 2188 3
1927 2359 2188 3
1928 2360 2188 3
1929 2375 2188 3
1930 2360 2188 3
1931 2375 2188 3
1932 2404 2188 3
1933 2389 2188 3
1934 2418 2188 3
1935 2393 2188 3
1936 2389 2188 3
1937 2462 2188 3
1938 2491 2188 3
1939 2462 2188 3
1940 2547 2188 3
1941 2462 2188 3
1942 2547 2188 3
1943 2591 2188 3
1944 2450 2188 3
1945 2404 2188 3
1946 2389 2188 3
1947 2462 2188 3
1948 2389 2188 3
1949 2462 2188 3
1950 2389 2188 3
1951 2359 2188 3
1952 2360 2188 3
1953 2359 2188 3
1954 2360 2188 3
1955 2375 2188 3
1956 2360 2188 3
1957 2375 2188 3
1958 2404 2188 3
1959 2389 2188 3
1960 2418 2188 3
1961 2393 2188 3
1962 2446 2188 3
1963 2393 2188 3
1964 2482 2188 3
1965 2475 2188 3
1966 2544 2188 3
1967 2543 2188 3
1968 2411 2188 3
1969 2413 2188 3
1970 2411 2188 3
1971 2413 2188 3
1972 2515 2188 3
1973 2413 2188 3
1974 2534 2188 3
1975 2413 2188 3
1976 2582 2188 3
1977 2527 2188 3
1978 2767 2188 3
1979 2527 2188 3
1980 2767 2188 3
1981 2758 2188 3
1982 2513 2188 3
1984 2507 2188 3
1985 2462 2188 3
1986 2433 2188 3
1988 2433 2188 3
1989 2535 2188 3
1990 2544 2188 3
1991 2535 2188 3
1992 2433 2188 3
1993 2535 2188 3
1994 2433 2188 3
1996 2709 2188 3
1997 2709 2188 3
1998 2719 2188 3
1999 2718 2188 3
2000 2709 2188 3
2001 2711 2188 3
2002 2727 2188 3
2003 2661 2188 3
2004 2690 2188 3
2005 2670 2188 3
2006 2676 2188 3
2007 2749 2188 3
2008 2676 2188 3
2009 2749 2188 3
2010 2867 2188 3
2011 2972 2188 3
2012 2867 2188 3
2013 2977 2188 3
2014 2932 2188 3
2015 2902 2188 3
2016 2932 2188 3
2017 2902 2188 3
2018 3052 2188 3
2019 2932 2188 3
2020 3047 2188 3
2021 2995 2188 3
2022 2972 2188 3
2023 2966 2188 3
2024 2942 2188 3
2025 2887 2188 3
2026 2864 2188 3
2027 2857 2188 3
2028 2861 2188 3
2029 2867 2188 3
2030 2795 2188 3
2031 2760 2188 3
2032 2756 2188 3
2033 2760 2188 3
2034 2776 2188 3
2035 2760 2188 3
2036 2789 2188 3
2037 2835 2188 3
2038 2811 2188 3
2039 2782 2188 3
2040 2756 2188 3
2041 2772 2188 3
2042 2785 2188 3
2043 2811 2188 3
2044 2811 2188 3
2045 2846 2188 3
2046 2897 2188 3
2047 2846 2188 3
2048 2901 2188 3
2049 2732 2188 3
2050 2706 2188 3
2051 2693 2188 3
2052 2693 2188 3
2053 2658 2188 3
2054 2642 2188 3
2055 2646 2188 3
2056 2642 2188 3
2057 2658 2188 3
2058 2671 2188 3
2059 2697 2188 3
2060 2697 2188 3
2061 2732 2188 3
2062 2799 2188 3
2063 2800 2188 3
2064 2770 2188 3
2065 2770 2188 3
2066 2770 2188 3
2067 2771 2188 3
2068 2745 2188 3
2069 2677 2188 3
2070 2703 2188 3
2071 2677 2188 3
2072 2706 2188 3
2073 2757 2188 3
2074 2706 2188 3
2075 2786 2188 3
2076 2706 2188 3
2077 2693 2188 3
2078 2706 2188 3
2079 2693 2188 3
2080 2744 2188 3
2081 2693 2188 3
2082 2761 2188 3
2083 2693 2188 3
2084 2807 2188 3
2085 2909 2188 3
2086 2717 2188 3
2087 2603 2188 3
2089 2476 2188 3
2090 2374 2188 3
2091 2321 2188 3
2092 2329 2188 3
2093 2321 2188 3
2094 2350 2188 3
2095 2452 2188 3
2096 2350 2188 3
2097 2452 2188 3
2098 2452 2188 3
2099 2431 2188 3
2100 2431 2188 3
2101 2329 2188 3
2102 2321 2188 3
2103 2329 2188 3
2104 2350 2188 3
2105 2403 2188 3
2106 2350 2188 3
2107 2452 2188 3
2108 2452 2188 3
2109 2431 2188 3
2110 2461 2188 3
2111 2452 2188 3
2112 2423 2188 3
2113 2453 2188 3
2114 2549 2188 3
2115 2587 2188 3
2116 2615 2188 3
2117 2586 2188 3
2118 2513 2188 3
2119 2611 2188 3
2120 2641 2188 3
2121 2772 2188 3
2122 2668 2188 3
2123 2523 2188 3
2124 2493 2188 3
2125 2468 2188 3
2126 2459 2188 3
2127 2386 2188 3
2128 2365 2188 3
2129 2386 2188 3
2130 2412 2188 3
2131 2386 2188 3
2132 2459 2188 3
2133 2386 2188 3
2134 2512 2188 3
2135 2455 2188 3
2136 2459 2188 3
2137 2455 2188 3
2138 2596 2188 3
2139 2765 2188 3
2140 2596 2188 3
2141 2786 2188 3
2142 2455 2188 3
2143 2459 2188 3
2144 2468 2188 3
2145 2557 2188 3
2147 2560 2188 3
2149 2674 2188 3
2150 2778 2188 3
2151 2893 2188 3
2152 3003 2188 3
2153 3117 2188 3
2154 3003 2188 3
2155 3117 2188 3
2156 3232 2188 3
2157 3117 2188 3
2158 3232 2188 3
2159 3214 2188 3
2160 3098 2188 3
2161 3198 2188 3
2162 3203 2188 3
2163 3199 2188 3
2164 3198 2188 3
2166 3244 2188 3
2167 3382 2188 3
2168 3292 2188 3
2169 3382 2188 3
2170 3575 2188 3
2171 3681 2188 3
2172 3795 2188 3
2173 3891 2188 3
2174 3919 2188 3
2175 3719 2188 3
2177 3571 2188 3
2179 3248 2188 3
2180 3091 2188 3
2181 2706 2188 3
2182 2691 2188 3
2183 2640 2188 3
2184 2649 2188 3
2185 2640 2188 3
2186 2649 2188 3
2187 2655 2188 3
2188 2684 2188 3
2189 2655 2188 3
2190 2708 2188 3
2191 2829 2188 3
2192 2708 2188 3
2193 2829 2188 3
2194 2809 2188 3
2195 2918 2188 3
2196 2962 2188 3
2197 2958 2188 3
2198 2828 2188 3
2199 2775 2188 3
2200 2651 2188 3
2201 2598 2188 3
2202 2554 2188 3
2203 2471 2188 3
2204 2445 2188 3
2205 2471 2188 3
2206 2445 2188 3
2207 2498 2188 3
2208 2445 2188 3
2209 2543 2188 3
2210 2544 2188 3
2211 2543 2188 3
2212 2445 2188 3
2213 2543 2188 3
2214 2445 2188 3
2215 2586 2188 3
2216 2600 2188 3
2217 2479 2188 3
2218 2648 2188 3
2219 2479 2188 3
2220 2669 2188 3
2221 2479 2188 3
2222 2669 2188 3
2223 2540 2188 3
2224 2541 2188 3
2225 2537 2188 3
2226 2523 2188 3
2227 2329 2188 3
2228 2321 2188 3
2230 2321 2188 3
2231 2350 2188 3
2232 2403 2188 3
2233 2350 2188 3
2234 2452 2188 3
2235 2350 2188 3
2236 2452 2188 3
2237 2452 2188 3
2238 2482 2188 3
2239 2452 2188 3
2240 2350 2188 3
2241 2470 2188 3
2242 2491 2188 3
2243 2350 2188 3
2244 2329 2188 3
2245 2350 2188 3
2246 2452 2188 3
2247 2579 2188 3
2248 2579 2188 3
2249 2689 2188 3
2250 2579 2188 3
2251 2452 2188 3
2252 2431 2188 3
2253 2431 2188 3
2254 2329 2188 3
2255 2321 2188 3
2256 2329 2188 3
2257 2350 2188 3
2258 2403 2188 3
2259 2350 2188 3
2260 2452 2188 3
2261 2350 2188 3
2262 2475 2188 3
2263 2513 2188 3
2264 2512 2188 3
2265 2513 2188 3
2266 2386 2188 3
2267 2412 2188 3
2268 2386 2188 3
2269 2459 2188 3
2270 2455 2188 3
2271 2484 2188 3
2272 2484 2188 3
2273 2455 2188 3
2274 2485 2188 3
2275 2574 2188 3
2276 2682 2188 3
2277 2574 2188 3
2278 2694 2188 3
2279 2453 2188 3
2280 2423 2188 3
2281 2453 2188 3
2282 2580 2188 3
2283 2694 2188 3
2284 2697 2188 3
2285 2685 2188 3
2286 2700 2188 3
2287 2685 2188 3
2288 2712 2188 3
2289 2580 2188 3
2290 2579 2188 3
2291 2452 2188 3
2292 2350 2188 3
2293 2491 2188 3
2294 2470 2188 3
2295 2619 2188 3
2296 2741 2188 3
2297 2892 2188 3
2298 3061 2188 3
2299 3006 2188 3
2300 3184 2188 3
2301 3035 2188 3
2302 3044 2188 3
2303 3052 2188 3
2304 3079 2188 3
2306 3189 2188 3
2307 3303 2188 3
2308 3418 2188 3
2309 3457 2188 3
2310 3444 2188 3
2311 3428 2188 3
2312 3409 2188 3
2313 3408 2188 3
2314 3427 2188 3
2315 3408 2188 3
2316 3435 2188 3
2317 3431 2188 3
2318 3421 2188 3
2319 3434 2188 3
2320 3163 2188 3
2321 3022 2188 3
2322 3037 2188 3
2323 3022 2188 3
2324 3049 2188 3
2325 2899 2188 3
2326 2784 2188 3
2327 2746 2188 3
2328 2619 2188 3
2329 2566 2188 3
2330 2537 2188 3
2331 2537 2188 3
2332 2435 2188 3
2333 2443 2188 3
2334 2435 2188 3
2335 2464 2188 3
2336 2517 2188 3
2337 2464 2188 3
2338 2519 2188 3
2339 2350 2188 3
2340 2321 2188 3
2341 2329 2188 3
2342 2350 2188 3
2343 2403 2188 3
2344 2350 2188 3
2345 2452 2188 3
2346 2350 2188 3
2347 2452 2188 3
2348 2350 2188 3
2349 2475 2188 3
2350 2513 2188 3
2351 2586 2188 3
2352 2586 2188 3
2353 2715 2188 3
2354 2583 2188 3
2355 2459 2188 3
2356 2460 2188 3
2357 2438 2188 3
2358 2556 2188 3
2359 2438 2188 3
2360 2556 2188 3
2361 2556 2188 3
2362 2438 2188 3
2363 2365 2188 3
2364 2438 2188 3
2365 2365 2188 3
2366 2438 2188 3
2367 2560 2188 3
2368 2707 2188 3
2369 2560 2188 3
2370 2707 2188 3
2371 2816 2188 3
2372 2832 2188 3
2373 2824 2188 3
2374 2830 2188 3
2375 2824 2188 3
2376 2830 2188 3
2377 2824 2188 3
2379 3049 2188 3
2380 2824 2188 3
2381 2830 2188 3
2382 2870 2188 3
2383 2830 2188 3
2384 2886 2188 3
2385 2778 2188 3
2386 2777 2188 3
2387 2778 2188 3
2388 2896 2188 3
2389 2778 2188 3
2390 2924 2188 3
2391 2778 2188 3
2392 2924 2188 3
2393 2990 2188 3
2394 2991 2188 3
2395 2778 2188 3
2396 2779 2188 3
2397 2928 2188 3
2398 2841 2188 3
2399 2979 2188 3
2400 2749 2188 3
2401 2540 2188 3
2402 2539 2188 3
2403 2538 2188 3
2404 2436 2188 3
2405 2437 2188 3
2406 2436 2188 3
2407 2525 2188 3
2408 2627 2188 3
2409 2525 2188 3
2410 2627 2188 3
2411 2540 2188 3
2412 2540 2188 3
2414 2540 2188 3
2415 2538 2188 3
2416 2630 2188 3
2417 2491 2188 3
2418 2491 2188 3
2419 2418 2188 3
2420 2365 2188 3
2421 2357 2188 3
2422 2365 2188 3
2423 2386 2188 3
2424 2412 2188 3
2425 2386 2188 3
2426 2459 2188 3
2427 2386 2188 3
2428 2475 2188 3
2429 2350 2188 3
2430 2321 2188 3
2431 2329 2188 3
2432 2350 2188 3
2433 2403 2188 3
2434 2350 2188 3
2435 2452 2188 3
2436 2452 2188 3
2437 2452 2188 3
2438 2350 2188 3
2439 2452 2188 3
2440 2452 2188 3
2441 2579 2188 3
2442 2689 2188 3
2443 2715 2188 3
2444 2830 2188 3
2445 2778 2188 3
2446 2755 2188 3
2447 2778 2188 3
2448 2755 2188 3
2449 2783 2188 3
2450 2725 2188 3
2451 2739 2188 3
2452 2725 2188 3
2453 2783 2188 3
2454 2801 2188 3
2455 2797 2188 3
2456 2697 2188 3
2457 2801 2188 3
2458 2697 2188 3
2459 2801 2188 3
2460 2783 2188 3
2461 2801 2188 3
2462 2966 2188 3
2463 2983 2188 3
2464 2982 2188 3
2465 2956 2188 3
2466 2950 2188 3
2467 2954 2188 3
2468 2956 2188 3
2469 2954 2188 3
2470 2956 2188 3
2471 2982 2188 3
2472 3000 2188 3
2473 3139 2188 3
2474 3308 2188 3
2475 3139 2188 3
2476 2999 2188 3
2477 2860 2188 3
2478 2770 2188 3
2479 2742 2188 3
2480 2684 2188 3
2481 2653 2188 3
2482 2637 2188 3
2483 2653 2188 3
2484 2666 2188 3
2485 2690 2188 3
2486 2666 2188 3
2487 2696 2188 3
2488 2670 2188 3
2489 2632 2188 3
2490 2505 2188 3
2491 2403 2188 3
2492 2350 2188 3
2493 2321 2188 3
2494 2329 2188 3
2495 2350 2188 3
2496 2452 2188 3
2497 2350 2188 3
2498 2452 2188 3
2499 2452 2188 3
2500 2423 2188 3
2501 2452 2188 3
2502 2452 2188 3
2503 2350 2188 3
2504 2475 2188 3
2505 2501 2188 3
2506 2603 2188 3
2507 2573 2188 3
2508 2452 2188 3
2509 2350 2188 3
2510 2478 2188 3
2511 2553 2188 3
Priority 1: 0.8
Priority 2: 0.96
///////////////////
Feasible
Solution Cost: 2188
--------------
Route 1:

LOCATION | CUSTOMER
0 1000
27 21
27 18
27 2
27 19
8 12
0 1000
Max capacity: 150 Load:71
--------------
--------------
Route 2:

LOCATION | CUSTOMER
0 1000
16 20
2 6
28 1
28 3
28 0
28 23
3 7
20 22
4 8
26 14
0 1000
Max capacity: 150 Load:140
--------------
--------------
Route 3:

LOCATION | CUSTOMER
0 1000
1 5
30 16
26 24
26 13
29 17
29 15
29 11
29 10
29 4
5 9
0 1000
Max capacity: 150 Load:150
--------------
Solution Cost: 2188
Priority 1: 0.8
Priority 2: 0.96
///////////////////
Restart: 3
0 3611 1.7976931348623157E+308 0
1 3472 1.7976931348623157E+308 0
2 3294 1.7976931348623157E+308 0
3 3164 1.7976931348623157E+308 0
4 3162 1.7976931348623157E+308 0
5 3161 1.7976931348623157E+308 0
6 3162 1.7976931348623157E+308 0
7 3164 1.7976931348623157E+308 0
8 3169 1.7976931348623157E+308 0
9 3011 1.7976931348623157E+308 0
10 2981 1.7976931348623157E+308 0
11 2982 1.7976931348623157E+308 0
12 3011 1.7976931348623157E+308 0
13 2982 1.7976931348623157E+308 0
14 3031 1.7976931348623157E+308 0
15 2923 1.7976931348623157E+308 0
16 2922 1.7976931348623157E+308 0
17 2946 1.7976931348623157E+308 0
18 2922 1.7976931348623157E+308 0
19 2923 1.7976931348623157E+308 0
20 2952 1.7976931348623157E+308 0
21 2981 1.7976931348623157E+308 0
22 2952 1.7976931348623157E+308 0
23 2981 1.7976931348623157E+308 0
24 2952 1.7976931348623157E+308 0
25 3010 1.7976931348623157E+308 0
26 2977 1.7976931348623157E+308 0
27 2866 1.7976931348623157E+308 0
28 2730 1.7976931348623157E+308 0
29 2700 1.7976931348623157E+308 0
30 2701 1.7976931348623157E+308 0
31 2721 1.7976931348623157E+308 0
32 2678 1.7976931348623157E+308 0
33 2614 1.7976931348623157E+308 0
34 2593 1.7976931348623157E+308 0
35 2594 1.7976931348623157E+308 0
36 2614 1.7976931348623157E+308 0
37 2617 1.7976931348623157E+308 0
38 2630 1.7976931348623157E+308 0
39 2660 2660 3 flip
39 2660 2660 3
40 2706 2660 3
41 2660 2660 3
42 2706 2660 3
43 2711 2660 3
44 2718 2660 3
45 2747 2660 3
46 2797 2660 3
47 2811 2660 3
48 2811 2660 3
49 2790 2660 3
50 2840 2660 3
51 2893 2660 3
52 2892 2660 3
53 2893 2660 3
54 2968 2660 3
55 2893 2660 3
56 2968 2660 3
57 3011 2660 3
58 3100 2660 3
59 3100 2660 3
60 3195 2660 3
61 3100 2660 3
62 3197 2660 3
63 3199 2660 3
64 3252 2660 3
65 3199 2660 3
66 3252 2660 3
67 3220 2660 3
68 3125 2660 3
69 3227 2660 3
70 3174 2660 3
71 3227 2660 3
72 3254 2660 3
73 3096 2660 3
74 2940 2660 3
75 2868 2660 3
76 2815 2660 3
77 2785 2660 3
78 2683 2660 3
79 2619 2619 3 relocate
79 2619 2619 3
80 2648 2619 3
81 2619 2619 3
82 2666 2619 3
83 2671 2619 3
84 2678 2619 3
85 2731 2619 3
86 2730 2619 3
87 2731 2619 3
88 2678 2619 3
89 2732 2619 3
90 2678 2619 3
91 2742 2619 3
92 2683 2619 3
93 2778 2619 3
94 2683 2619 3
95 2785 2619 3
96 2789 2619 3
97 2768 2619 3
98 2756 2619 3
99 2654 2619 3
100 2667 2619 3
101 2654 2619 3
102 2718 2619 3
103 2654 2619 3
104 2756 2619 3
105 2654 2619 3
106 2756 2619 3
107 2728 2619 3
108 2710 2619 3
109 2639 2619 3
110 2575 2575 3 relocate
110 2575 2575 3
111 2439 2439 3 two opt
111 2439 2439 3
112 2337 2337 3 two opt
112 2337 2337 3
113 2346 2337 3
114 2337 2337 3
115 2346 2337 3
116 2366 2337 3
117 2411 2337 3
118 2417 2337 3
119 2411 2337 3
120 2417 2337 3
121 2438 2337 3
122 2430 2337 3
123 2366 2337 3
124 2419 2337 3
125 2366 2337 3
126 2455 2337 3
127 2475 2337 3
128 2498 2337 3
129 2568 2337 3
130 2498 2337 3
131 2600 2337 3
132 2600 2337 3
133 2683 2337 3
134 2637 2337 3
135 2683 2337 3
136 2680 2337 3
137 2597 2337 3
138 2680 2337 3
139 2634 2337 3
140 2680 2337 3
141 2680 2337 3
142 2688 2337 3
143 2642 2337 3
144 2748 2337 3
145 2642 2337 3
146 2748 2337 3
147 2672 2337 3
148 2727 2337 3
149 2729 2337 3
150 2697 2337 3
151 2697 2337 3
152 2503 2337 3
153 2495 2337 3
154 2496 2337 3
155 2502 2337 3
156 2503 2337 3
157 2556 2337 3
158 2503 2337 3
159 2605 2337 3
160 2605 2337 3
161 2615 2337 3
162 2605 2337 3
163 2667 2337 3
164 2565 2337 3
165 2628 2337 3
166 2648 2337 3
167 2527 2337 3
168 2507 2337 3
169 2527 2337 3
170 2635 2337 3
171 2527 2337 3
172 2648 2337 3
173 2682 2337 3
174 2662 2337 3
175 2641 2337 3
176 2502 2337 3
177 2503 2337 3
178 2502 2337 3
179 2555 2337 3
180 2502 2337 3
181 2604 2337 3
182 2502 2337 3
183 2604 2337 3
184 2604 2337 3
185 2687 2337 3
186 2604 2337 3
187 2687 2337 3
188 2641 2337 3
189 2673 2337 3
190 2641 2337 3
191 2673 2337 3
192 2682 2337 3
193 2737 2337 3
194 2803 2337 3
195 2920 2337 3
196 2890 2337 3
197 2620 2337 3
198 2632 2337 3
199 2620 2337 3
200 2632 2337 3
201 2620 2337 3
202 2632 2337 3
203 2672 2337 3
204 2672 2337 3
205 2607 2337 3
206 2549 2337 3
207 2570 2337 3
208 2666 2337 3
209 2673 2337 3
210 2762 2337 3
211 2710 2337 3
212 2549 2337 3
213 2653 2337 3
214 2607 2337 3
215 2736 2337 3
216 2607 2337 3
217 2736 2337 3
218 2607 2337 3
219 2752 2337 3
220 2731 2337 3
221 2759 2337 3
222 2814 2337 3
223 2854 2337 3
224 2867 2337 3
225 2805 2337 3
226 2636 2337 3
227 2609 2337 3
228 2608 2337 3
229 2609 2337 3
230 2605 2337 3
231 2603 2337 3
232 2528 2337 3
233 2515 2337 3
234 2523 2337 3
235 2576 2337 3
236 2523 2337 3
237 2584 2337 3
238 2597 2337 3
239 2345 2337 3
240 2344 2337 3
241 2345 2337 3
242 2398 2337 3
243 2345 2337 3
244 2401 2337 3
245 2345 2337 3
246 2401 2337 3
247 2345 2337 3
248 2470 2337 3
249 2490 2337 3
250 2469 2337 3
251 2344 2337 3
252 2381 2337 3
253 2344 2337 3
254 2397 2337 3
255 2344 2337 3
256 2400 2337 3
257 2400 2337 3
258 2496 2337 3
259 2496 2337 3
260 2582 2337 3
261 2550 2337 3
262 2549 2337 3
263 2471 2337 3
264 2579 2337 3
265 2471 2337 3
266 2606 2337 3
267 2471 2337 3
268 2606 2337 3
269 2727 2337 3
270 2549 2337 3
271 2503 2337 3
272 2440 2337 3
273 2515 2337 3
274 2440 2337 3
275 2548 2337 3
276 2440 2337 3
277 2554 2337 3
278 2658 2337 3
279 2540 2337 3
280 2554 2337 3
281 2662 2337 3
282 2554 2337 3
283 2723 2337 3
284 2431 2337 3
285 2467 2337 3
286 2431 2337 3
287 2542 2337 3
288 2342 2337 3
289 2395 2337 3
290 2342 2337 3
291 2405 2337 3
292 2342 2337 3
293 2431 2337 3
294 2542 2337 3
295 2431 2337 3
296 2561 2337 3
297 2755 2337 3
298 2956 2337 3
299 2979 2337 3
300 2785 2337 3
301 2672 2337 3
302 2573 2337 3
303 2471 2337 3
304 2471 2337 3
305 2302 2302 3 flip
305 2302 2302 3
306 2321 2302 3
307 2302 2302 3
308 2355 2302 3
309 2302 2302 3
310 2365 2302 3
311 2302 2302 3
312 2404 2302 3
313 2503 2302 3
314 2404 2302 3
315 2302 2302 3
316 2415 2302 3
317 2584 2302 3
318 2348 2302 3
319 2290 2290 3 flip
319 2290 2290 3
320 2343 2290 3
321 2290 2290 3
322 2392 2290 3
323 2290 2290 3
324 2392 2290 3
325 2290 2290 3
326 2401 2290 3
327 2201 2201 3 two opt
327 2201 2201 3
328 2254 2201 3
329 2201 2201 3
330 2303 2201 3
331 2201 2201 3
332 2303 2201 3
333 2201 2201 3
334 2322 2201 3
335 2448 2201 3
336 2201 2201 3
337 2290 2201 3
338 2401 2201 3
339 2290 2201 3
340 2392 2201 3
341 2290 2201 3
342 2392 2201 3
343 2509 2201 3
344 2480 2201 3
345 2553 2201 3
346 2480 2201 3
347 2651 2201 3
348 2596 2201 3
349 2559 2201 3
350 2649 2201 3
351 2514 2201 3
352 2525 2201 3
353 2505 2201 3
354 2464 2201 3
355 2295 2201 3
356 2276 2201 3
357 2302 2201 3
358 2276 2201 3
359 2349 2201 3
360 2356 2201 3
361 2295 2201 3
362 2489 2201 3
363 2485 2201 3
364 2695 2201 3
365 2712 2201 3
366 2858 2201 3
367 2836 2201 3
368 2836 2201 3
369 2768 2201 3
370 2769 2201 3
371 2768 2201 3
372 2792 2201 3
373 2768 2201 3
374 2796 2201 3
375 2734 2201 3
376 2698 2201 3
377 2668 2201 3
378 2650 2201 3
379 2654 2201 3
380 2650 2201 3
381 2654 2201 3
382 2661 2201 3
383 2690 2201 3
384 2597 2201 3
385 2593 2201 3
386 2597 2201 3
387 2637 2201 3
388 2637 2201 3
389 2497 2201 3
390 2497 2201 3
391 2497 2201 3
392 2520 2201 3
393 2518 2201 3
394 2276 2201 3
395 2302 2201 3
396 2276 2201 3
397 2302 2201 3
398 2321 2201 3
399 2302 2201 3
400 2355 2201 3
401 2302 2201 3
402 2404 2201 3
403 2374 2201 3
404 2422 2201 3
405 2487 2201 3
406 2631 2201 3
407 2635 2201 3
408 2529 2201 3
409 2566 2201 3
410 2529 2201 3
411 2585 2201 3
412 2529 2201 3
413 2585 2201 3
414 2754 2201 3
415 2585 2201 3
416 2796 2201 3
417 2764 2201 3
418 2701 2201 3
419 2677 2201 3
420 2677 2201 3
421 2705 2201 3
422 2682 2201 3
423 2682 2201 3
424 2682 2201 3
425 2726 2201 3
426 2780 2201 3
427 2788 2201 3
428 2711 2201 3
429 2712 2201 3
430 2737 2201 3
431 2708 2201 3
432 2712 2201 3
433 2741 2201 3
434 2811 2201 3
435 2730 2201 3
436 2701 2201 3
437 2713 2201 3
438 2690 2201 3
439 2661 2201 3
440 2660 2201 3
441 2661 2201 3
442 2660 2201 3
443 2675 2201 3
444 2641 2201 3
445 2642 2201 3
446 2641 2201 3
447 2642 2201 3
448 2641 2201 3
449 2675 2201 3
450 2555 2201 3
451 2540 2201 3
452 2506 2201 3
453 2448 2201 3
454 2449 2201 3
455 2448 2201 3
456 2449 2201 3
457 2448 2201 3
458 2452 2201 3
459 2448 2201 3
460 2452 2201 3
461 2467 2201 3
462 2452 2201 3
463 2467 2201 3
464 2492 2201 3
465 2493 2201 3
466 2497 2201 3
467 2468 2201 3
468 2496 2201 3
469 2495 2201 3
470 2516 2201 3
471 2285 2201 3
472 2277 2201 3
473 2306 2201 3
474 2359 2201 3
475 2306 2201 3
476 2375 2201 3
477 2306 2201 3
478 2381 2201 3
479 2352 2201 3
480 2277 2201 3
481 2348 2201 3
482 2397 2201 3
483 2428 2201 3
484 2399 2201 3
485 2407 2201 3
486 2399 2201 3
487 2408 2201 3
488 2582 2201 3
489 2408 2201 3
490 2582 2201 3
491 2692 2201 3
492 2730 2201 3
493 2692 2201 3
494 2731 2201 3
495 2582 2201 3
496 2751 2201 3
497 2662 2201 3
498 2795 2201 3
499 2907 2201 3
500 2662 2201 3
501 2795 2201 3
502 2908 2201 3
503 2944 2201 3
504 3018 2201 3
505 2978 2201 3
506 3018 2201 3
507 2978 2201 3
508 3026 2201 3
509 3097 2201 3
510 3026 2201 3
511 3024 2201 3
512 2833 2201 3
513 2797 2201 3
Customer 1: 11
B1 ID: 12 D1 ID: 13
Customer 2: 14
B2 ID: 19 D2 ID: 18
-----
Route 1 Before: 50,5,12,24,49,17,11,27,22,4,50
Route 2 Before: 50,6,3,0,1,7,41,8,19,9,50
-----
---------
Route 1 After: 50,5,13,24,49,17,11,27,22,4,50
Route 2 After: 50,6,3,0,1,7,41,8,18,9,50
---------
Priority swap cost contribution: -122
514 2675 2201 3
515 2554 2201 3
516 2568 2201 3
517 2554 2201 3
518 2643 2201 3
519 2690 2201 3
520 2891 2201 3
521 2920 2201 3
522 3058 2201 3
523 3259 2201 3
524 3280 2201 3
525 2988 2201 3
526 2850 2201 3
527 2702 2201 3
528 2687 2201 3
529 2634 2201 3
530 2494 2201 3
531 2488 2201 3
532 2319 2201 3
533 2327 2201 3
534 2319 2201 3
535 2339 2201 3
536 2368 2201 3
537 2391 2201 3
538 2393 2201 3
539 2348 2201 3
540 2401 2201 3
541 2348 2201 3
542 2450 2201 3
543 2348 2201 3
544 2456 2201 3
545 2430 2201 3
546 2402 2201 3
547 2427 2201 3
548 2497 2201 3
549 2503 2201 3
550 2495 2201 3
551 2435 2201 3
552 2409 2201 3
553 2444 2201 3
554 2409 2201 3
555 2444 2201 3
556 2452 2201 3
557 2554 2201 3
558 2452 2201 3
559 2573 2201 3
560 2646 2201 3
561 2646 2201 3
562 2649 2201 3
563 2638 2201 3
564 2756 2201 3
565 2638 2201 3
566 2756 2201 3
567 2764 2201 3
568 2764 2201 3
569 2870 2201 3
570 2870 2201 3
571 2876 2201 3
572 2950 2201 3
573 2904 2201 3
574 2803 2201 3
575 2760 2201 3
576 2899 2201 3
577 2879 2201 3
578 2896 2201 3
579 2822 2201 3
580 2730 2201 3
581 2810 2201 3
582 2730 2201 3
583 2858 2201 3
584 2730 2201 3
585 2858 2201 3
586 2961 2201 3
587 2983 2201 3
588 2923 2201 3
589 3051 2201 3
590 2923 2201 3
591 3051 2201 3
592 2923 2201 3
593 3093 2201 3
594 3094 2201 3
595 3278 2201 3
596 3272 2201 3
597 3278 2201 3
598 3272 2201 3
599 3300 2201 3
600 3106 2201 3
601 3084 2201 3
602 2900 2201 3
603 2730 2201 3
604 2734 2201 3
605 2730 2201 3
606 2734 2201 3
607 2787 2201 3
608 2734 2201 3
609 2814 2201 3
610 2849 2201 3
611 2734 2201 3
612 2814 2201 3
613 2906 2201 3
614 2817 2201 3
615 2919 2201 3
616 2863 2201 3
617 2645 2201 3
618 2412 2201 3
619 2408 2201 3
620 2379 2201 3
621 2400 2201 3
622 2259 2201 3
623 2230 2201 3
624 2238 2201 3
625 2259 2201 3
626 2288 2201 3
627 2259 2201 3
628 2288 2201 3
629 2259 2201 3
630 2312 2201 3
631 2259 2201 3
632 2348 2201 3
633 2456 2201 3
634 2348 2201 3
635 2469 2201 3
636 2518 2201 3
637 2259 2201 3
638 2238 2201 3
639 2259 2201 3
640 2380 2201 3
641 2259 2201 3
642 2380 2201 3
643 2453 2201 3
644 2380 2201 3
645 2453 2201 3
646 2453 2201 3
647 2424 2201 3
648 2555 2201 3
649 2704 2201 3
650 2695 2201 3
651 2864 2201 3
652 2792 2201 3
653 2919 2201 3
654 3033 2201 3
655 2792 2201 3
656 3017 2201 3
657 2792 2201 3
658 3017 2201 3
659 3023 2201 3
660 3045 2201 3
661 2985 2201 3
662 3014 2201 3
663 3037 2201 3
664 3037 2201 3
665 2988 2201 3
666 2984 2201 3
667 2985 2201 3
668 2984 2201 3
669 3058 2201 3
670 3001 2201 3
671 2985 2201 3
672 2839 2201 3
673 2726 2201 3
674 2727 2201 3
675 2533 2201 3
676 2480 2201 3
677 2324 2201 3
678 2201 2201 3
679 2254 2201 3
680 2201 2201 3
681 2290 2201 3
682 2348 2201 3
683 2290 2201 3
684 2392 2201 3
685 2290 2201 3
686 2392 2201 3
687 2290 2201 3
688 2401 2201 3
689 2201 2201 3
690 2303 2201 3
691 2201 2201 3
692 2303 2201 3
693 2201 2201 3
694 2322 2201 3
695 2445 2201 3
696 2276 2201 3
697 2402 2201 3
698 2276 2201 3
699 2302 2201 3
700 2415 2201 3
701 2302 2201 3
702 2321 2201 3
703 2411 2201 3
704 2422 2201 3
705 2295 2201 3
706 2321 2201 3
707 2411 2201 3
708 2546 2201 3
709 2654 2201 3
710 2654 2201 3
711 2654 2201 3
712 2826 2201 3
713 2715 2201 3
714 2643 2201 3
715 2450 2201 3
716 2420 2201 3
717 2303 2201 3
718 2201 2201 3
719 2303 2201 3
720 2201 2201 3
721 2395 2201 3
722 2626 2201 3
723 2395 2201 3
724 2391 2201 3
725 2395 2201 3
726 2648 2201 3
727 2653 2201 3
728 2652 2201 3
729 2394 2201 3
730 2390 2201 3
731 2391 2201 3
732 2390 2201 3
733 2394 2201 3
734 2625 2201 3
735 2751 2201 3
736 2572 2201 3
737 2641 2201 3
738 2776 2201 3
739 2962 2201 3
740 2968 2201 3
741 3069 2201 3
742 3074 2201 3
743 3069 2201 3
744 3256 2201 3
745 3103 2201 3
746 2933 2201 3
747 2911 2201 3
748 2910 2201 3
749 2910 2201 3
750 2556 2201 3
751 2416 2201 3
752 2363 2201 3
753 2359 2201 3
754 2360 2201 3
755 2359 2201 3
756 2360 2201 3
757 2359 2201 3
758 2363 2201 3
759 2359 2201 3
760 2360 2201 3
761 2364 2201 3
762 2379 2201 3
763 2364 2201 3
764 2379 2201 3
765 2408 2201 3
766 2393 2201 3
767 2495 2201 3
768 2567 2201 3
769 2495 2201 3
770 2567 2201 3
771 2563 2201 3
772 2583 2201 3
773 2563 2201 3
774 2583 2201 3
775 2563 2201 3
776 2648 2201 3
777 2563 2201 3
778 2648 2201 3
779 2692 2201 3
780 2477 2201 3
781 2408 2201 3
782 2393 2201 3
783 2512 2201 3
784 2548 2201 3
785 2512 2201 3
786 2548 2201 3
787 2614 2201 3
788 2586 2201 3
789 2581 2201 3
790 2558 2201 3
791 2586 2201 3
792 2558 2201 3
793 2581 2201 3
794 2586 2201 3
795 2604 2201 3
796 2500 2201 3
797 2546 2201 3
798 2500 2201 3
799 2597 2201 3
800 2500 2201 3
801 2597 2201 3
802 2645 2201 3
803 2745 2201 3
804 2645 2201 3
805 2745 2201 3
806 2749 2201 3
807 2764 2201 3
808 2783 2201 3
809 2916 2201 3
810 2783 2201 3
811 2916 2201 3
812 2943 2201 3
813 2936 2201 3
814 2786 2201 3
815 2828 2201 3
816 2786 2201 3
817 2828 2201 3
818 2828 2201 3
819 2799 2201 3
820 2769 2201 3
821 2750 2201 3
822 2749 2201 3
823 2743 2201 3
824 2756 2201 3
825 2708 2201 3
826 2677 2201 3
827 2622 2201 3
828 2626 2201 3
830 2616 2201 3
831 2632 2201 3
832 2616 2201 3
833 2635 2201 3
834 2616 2201 3
835 2662 2201 3
836 2616 2201 3
837 2662 2201 3
838 2647 2201 3
839 2643 2201 3
840 2647 2201 3
841 2668 2201 3
842 2668 2201 3
843 2697 2201 3
844 2741 2201 3
845 2711 2201 3
846 2759 2201 3
847 2711 2201 3
848 2759 2201 3
849 2821 2201 3
850 2759 2201 3
851 2821 2201 3
852 2847 2201 3
853 2818 2201 3
854 2792 2201 3
855 2730 2201 3
856 2682 2201 3
857 2730 2201 3
858 2682 2201 3
859 2730 2201 3
860 2792 2201 3
861 2818 2201 3
862 2801 2201 3
863 2901 2201 3
864 2905 2201 3
865 2901 2201 3
866 2905 2201 3
867 3030 2201 3
868 2916 2201 3
869 2905 2201 3
870 2910 2201 3
871 3010 2201 3
872 3006 2201 3
873 3009 2201 3
874 2938 2201 3
875 2942 2201 3
876 2955 2201 3
877 2995 2201 3
878 2990 2201 3
879 2968 2201 3
880 2723 2201 3
881 2693 2201 3
883 2894 2201 3
884 2723 2201 3
885 2722 2201 3
886 2758 2201 3
887 2620 2201 3
888 2554 2201 3
889 2501 2201 3
890 2465 2201 3
891 2449 2201 3
892 2445 2201 3
893 2449 2201 3
894 2453 2201 3
895 2399 2201 3
896 2402 2201 3
897 2399 2201 3
898 2416 2201 3
899 2402 2201 3
900 2399 2201 3
901 2402 2201 3
902 2416 2201 3
903 2469 2201 3
904 2416 2201 3
905 2505 2201 3
906 2607 2201 3
907 2505 2201 3
908 2607 2201 3
909 2598 2201 3
910 2496 2201 3
911 2598 2201 3
912 2607 2201 3
913 2699 2201 3
914 2748 2201 3
915 2518 2201 3
916 2509 2201 3
917 2407 2201 3
918 2460 2201 3
919 2407 2201 3
920 2496 2201 3
921 2604 2201 3
922 2496 2201 3
923 2617 2201 3
924 2496 2201 3
925 2617 2201 3
926 2666 2201 3
927 2407 2201 3
928 2509 2201 3
929 2407 2201 3
930 2528 2201 3
931 2601 2201 3
932 2725 2201 3
933 2601 2201 3
934 2725 2201 3
935 2694 2201 3
936 2567 2201 3
937 2637 2201 3
938 2567 2201 3
939 2694 2201 3
940 2667 2201 3
941 2805 2201 3
942 2814 2201 3
943 2920 2201 3
944 2805 2201 3
945 2845 2201 3
946 2805 2201 3
947 2949 2201 3
948 2977 2201 3
949 2832 2201 3
950 2977 2201 3
951 2832 2201 3
952 3001 2201 3
953 2814 2201 3
954 2687 2201 3
955 2877 2201 3
956 3043 2201 3
957 2793 2201 3
958 2995 2201 3
959 2793 2201 3
960 3045 2201 3
961 3173 2201 3
962 3145 2201 3
964 3465 2201 3
965 3464 2201 3
966 3468 2201 3
967 3462 2201 3
968 3189 2201 3
969 2954 2201 3
970 2870 2201 3
971 2866 2201 3
972 2870 2201 3
973 2894 2201 3
974 2554 2201 3
975 2452 2201 3
976 2448 2201 3
977 2452 2201 3
978 2488 2201 3
979 2452 2201 3
980 2515 2201 3
981 2541 2201 3
982 2452 2201 3
983 2541 2201 3
984 2643 2201 3
985 2667 2201 3
986 2690 2201 3
987 2683 2201 3
988 2683 2201 3
989 2683 2201 3
990 2782 2201 3
991 2883 2201 3
992 2882 2201 3
993 2581 2201 3
994 2683 2201 3
995 2581 2201 3
996 2692 2201 3
997 2492 2201 3
998 2594 2201 3
999 2492 2201 3
1000 2594 2201 3
1001 2492 2201 3
1002 2605 2201 3
1003 2492 2201 3
1004 2605 2201 3
1005 2492 2201 3
1006 2739 2201 3
1007 2492 2201 3
1008 2744 2201 3
1009 2706 2201 3
1010 2352 2201 3
1011 2415 2201 3
1012 2352 2201 3
1013 2441 2201 3
1014 2441 2201 3
1015 2383 2201 3
1016 2260 2201 3
1017 2362 2201 3
1018 2260 2201 3
1019 2381 2201 3
1020 2260 2201 3
1021 2381 2201 3
1022 2411 2201 3
1023 2464 2201 3
1024 2537 2201 3
1025 2637 2201 3
1026 2448 2201 3
1027 2375 2201 3
1028 2254 2201 3
1029 2201 2201 3
1030 2254 2201 3
1031 2343 2201 3
1032 2454 2201 3
1033 2343 2201 3
1034 2445 2201 3
1035 2544 2201 3
1036 2698 2201 3
1037 2676 2201 3
1038 2677 2201 3
1039 2526 2201 3
1040 2527 2201 3
1041 2628 2201 3
1042 2768 2201 3
1043 2986 2201 3
1044 2768 2201 3
1045 3019 2201 3
1046 2998 2201 3
1047 3067 2201 3
1048 3022 2201 3
1049 3037 2201 3
1051 2706 2201 3
1052 2566 2201 3
1053 2464 2201 3
1054 2352 2201 3
1055 2299 2201 3
1056 2352 2201 3
1057 2427 2201 3
1058 2352 2201 3
1059 2427 2201 3
1060 2428 2201 3
1061 2473 2201 3
1062 2428 2201 3
1063 2473 2201 3
1064 2470 2201 3
1065 2441 2201 3
1066 2470 2201 3
1067 2479 2201 3
1068 2587 2201 3
1069 2479 2201 3
1070 2587 2201 3
1071 2579 2201 3
1072 2577 2201 3
1073 2528 2201 3
1074 2616 2201 3
1075 2516 2201 3
1076 2463 2201 3
1077 2516 2201 3
1078 2463 2201 3
1079 2516 2201 3
1080 2616 2201 3
1081 2516 2201 3
1082 2620 2201 3
1083 2622 2201 3
1084 2639 2201 3
1085 2685 2201 3
1086 2696 2201 3
1087 2696 2201 3
1088 2631 2201 3
1089 2558 2201 3
1090 2454 2201 3
1091 2477 2201 3
1092 2454 2201 3
1093 2527 2201 3
1094 2454 2201 3
1095 2554 2201 3
1096 2558 2201 3
1097 2554 2201 3
1098 2558 2201 3
1099 2604 2201 3
1100 2708 2201 3
1101 2707 2201 3
1102 2708 2201 3
1103 2711 2201 3
1104 2746 2201 3
1105 2837 2201 3
1106 2793 2201 3
1107 2745 2201 3
1108 2740 2201 3
1109 2725 2201 3
1110 2689 2201 3
1111 2726 2201 3
1112 2689 2201 3
1113 2729 2201 3
1114 2803 2201 3
1115 2803 2201 3
1116 2803 2201 3
1117 2869 2201 3
1118 2803 2201 3
1119 2897 2201 3
1120 2908 2201 3
1121 3054 2201 3
1122 2908 2201 3
1123 3054 2201 3
1124 3083 2201 3
1125 2908 2201 3
1126 2803 2201 3
1127 2729 2201 3
1128 2676 2201 3
1130 2676 2201 3
1131 2695 2201 3
1132 2676 2201 3
1133 2713 2201 3
1134 2676 2201 3
1135 2676 2201 3
1136 2676 2201 3
1137 2724 2201 3
1138 2777 2201 3
1139 2835 2201 3
1140 2777 2201 3
1141 2847 2201 3
1142 2826 2201 3
1143 2720 2201 3
1144 2648 2201 3
1145 2684 2201 3
1146 2721 2201 3
1147 2774 2201 3
1148 2847 2201 3
1149 2774 2201 3
1150 2847 2201 3
1151 2876 2201 3
1152 2820 2201 3
1153 2726 2201 3
1154 2783 2201 3
1155 2677 2201 3
1156 2624 2201 3
1157 2588 2201 3
1159 2611 2201 3
1160 2611 2201 3
1161 2611 2201 3
1162 2692 2201 3
1163 2611 2201 3
1164 2692 2201 3
1165 2712 2201 3
1166 2693 2201 3
1167 2669 2201 3
1168 2653 2201 3
1169 2630 2201 3
1170 2653 2201 3
1171 2630 2201 3
1172 2657 2201 3
1173 2654 2201 3
1174 2550 2201 3
1175 2477 2201 3
1176 2500 2201 3
1177 2477 2201 3
1178 2500 2201 3
1179 2477 2201 3
1180 2550 2201 3
1181 2477 2201 3
1182 2577 2201 3
1183 2581 2201 3
1184 2577 2201 3
1185 2581 2201 3
1186 2597 2201 3
1187 2581 2201 3
1188 2597 2201 3
1189 2596 2201 3
1190 2597 2201 3
1191 2629 2201 3
1192 2580 2201 3
1193 2553 2201 3
1194 2546 2201 3
1195 2553 2201 3
1196 2546 2201 3
1197 2595 2201 3
1198 2546 2201 3
1199 2595 2201 3
1200 2542 2201 3
1201 2493 2201 3
1202 2500 2201 3
1203 2493 2201 3
1204 2500 2201 3
1205 2493 2201 3
1206 2542 2201 3
1207 2544 2201 3
1208 2542 2201 3
1209 2544 2201 3
1210 2551 2201 3
1211 2544 2201 3
1212 2528 2201 3
1213 2500 2201 3
1214 2477 2201 3
1215 2500 2201 3
1216 2524 2201 3
1217 2528 2201 3
1218 2601 2201 3
1219 2528 2201 3
1220 2601 2201 3
1221 2688 2201 3
1222 2685 2201 3
1223 2578 2201 3
1224 2505 2201 3
1225 2477 2201 3
1226 2454 2201 3
1227 2477 2201 3
1228 2454 2201 3
1229 2477 2201 3
1230 2500 2201 3
1231 2524 2201 3
1232 2528 2201 3
1233 2615 2201 3
1234 2505 2201 3
1235 2521 2201 3
1236 2505 2201 3
1237 2521 2201 3
1238 2574 2201 3
1239 2504 2201 3
1240 2470 2201 3
1241 2477 2201 3
1242 2470 2201 3
1243 2519 2201 3
1244 2470 2201 3
1245 2519 2201 3
1246 2470 2201 3
1247 2591 2201 3
1248 2700 2201 3
1249 2736 2201 3
1250 2869 2201 3
1251 2736 2201 3
1252 2869 2201 3
1253 2879 2201 3
1254 3000 2201 3
1255 2869 2201 3
1256 2736 2201 3
1257 2899 2201 3
1258 2736 2201 3
1259 2905 2201 3
1260 2736 2201 3
1261 2923 2201 3
1262 2944 2201 3
1263 2897 2201 3
1264 2493 2201 3
1265 2487 2201 3
1266 2591 2201 3
1267 2661 2201 3
1268 2591 2201 3
1269 2661 2201 3
1270 2732 2201 3
1271 2800 2201 3
1272 2792 2201 3
1273 2680 2201 3
1274 2801 2201 3
1275 2570 2201 3
1276 2505 2201 3
1277 2501 2201 3
1278 2477 2201 3
1279 2454 2201 3
1280 2477 2201 3
1281 2454 2201 3
1282 2477 2201 3
1283 2500 2201 3
1284 2500 2201 3
1285 2500 2201 3
1286 2500 2201 3
1287 2524 2201 3
1288 2528 2201 3
1289 2544 2201 3
1290 2528 2201 3
1291 2544 2201 3
1292 2576 2201 3
1293 2527 2201 3
1294 2493 2201 3
1295 2500 2201 3
1296 2493 2201 3
1297 2500 2201 3
1298 2604 2201 3
1299 2500 2201 3
1300 2621 2201 3
1301 2549 2201 3
1302 2559 2201 3
1303 2631 2201 3
1304 2740 2201 3
1305 2776 2201 3
1306 2789 2201 3
1307 2922 2201 3
1308 2920 2201 3
1309 2921 2201 3
1310 2948 2201 3
1311 2800 2201 3
1312 2782 2201 3
1313 2523 2201 3
1314 2510 2201 3
1315 2523 2201 3
1316 2570 2201 3
1317 2638 2201 3
1318 2652 2201 3
1319 2652 2201 3
1320 2544 2201 3
1321 2523 2201 3
1322 2392 2201 3
1323 2290 2201 3
1324 2343 2201 3
1325 2290 2201 3
1326 2348 2201 3
1327 2290 2201 3
1328 2401 2201 3
1329 2201 2201 3
1330 2254 2201 3
1331 2201 2201 3
1332 2303 2201 3
1333 2201 2201 3
1334 2303 2201 3
1335 2201 2201 3
1336 2322 2201 3
1337 2411 2201 3
1338 2437 2201 3
1339 2548 2201 3
1340 2437 2201 3
1341 2539 2201 3
1342 2509 2201 3
1343 2392 2201 3
1344 2290 2201 3
1345 2413 2201 3
1346 2290 2201 3
1347 2448 2201 3
1348 2523 2201 3
1349 2544 2201 3
1350 2375 2201 3
1351 2374 2201 3
1352 2299 2201 3
1353 2352 2201 3
1354 2299 2201 3
1355 2388 2201 3
1356 2417 2201 3
1357 2374 2201 3
1358 2375 2201 3
1359 2404 2201 3
1360 2374 2201 3
1361 2299 2201 3
1362 2368 2201 3
1363 2299 2201 3
1364 2368 2201 3
1365 2446 2201 3
1366 2374 2201 3
1367 2370 2201 3
1369 2463 2201 3
1370 2560 2201 3
1371 2557 2201 3
1372 2615 2201 3
1373 2557 2201 3
1374 2560 2201 3
1375 2463 2201 3
1376 2538 2201 3
1377 2661 2201 3
1378 2784 2201 3
1379 2839 2201 3
1380 2723 2201 3
1381 2716 2201 3
1382 2821 2201 3
1383 2947 2201 3
1384 2821 2201 3
1385 2947 2201 3
1386 2975 2201 3
1387 3131 2201 3
1388 3102 2201 3
1389 3129 2201 3
1390 3064 2201 3
1391 2881 2201 3
1392 2906 2201 3
1393 2935 2201 3
1394 2906 2201 3
1395 2935 2201 3
1396 2916 2201 3
1397 2927 2201 3
1398 2916 2201 3
1399 2981 2201 3
1400 2916 2201 3
1401 2981 2201 3
1402 2916 2201 3
1403 2981 2201 3
1404 3106 2201 3
1405 3111 2201 3
1406 3280 2201 3
1407 3044 2201 3
1408 3016 2201 3
1409 3010 2201 3
1410 3168 2201 3
1411 3110 2201 3
1412 2876 2201 3
1413 2844 2201 3
1414 2868 2201 3
1415 2844 2201 3
1416 2868 2201 3
1417 2872 2201 3
1418 2904 2201 3
1419 2847 2201 3
1420 2623 2201 3
1421 2490 2201 3
1422 2563 2201 3
1423 2490 2201 3
1424 2579 2201 3
1425 2555 2201 3
1426 2578 2201 3
1427 2290 2201 3
1428 2343 2201 3
1429 2290 2201 3
1430 2348 2201 3
1431 2290 2201 3
1432 2392 2201 3
1433 2491 2201 3
1434 2392 2201 3
1436 2201 2201 3
1437 2254 2201 3
1438 2201 2201 3
1439 2290 2201 3
1440 2401 2201 3
1441 2290 2201 3
1442 2392 2201 3
1443 2496 2201 3
1444 2303 2201 3
1445 2201 2201 3
1446 2303 2201 3
1447 2201 2201 3
1448 2322 2201 3
1449 2445 2201 3
1450 2276 2201 3
1451 2374 2201 3
1452 2422 2201 3
1453 2295 2201 3
1454 2276 2201 3
1455 2349 2201 3
1456 2276 2201 3
1457 2349 2201 3
1458 2356 2201 3
1459 2456 2201 3
1460 2650 2201 3
1461 2646 2201 3
1462 2650 2201 3
1463 2860 2201 3
1464 2831 2201 3
1465 2898 2201 3
1466 3044 2201 3
1467 3022 2201 3
1468 2945 2201 3
1469 2945 2201 3
1470 2877 2201 3
1471 2944 2201 3
1472 2904 2201 3
1473 2944 2201 3
1474 3021 2201 3
1476 3106 2201 3
1477 3162 2201 3
1478 3221 2201 3
1479 3162 2201 3
1480 3221 2201 3
Customer 1: 23
B1 ID: 44 D1 ID: 46
Customer 2: 18
B2 ID: 30 D2 ID: 31
-----
Route 1 Before: 50,0,44,30,14,48,25,13,27,11,4,50
Route 2 Before: 50,0,44,30,14,48,25,13,27,11,4,50
-----
---------
Route 1 After: 50,0,46,31,14,48,25,13,27,11,4,50
Route 2 After: 50,0,46,31,14,48,25,13,27,11,4,50
---------
Priority swap cost contribution: -38
1481 3183 2201 3
1482 3159 2201 3
1483 3117 2201 3
1484 3111 2201 3
1485 3117 2201 3
1486 3130 2201 3
1487 3125 2201 3
1488 3130 2201 3
1489 3268 2201 3
1490 3137 2201 3
1491 3247 2201 3
1492 3137 2201 3
1493 2996 2201 3
1494 2938 2201 3
1495 2854 2201 3
1496 2802 2201 3
1497 2762 2201 3
1498 2734 2201 3
1499 2676 2201 3
1500 2645 2201 3
1501 2661 2201 3
1502 2645 2201 3
1503 2664 2201 3
1504 2689 2201 3
1505 2695 2201 3
1506 2624 2201 3
1507 2605 2201 3
1508 2621 2201 3
1509 2605 2201 3
1510 2624 2201 3
1511 2653 2201 3
1512 2683 2201 3
1513 2683 2201 3
1514 2592 2201 3
1515 2573 2201 3
1516 2572 2201 3
1517 2572 2201 3
1518 2572 2201 3
1519 2572 2201 3
1520 2572 2201 3
1521 2573 2201 3
1522 2544 2201 3
1523 2558 2201 3
1524 2520 2201 3
1525 2467 2201 3
1526 2452 2201 3
1527 2453 2201 3
1528 2452 2201 3
1529 2453 2201 3
1530 2452 2201 3
1531 2453 2201 3
1532 2468 2201 3
1533 2497 2201 3
1534 2482 2201 3
1535 2497 2201 3
1536 2526 2201 3
1537 2595 2201 3
1538 2568 2201 3
1539 2497 2201 3
1540 2568 2201 3
1541 2588 2201 3
1542 2568 2201 3
1543 2644 2201 3
1544 2454 2201 3
1545 2382 2201 3
1546 2352 2201 3
1547 2361 2201 3
1548 2352 2201 3
1549 2361 2201 3
1550 2382 2201 3
1551 2411 2201 3
1552 2382 2201 3
1553 2435 2201 3
1554 2382 2201 3
1555 2454 2201 3
1556 2474 2201 3
1558 2522 2201 3
1559 2633 2201 3
1560 2522 2201 3
1561 2671 2201 3
1562 2845 2201 3
1563 2671 2201 3
1564 2916 2201 3
1565 3110 2201 3
1566 3349 2201 3
1567 3420 2201 3
1568 3643 2201 3
1569 3630 2201 3
1570 3636 2201 3
1571 3748 2201 3
1572 3583 2201 3
1573 3490 2201 3
1574 3312 2201 3
1575 3116 2201 3
1576 2864 2201 3
1577 2674 2201 3
1578 2683 2201 3
1579 2552 2201 3
1580 2561 2201 3
1581 2552 2201 3
1582 2403 2201 3
1583 2412 2201 3
1584 2403 2201 3
1585 2412 2201 3
1586 2411 2201 3
1587 2440 2201 3
1588 2271 2201 3
1589 2272 2201 3
1590 2263 2201 3
1591 2272 2201 3
1592 2263 2201 3
1593 2292 2201 3
1594 2345 2201 3
1595 2292 2201 3
1596 2364 2201 3
1597 2292 2201 3
1599 2432 2201 3
1600 2543 2201 3
1601 2432 2201 3
1602 2553 2201 3
1603 2542 2201 3
1604 2675 2201 3
1605 2542 2201 3
1606 2675 2201 3
1607 2611 2201 3
1608 2741 2201 3
1609 2521 2201 3
1610 2654 2201 3
1611 2521 2201 3
1612 2654 2201 3
1613 2781 2201 3
1614 2922 2201 3
1615 2931 2201 3
1616 2952 2201 3
1617 3105 2201 3
1618 2947 2201 3
1619 2926 2201 3
1620 3071 2201 3
1621 2926 2201 3
1622 3084 2201 3
1623 2926 2201 3
1624 3084 2201 3
1625 3113 2201 3
1626 3287 2201 3
1627 3113 2201 3
1628 3223 2201 3
1629 3375 2201 3
1630 3096 2201 3
1631 2873 2201 3
1632 2729 2201 3
1633 2765 2201 3
1634 2839 2201 3
1635 2938 2201 3
1636 3039 2201 3
1637 3158 2201 3
1638 3157 2201 3
1639 2958 2201 3
1640 3064 2201 3
1641 2958 2201 3
1642 3064 2201 3
1643 3186 2201 3
1644 3064 2201 3
1645 3186 2201 3
1646 3072 2201 3
1647 2839 2201 3
1648 2773 2201 3
1649 2872 2201 3
1650 2773 2201 3
1651 2737 2201 3
1652 2707 2201 3
1653 2716 2201 3
1654 2558 2201 3
1655 2567 2201 3
1656 2558 2201 3
1657 2567 2201 3
1658 2596 2201 3
1659 2632 2201 3
1660 2596 2201 3
1661 2649 2201 3
1662 2596 2201 3
1663 2651 2201 3
1664 2482 2201 3
1665 2444 2201 3
1666 2424 2201 3
1667 2352 2201 3
1668 2361 2201 3
1669 2352 2201 3
1670 2361 2201 3
1671 2352 2201 3
1672 2381 2201 3
1673 2360 2201 3
1674 2381 2201 3
1675 2434 2201 3
1676 2381 2201 3
1677 2437 2201 3
1678 2492 2201 3
1679 2292 2201 3
1680 2263 2201 3
1681 2272 2201 3
1682 2263 2201 3
1683 2272 2201 3
1684 2325 2201 3
1685 2272 2201 3
1686 2344 2201 3
1687 2272 2201 3
1688 2344 2201 3
1689 2364 2201 3
1690 2453 2201 3
1691 2535 2201 3
1692 2561 2201 3
1693 2453 2201 3
1694 2474 2201 3
1695 2607 2201 3
1696 2474 2201 3
1697 2612 2201 3
1698 2761 2201 3
1699 2951 2201 3
1700 3134 2201 3
1701 2875 2201 3
1702 2996 2201 3
1703 3069 2201 3
1704 3187 2201 3
1705 3259 2201 3
1706 3315 2201 3
1707 3288 2201 3
1708 3394 2201 3
1709 3253 2201 3
1710 3033 2201 3
1711 3062 2201 3
1712 3060 2201 3
1713 3033 2201 3
1714 3139 2201 3
1715 3257 2201 3
1716 3070 2201 3
1717 3086 2201 3
1718 3092 2201 3
1719 3200 2201 3
1720 2971 2201 3
1721 2963 2201 3
1722 2872 2201 3
1723 2873 2201 3
1724 2872 2201 3
1725 2732 2201 3
1726 2679 2201 3
1727 2639 2201 3
1728 2606 2201 3
1729 2609 2201 3
1730 2606 2201 3
1731 2609 2201 3
1732 2649 2201 3
1733 2609 2201 3
1734 2662 2201 3
1735 2609 2201 3
1736 2684 2201 3
1737 2609 2201 3
1738 2731 2201 3
1739 2609 2201 3
1740 2731 2201 3
1741 2833 2201 3
1742 2849 2201 3
1743 2563 2201 3
1744 2423 2201 3
1745 2414 2201 3
1746 2422 2201 3
1747 2452 2201 3
1748 2418 2201 3
1749 2410 2201 3
1750 2418 2201 3
1751 2471 2201 3
1752 2418 2201 3
1753 2507 2201 3
1754 2403 2201 3
1755 2397 2201 3
1756 2403 2201 3
1757 2406 2201 3
1758 2459 2201 3
1759 2406 2201 3
1760 2505 2201 3
1761 2581 2201 3
1762 2634 2201 3
1763 2513 2201 3
Customer 1: 13
B1 ID: 16 D1 ID: 17
Customer 2: 14
B2 ID: 19 D2 ID: 18
-----
Route 1 Before: 50,16,31,49,24,27,22,4,13,11,9,50
Route 2 Before: 50,35,6,3,1,0,46,7,41,8,19,50
-----
---------
Route 1 After: 50,17,31,49,24,27,22,4,13,11,9,50
Route 2 After: 50,35,6,3,1,0,46,7,41,8,18,50
---------
Priority swap cost contribution: 65
1764 2578 2201 3
1765 2679 2201 3
1766 2800 2201 3
1767 2786 2201 3
1768 2887 2201 3
1770 2963 2201 3
Customer 1: 21
B1 ID: 39 D1 ID: 38
Customer 2: 16
B2 ID: 24 D2 ID: 25
-----
Route 1 Before: 50,39,17,49,24,27,4,13,11,21,31,50
Route 2 Before: 50,39,17,49,24,27,4,13,11,21,31,50
-----
---------
Route 1 After: 50,38,17,49,25,27,4,13,11,21,31,50
Route 2 After: 50,38,17,49,25,27,4,13,11,21,31,50
---------
Priority swap cost contribution: 75
1771 3038 2201 3
1772 3183 2201 3
1773 3038 2201 3
1774 3183 2201 3
1775 3204 2201 3
1776 3038 2201 3
1777 3152 2201 3
1778 3046 2201 3
1779 3215 2201 3
1780 3046 2201 3
1781 3191 2201 3
1782 3385 2201 3
1783 3323 2201 3
1784 3136 2201 3
1785 3002 2201 3
1786 2930 2201 3
1787 2929 2201 3
1788 2925 2201 3
1789 2846 2201 3
1790 2817 2201 3
1791 2825 2201 3
1792 2826 2201 3
1793 2825 2201 3
1794 2826 2201 3
1795 2840 2201 3
1796 2826 2201 3
1797 2847 2201 3
1798 2869 2201 3
1799 2945 2201 3
1800 2869 2201 3
1801 2811 2201 3
1802 2662 2201 3
1803 2472 2201 3
1805 2472 2201 3
1806 2481 2201 3
1807 2472 2201 3
1808 2481 2201 3
1809 2472 2201 3
1810 2499 2201 3
1811 2548 2201 3
1812 2452 2201 3
1813 2423 2201 3
1814 2432 2201 3
1815 2423 2201 3
1816 2432 2201 3
1817 2453 2201 3
1818 2482 2201 3
1819 2535 2201 3
1820 2482 2201 3
1821 2581 2201 3
1822 2482 2201 3
1823 2612 2201 3
1824 2461 2201 3
1825 2482 2201 3
1826 2461 2201 3
1827 2560 2201 3
1828 2656 2201 3
1829 2626 2201 3
1830 2640 2201 3
1831 2626 2201 3
1832 2748 2201 3
1833 2887 2201 3
1834 2901 2201 3
1835 2924 2201 3
1836 2924 2201 3
1838 3047 2201 3
1839 3086 2201 3
1840 3124 2201 3
Customer 1: 23
B1 ID: 46 D1 ID: 44
Customer 2: 18
B2 ID: 31 D2 ID: 30
-----
Route 1 Before: 50,6,46,3,1,0,7,41,8,18,9,50
Route 2 Before: 50,35,5,31,38,14,50
-----
---------
Route 1 After: 50,6,44,3,1,0,7,41,8,18,9,50
Route 2 After: 50,35,5,30,38,14,50
---------
Priority swap cost contribution: 56
1841 3180 2201 3
1842 2922 2201 3
1843 2866 2201 3
1844 2719 2201 3
1845 2680 2201 3
1846 2625 2201 3
1847 2680 2201 3
1848 2680 2201 3
1849 2801 2201 3
1850 2680 2201 3
1851 2856 2201 3
1852 2680 2201 3
1853 2859 2201 3
1854 2886 2201 3
1855 2859 2201 3
1856 2898 2201 3
1857 2896 2201 3
1858 2923 2201 3
1859 3110 2201 3
1860 2923 2201 3
1861 3110 2201 3
1862 3250 2201 3
1863 3246 2201 3
1864 3220 2201 3
1865 3193 2201 3
1866 3193 2201 3
1867 3193 2201 3
1868 3120 2201 3
1869 3120 2201 3
1870 3120 2201 3
1871 3123 2201 3
1872 3127 2201 3
1873 3123 2201 3
1874 3136 2201 3
1875 3097 2201 3
1876 3074 2201 3
1877 3036 2201 3
1878 3023 2201 3
1879 2986 2201 3
1880 2983 2201 3
1881 2944 2201 3
1882 2838 2201 3
1883 2824 2201 3
1884 2812 2201 3
1885 2812 2201 3
1886 2643 2201 3
1887 2643 2201 3
1888 2643 2201 3
1889 2643 2201 3
1890 2650 2201 3
1891 2639 2201 3
1892 2639 2201 3
1893 2639 2201 3
1894 2653 2201 3
1895 2639 2201 3
1896 2653 2201 3
1897 2676 2201 3
1898 2653 2201 3
1899 2682 2201 3
1900 2653 2201 3
1901 2682 2201 3
1902 2669 2201 3
1903 2682 2201 3
1904 2730 2201 3
1905 2785 2201 3
1906 2730 2201 3
1907 2785 2201 3
1908 2862 2201 3
1909 2734 2201 3
1910 2534 2201 3
1911 2481 2201 3
1912 2452 2201 3
1913 2452 2201 3
1914 2452 2201 3
1915 2453 2201 3
1916 2452 2201 3
1917 2467 2201 3
1918 2452 2201 3
1919 2467 2201 3
1920 2468 2201 3
1921 2467 2201 3
1923 2399 2201 3
1924 2277 2201 3
1925 2285 2201 3
1926 2306 2201 3
1927 2359 2201 3
1928 2306 2201 3
1929 2375 2201 3
1930 2306 2201 3
1931 2381 2201 3
1932 2352 2201 3
1933 2277 2201 3
1934 2330 2201 3
1935 2277 2201 3
1936 2348 2201 3
1937 2397 2201 3
1939 2348 2201 3
1940 2397 2201 3
1941 2383 2201 3
1942 2354 2201 3
1943 2381 2201 3
1944 2459 2201 3
1945 2413 2201 3
1946 2413 2201 3
1947 2413 2201 3
1948 2413 2201 3
1949 2427 2201 3
1950 2306 2201 3
1951 2277 2201 3
1952 2285 2201 3
1953 2306 2201 3
1954 2359 2201 3
1955 2306 2201 3
1956 2375 2201 3
1957 2348 2201 3
1958 2277 2201 3
1959 2306 2201 3
1960 2375 2201 3
1961 2424 2201 3
1962 2381 2201 3
1963 2381 2201 3
1964 2381 2201 3
1965 2381 2201 3
1966 2381 2201 3
1967 2352 2201 3
1968 2352 2201 3
1969 2352 2201 3
1970 2496 2201 3
1971 2352 2201 3
1972 2499 2201 3
1973 2485 2201 3
1974 2383 2201 3
1975 2410 2201 3
1976 2514 2201 3
1977 2528 2201 3
1978 2666 2201 3
1979 2666 2201 3
1981 2666 2201 3
1982 2856 2201 3
1983 2781 2201 3
1984 2766 2201 3
1985 2781 2201 3
1986 2766 2201 3
1987 2843 2201 3
1989 2843 2201 3
1990 2940 2201 3
1991 2941 2201 3
1992 2989 2201 3
1993 2907 2201 3
1994 3001 2201 3
1995 2907 2201 3
1996 3042 2201 3
1997 2907 2201 3
1998 3042 2201 3
1999 3016 2201 3
2000 3024 2201 3
2001 3016 2201 3
2002 3024 2201 3
2003 3049 2201 3
2004 3077 2201 3
2005 3041 2201 3
2006 3077 2201 3
2007 3209 2201 3
2008 3203 2201 3
2009 3217 2201 3
2010 3182 2201 3
2011 3217 2201 3
2012 3265 2201 3
2013 3277 2201 3
2015 3502 2201 3
2016 3277 2201 3
2017 3276 2201 3
2018 3291 2201 3
2019 3276 2201 3
2020 3291 2201 3
2021 3306 2201 3
2022 3241 2201 3
2023 3100 2201 3
2024 3085 2201 3
2025 2885 2201 3
2026 2837 2201 3
2027 2809 2201 3
2028 2786 2201 3
2029 2770 2201 3
2030 2758 2201 3
2031 2730 2201 3
2032 2730 2201 3
2033 2730 2201 3
2034 2734 2201 3
2035 2643 2201 3
2036 2643 2201 3
2037 2643 2201 3
2038 2643 2201 3
2039 2643 2201 3
2040 2643 2201 3
2041 2643 2201 3
2042 2643 2201 3
2043 2655 2201 3
2044 2669 2201 3
2045 2655 2201 3
2046 2671 2201 3
2047 2659 2201 3
2048 2672 2201 3
2049 2659 2201 3
2050 2682 2201 3
2051 2659 2201 3
2052 2692 2201 3
2053 2688 2201 3
2054 2726 2201 3
2055 2777 2201 3
2056 2818 2201 3
2057 2777 2201 3
2058 2818 2201 3
2059 2845 2201 3
2060 2900 2201 3
2061 2682 2201 3
2062 2655 2201 3
2063 2625 2201 3
2064 2606 2201 3
2065 2617 2201 3
2066 2584 2201 3
2067 2584 2201 3
2068 2584 2201 3
2069 2584 2201 3
2070 2600 2201 3
2071 2584 2201 3
2072 2603 2201 3
2073 2584 2201 3
2074 2613 2201 3
2075 2649 2201 3
2076 2622 2201 3
2077 2649 2201 3
2078 2682 2201 3
2079 2635 2201 3
2080 2665 2201 3
2081 2692 2201 3
2082 2691 2201 3
2083 2742 2201 3
2084 2803 2201 3
2085 2760 2201 3
2086 2813 2201 3
2087 2919 2201 3
2088 2650 2201 3
2089 2640 2201 3
2090 2689 2201 3
2091 2640 2201 3
2092 2689 2201 3
2093 2788 2201 3
2094 2890 2201 3
2095 3027 2201 3
2096 3017 2201 3
2097 3019 2201 3
2098 3027 2201 3
2099 3005 2201 3
2100 2906 2201 3
2101 2859 2201 3
2102 2619 2201 3
2103 2590 2201 3
2104 2591 2201 3
2105 2590 2201 3
2106 2619 2201 3
2107 2590 2201 3
2108 2619 2201 3
2109 2688 2201 3
2110 2626 2201 3
2111 2524 2201 3
2112 2471 2201 3
2113 2479 2201 3
2114 2471 2201 3
2115 2479 2201 3
2116 2471 2201 3
2117 2479 2201 3
2118 2471 2201 3
2119 2479 2201 3
2120 2581 2201 3
2121 2479 2201 3
2122 2581 2201 3
2123 2590 2201 3
2124 2584 2201 3
2125 2656 2201 3
2126 2765 2201 3
2127 2801 2201 3
2128 2850 2201 3
2129 2693 2201 3
2130 2519 2201 3
2131 2518 2201 3
2132 2445 2201 3
2133 2471 2201 3
2134 2445 2201 3
2135 2471 2201 3
2136 2573 2201 3
2137 2574 2201 3
2138 2603 2201 3
2139 2573 2201 3
2140 2471 2201 3
2141 2573 2201 3
2142 2677 2201 3
2143 2818 2201 3
2144 2948 2201 3
2145 2934 2201 3
2146 2741 2201 3
Customer 1: 16
B1 ID: 25 D1 ID: 24
Customer 2: 24
B2 ID: 48 D2 ID: 49
-----
Route 1 Before: 50,11,27,13,4,25,17,21,48,50
Route 2 Before: 50,11,27,13,4,25,17,21,48,50
-----
---------
Route 1 After: 50,11,27,13,4,24,17,21,49,50
Route 2 After: 50,11,27,13,4,24,17,21,49,50
---------
Priority swap cost contribution: -248
2147 2493 2201 3
2148 2365 2201 3
2149 2357 2201 3
2150 2357 2201 3
2151 2357 2201 3
2152 2357 2201 3
2153 2365 2201 3
2154 2386 2201 3
2155 2412 2201 3
2156 2465 2201 3
2157 2412 2201 3
2158 2514 2201 3
2159 2514 2201 3
2160 2514 2201 3
2161 2493 2201 3
2162 2514 2201 3
2163 2641 2201 3
2164 2642 2201 3
2165 2523 2201 3
2166 2645 2201 3
2167 2523 2201 3
2168 2544 2201 3
2169 2671 2201 3
2170 2781 2201 3
2171 2807 2201 3
2172 2781 2201 3
2173 2895 2201 3
2174 2895 2201 3
2175 2748 2201 3
2176 2634 2201 3
2177 2575 2201 3
2178 2548 2201 3
2179 2529 2201 3
2180 2548 2201 3
2181 2575 2201 3
2182 2575 2201 3
2183 2548 2201 3
2184 2577 2201 3
2185 2578 2201 3
2186 2548 2201 3
2187 2575 2201 3
2188 2548 2201 3
2189 2577 2201 3
2190 2606 2201 3
2191 2649 2201 3
2192 2511 2201 3
2193 2481 2201 3
2194 2484 2201 3
2195 2481 2201 3
2196 2484 2201 3
2197 2511 2201 3
2198 2612 2201 3
2199 2485 2201 3
Customer 1: 21
B1 ID: 40 D1 ID: 38
Customer 2: 20
B2 ID: 35 D2 ID: 37
-----
Route 1 Before: 50,5,2,34,40,14,50
Route 2 Before: 50,35,27,13,4,11,49,17,31,21,24,50
-----
---------
Route 1 After: 50,5,2,34,38,14,50
Route 2 After: 50,37,27,13,4,11,49,17,31,21,24,50
---------
Priority swap cost contribution: -32
2200 2453 2201 3
2201 2423 2201 3
2202 2423 2201 3
2203 2321 2201 3
2204 2329 2201 3
2205 2321 2201 3
2206 2350 2201 3
2207 2403 2201 3
2208 2350 2201 3
2209 2452 2201 3
2210 2452 2201 3
2211 2551 2201 3
2212 2652 2201 3
2213 2779 2201 3
2214 2663 2201 3
2215 2662 2201 3
2216 2619 2201 3
2217 2656 2201 3
2218 2766 2201 3
2219 2819 2201 3
2220 2934 2201 3
2221 3043 2201 3
2222 3059 2201 3
2223 3072 2201 3
2224 3077 2201 3
2225 3032 2201 3
2226 3050 2201 3
2227 2976 2201 3
2228 2848 2201 3
2229 2950 2201 3
2230 2848 2201 3
2231 2950 2201 3
2232 2848 2201 3
2233 2976 2201 3
2234 3050 2201 3
2235 3077 2201 3
2236 3192 2201 3
2237 3249 2201 3
2238 3327 2201 3
2239 3134 2201 3
2240 3074 2201 3
2241 2814 2201 3
2242 2823 2201 3
2243 2817 2201 3
2245 2730 2201 3
2246 2720 2201 3
2247 2736 2201 3
2248 2720 2201 3
2249 2736 2201 3
2250 2543 2201 3
2252 2490 2201 3
2253 2461 2201 3
2254 2453 2201 3
2255 2445 2201 3
2256 2445 2201 3
2257 2445 2201 3
2258 2461 2201 3
2259 2445 2201 3
2260 2461 2201 3
2261 2489 2201 3
2262 2489 2201 3
2263 2489 2201 3
2264 2489 2201 3
2265 2515 2201 3
2266 2490 2201 3
2267 2465 2201 3
2268 2449 2201 3
2269 2395 2201 3
2270 2398 2201 3
2271 2412 2201 3
2272 2465 2201 3
2273 2412 2201 3
2274 2514 2201 3
2275 2412 2201 3
2276 2520 2201 3
2277 2412 2201 3
2278 2514 2201 3
2279 2641 2201 3
2280 2633 2201 3
2281 2662 2201 3
2282 2776 2201 3
2283 2861 2201 3
2284 2739 2201 3
2285 2633 2201 3
2286 2629 2201 3
2287 2677 2201 3
2288 2691 2201 3
2289 2691 2201 3
2290 2725 2201 3
2291 2750 2201 3
2292 2725 2201 3
2293 2831 2201 3
2294 2839 2201 3
2295 2865 2201 3
2296 3006 2201 3
2297 2828 2201 3
2298 2997 2201 3
2299 2931 2201 3
2300 2925 2201 3
Customer 1: 16
B1 ID: 24 D1 ID: 23
Customer 2: 21
B2 ID: 40 D2 ID: 38
-----
Route 1 Before: 50,4,22,27,11,17,19,13,24,9,50
Route 2 Before: 50,2,34,30,40,14,45,50
-----
---------
Route 1 After: 50,4,22,27,11,17,19,13,23,9,50
Route 2 After: 50,2,34,30,38,14,45,50
---------
Priority swap cost contribution: -162
2301 2763 2201 3
2302 2693 2201 3
2303 2763 2201 3
2304 2772 2201 3
2305 2763 2201 3
2306 2812 2201 3
2307 2763 2201 3
2308 2867 2201 3
2309 3027 2201 3
2310 2867 2201 3
2311 3027 2201 3
2312 3139 2201 3
2313 3134 2201 3
2314 3313 2201 3
2315 3314 2201 3
2316 3356 2201 3
2317 3417 2201 3
2318 3356 2201 3
2319 3549 2201 3
2320 3564 2201 3
2321 3490 2201 3
2322 3521 2201 3
2323 3484 2201 3
2324 3476 2201 3
2325 3161 2201 3
2326 2975 2201 3
2327 2905 2201 3
Priority 1: 0.8
Priority 2: 0.92
///////////////////
Feasible
Solution Cost: 2201
--------------
Route 0:

LOCATION | CUSTOMER
0 1000
1 5
29 4
29 15
29 17
29 11
29 10
12 16
5 9
0 1000
Max capacity: 150 Load:129
--------------
--------------
Route 1:

LOCATION | CUSTOMER
0 1000
16 20
2 6
28 3
28 1
28 0
3 7
20 22
4 8
26 24
26 14
26 13
0 1000
Max capacity: 150 Load:149
--------------
--------------
Route 2:

LOCATION | CUSTOMER
0 1000
27 21
27 2
27 19
27 18
8 12
23 23
0 1000
Max capacity: 150 Load:83
--------------
Solution Cost: 2201
Priority 1: 0.8
Priority 2: 0.92
///////////////////
Restart: 4
0 3901 1.7976931348623157E+308 0
1 3660 1.7976931348623157E+308 0
2 3508 1.7976931348623157E+308 0
3 3370 1.7976931348623157E+308 0
4 3036 1.7976931348623157E+308 0
5 2920 1.7976931348623157E+308 0
6 2827 1.7976931348623157E+308 0
7 2784 1.7976931348623157E+308 0
8 2712 1.7976931348623157E+308 0
9 2672 1.7976931348623157E+308 0
10 2635 2635 3 flip
10 2635 2635 3
11 2613 2613 3 two opt
11 2613 2613 3
12 2590 2590 3 swap
12 2590 2590 3
13 2589 2589 3 flip
13 2589 2589 3
14 2590 2589 3
15 2613 2589 3
16 2635 2589 3
17 2641 2589 3
18 2664 2589 3
19 2664 2589 3
20 2634 2589 3
21 2628 2589 3
22 2606 2589 3
23 2583 2583 3 swap
23 2583 2583 3
24 2584 2583 3
25 2583 2583 3
26 2587 2583 3
27 2583 2583 3
28 2594 2583 3
29 2503 2503 3 flip
29 2503 2503 3
30 2503 2503 3
31 2503 2503 3
32 2526 2503 3
33 2503 2503 3
34 2549 2503 3
35 2503 2503 3
36 2468 2468 3 relocate
36 2468 2468 3
37 2437 2437 3 relocate
37 2437 2437 3
38 2437 2437 3
39 2437 2437 3
40 2456 2437 3
41 2502 2437 3
42 2456 2437 3
43 2502 2437 3
44 2502 2437 3
45 2502 2437 3
46 2502 2437 3
47 2544 2437 3
48 2517 2437 3
49 2530 2437 3
50 2537 2437 3
51 2560 2437 3
52 2537 2437 3
53 2560 2437 3
54 2540 2437 3
55 2517 2437 3
56 2530 2437 3
57 2553 2437 3
58 2583 2437 3
59 2582 2437 3
60 2666 2437 3
61 2763 2437 3
62 2804 2437 3
63 2611 2437 3
64 2493 2437 3
65 2303 2303 3 two opt
65 2303 2303 3
66 2302 2302 3 swap
66 2302 2302 3
67 2303 2302 3
68 2332 2302 3
69 2303 2302 3
70 2356 2302 3
71 2303 2302 3
72 2392 2302 3
73 2497 2302 3
74 2392 2302 3
75 2391 2302 3
76 2392 2302 3
77 2421 2302 3
78 2392 2302 3
79 2445 2302 3
80 2392 2302 3
81 2497 2302 3
82 2392 2302 3
83 2497 2302 3
84 2401 2302 3
85 2345 2302 3
86 2344 2302 3
87 2345 2302 3
88 2401 2302 3
89 2401 2302 3
90 2466 2302 3
91 2614 2302 3
92 2627 2302 3
93 2537 2302 3
94 2507 2302 3
95 2502 2302 3
96 2502 2302 3
97 2427 2302 3
98 2439 2302 3
99 2427 2302 3
100 2439 2302 3
101 2432 2302 3
102 2439 2302 3
103 2468 2302 3
104 2543 2302 3
105 2468 2302 3
106 2565 2302 3
107 2561 2302 3
108 2553 2302 3
109 2561 2302 3
110 2565 2302 3
111 2734 2302 3
112 2565 2302 3
113 2739 2302 3
114 2718 2302 3
115 2731 2302 3
116 2718 2302 3
117 2780 2302 3
118 2814 2302 3
119 2718 2302 3
120 2784 2302 3
121 2944 2302 3
122 2925 2302 3
123 2718 2302 3
124 2925 2302 3
125 2718 2302 3
126 2938 2302 3
127 2998 2302 3
128 3139 2302 3
129 3196 2302 3
130 3134 2302 3
131 3180 2302 3
132 3134 2302 3
133 3145 2302 3
134 3234 2302 3
135 3232 2302 3
136 3234 2302 3
137 3240 2302 3
138 3126 2302 3
139 3099 2302 3
140 3072 2302 3
141 3096 2302 3
142 2901 2302 3
143 2984 2302 3
144 3086 2302 3
145 2984 2302 3
146 3096 2302 3
147 3088 2302 3
148 2958 2302 3
149 2735 2302 3
150 2689 2302 3
151 2659 2302 3
152 2653 2302 3
153 2655 2302 3
154 2665 2302 3
155 2652 2302 3
156 2652 2302 3
157 2672 2302 3
158 2683 2302 3
159 2663 2302 3
160 2652 2302 3
161 2652 2302 3
162 2678 2302 3
163 2642 2302 3
164 2618 2302 3
165 2619 2302 3
166 2609 2302 3
167 2610 2302 3
168 2577 2302 3
169 2587 2302 3
170 2577 2302 3
171 2587 2302 3
172 2577 2302 3
173 2589 2302 3
174 2516 2302 3
175 2526 2302 3
176 2516 2302 3
177 2526 2302 3
178 2516 2302 3
179 2569 2302 3
180 2516 2302 3
181 2569 2302 3
182 2516 2302 3
183 2569 2302 3
184 2516 2302 3
185 2571 2302 3
186 2516 2302 3
187 2571 2302 3
188 2516 2302 3
189 2589 2302 3
190 2577 2302 3
191 2606 2302 3
192 2636 2302 3
193 2681 2302 3
194 2687 2302 3
195 2681 2302 3
196 2687 2302 3
197 2738 2302 3
198 2770 2302 3
199 2747 2302 3
200 2770 2302 3
201 2738 2302 3
202 2832 2302 3
203 2931 2302 3
204 2885 2302 3
205 2931 2302 3
206 2865 2302 3
207 2979 2302 3
208 3076 2302 3
209 2837 2302 3
210 2826 2302 3
211 2930 2302 3
212 2826 2302 3
213 2930 2302 3
214 2826 2302 3
215 2931 2302 3
216 2936 2302 3
217 2992 2302 3
218 3063 2302 3
219 2992 2302 3
220 3096 2302 3
221 3088 2302 3
222 3081 2302 3
223 3017 2302 3
224 2872 2302 3
225 2678 2302 3
226 2573 2302 3
227 2574 2302 3
228 2566 2302 3
229 2302 2302 3
230 2303 2302 3
231 2332 2302 3
232 2303 2302 3
233 2356 2302 3
234 2303 2302 3
235 2392 2302 3
236 2497 2302 3
237 2392 2302 3
238 2497 2302 3
239 2470 2302 3
240 2490 2302 3
241 2369 2302 3
242 2385 2302 3
243 2369 2302 3
244 2425 2302 3
245 2421 2302 3
246 2400 2302 3
247 2344 2302 3
248 2381 2302 3
249 2503 2302 3
250 2651 2302 3
251 2503 2302 3
252 2651 2302 3
253 2645 2302 3
254 2715 2302 3
255 2566 2302 3
256 2554 2302 3
257 2554 2302 3
258 2554 2302 3
259 2554 2302 3
260 2566 2302 3
261 2619 2302 3
262 2681 2302 3
263 2628 2302 3
264 2698 2302 3
265 2628 2302 3
266 2698 2302 3
267 2699 2302 3
268 2699 2302 3
269 2782 2302 3
270 2699 2302 3
271 2782 2302 3
272 2803 2302 3
273 2890 2302 3
274 2919 2302 3
275 2859 2302 3
276 2906 2302 3
277 2859 2302 3
278 2906 2302 3
279 2890 2302 3
280 3037 2302 3
281 2890 2302 3
282 2878 2302 3
283 2890 2302 3
284 2906 2302 3
285 2890 2302 3
286 2906 2302 3
287 2919 2302 3
288 3031 2302 3
289 3063 2302 3
290 3043 2302 3
291 2939 2302 3
292 2939 2302 3
293 2945 2302 3
294 2939 2302 3
295 3041 2302 3
296 2939 2302 3
297 2965 2302 3
298 2964 2302 3
299 2985 2302 3
300 2920 2302 3
301 2781 2302 3
302 2734 2302 3
303 2601 2302 3
304 2525 2302 3
305 2525 2302 3
306 2525 2302 3
307 2529 2302 3
308 2480 2302 3
309 2487 2302 3
310 2480 2302 3
311 2487 2302 3
312 2480 2302 3
313 2529 2302 3
314 2519 2302 3
315 2470 2302 3
316 2477 2302 3
317 2470 2302 3
318 2477 2302 3
319 2470 2302 3
320 2519 2302 3
321 2521 2302 3
322 2528 2302 3
323 2521 2302 3
324 2505 2302 3
325 2477 2302 3
326 2454 2302 3
327 2477 2302 3
328 2500 2302 3
329 2524 2302 3
330 2528 2302 3
331 2551 2302 3
332 2596 2302 3
333 2528 2302 3
334 2583 2302 3
335 2551 2302 3
336 2505 2302 3
337 2521 2302 3
338 2574 2302 3
339 2668 2302 3
340 2598 2302 3
341 2642 2302 3
342 2506 2302 3
343 2483 2302 3
344 2479 2302 3
345 2492 2302 3
346 2344 2302 3
347 2345 2302 3
348 2398 2302 3
349 2345 2302 3
350 2401 2302 3
351 2345 2302 3
352 2401 2302 3
353 2345 2302 3
354 2470 2302 3
355 2470 2302 3
356 2398 2302 3
357 2335 2302 3
358 2343 2302 3
359 2335 2302 3
360 2388 2302 3
361 2335 2302 3
362 2398 2302 3
363 2397 2302 3
364 2397 2302 3
365 2403 2302 3
366 2502 2302 3
367 2580 2302 3
368 2680 2302 3
369 2536 2302 3
370 2458 2302 3
371 2514 2302 3
372 2622 2302 3
373 2614 2302 3
374 2622 2302 3
375 2471 2302 3
376 2463 2302 3
377 2463 2302 3
378 2188 2188 3 relocate
378 2188 2188 3
379 2196 2188 3
380 2217 2188 3
381 2270 2188 3
382 2217 2188 3
383 2286 2188 3
384 2217 2188 3
385 2286 2188 3
386 2259 2188 3
387 2188 2188 3
388 2217 2188 3
389 2292 2188 3
390 2217 2188 3
391 2292 2188 3
392 2263 2188 3
393 2263 2188 3
394 2271 2188 3
395 2360 2188 3
396 2415 2188 3
397 2507 2188 3
398 2663 2188 3
399 2514 2188 3
400 2363 2188 3
401 2514 2188 3
402 2496 2188 3
403 2422 2188 3
404 2496 2188 3
405 2622 2188 3
406 2783 2188 3
407 2666 2188 3
408 2654 2188 3
409 2557 2188 3
410 2556 2188 3
411 2543 2188 3
412 2477 2188 3
413 2469 2188 3
414 2469 2188 3
415 2477 2188 3
416 2505 2188 3
417 2469 2188 3
418 2477 2188 3
419 2505 2188 3
420 2578 2188 3
421 2505 2188 3
422 2611 2188 3
423 2583 2188 3
424 2583 2188 3
425 2583 2188 3
426 2583 2188 3
427 2588 2188 3
428 2607 2188 3
429 2701 2188 3
430 2782 2188 3
431 2759 2188 3
432 2678 2188 3
433 2548 2188 3
434 2543 2188 3
435 2548 2188 3
436 2584 2188 3
437 2705 2188 3
438 2584 2188 3
439 2717 2188 3
440 2584 2188 3
441 2721 2188 3
442 2659 2188 3
443 2579 2188 3
444 2543 2188 3
445 2573 2188 3
446 2654 2188 3
447 2756 2188 3
448 2814 2188 3
449 2756 2188 3
450 2654 2188 3
451 2573 2188 3
452 2543 2188 3
453 2548 2188 3
454 2584 2188 3
455 2548 2188 3
456 2588 2188 3
457 2641 2188 3
458 2588 2188 3
459 2661 2188 3
460 2588 2188 3
461 2669 2188 3
462 2641 2188 3
463 2560 2188 3
464 2537 2188 3
465 2532 2188 3
466 2532 2188 3
467 2551 2188 3
468 2532 2188 3
469 2532 2188 3
470 2532 2188 3
471 2555 2188 3
472 2532 2188 3
473 2605 2188 3
474 2532 2188 3
475 2612 2188 3
476 2610 2188 3
477 2668 2188 3
478 2610 2188 3
479 2697 2188 3
480 2599 2188 3
481 2584 2188 3
482 2497 2188 3
483 2497 2188 3
484 2497 2188 3
485 2497 2188 3
486 2497 2188 3
487 2497 2188 3
488 2497 2188 3
489 2516 2188 3
490 2497 2188 3
491 2570 2188 3
492 2497 2188 3
493 2584 2188 3
494 2497 2188 3
495 2584 2188 3
496 2565 2188 3
497 2547 2188 3
498 2565 2188 3
499 2589 2188 3
500 2557 2188 3
501 2583 2188 3
502 2682 2188 3
503 2696 2188 3
504 2712 2188 3
505 2781 2188 3
506 2696 2188 3
507 2747 2188 3
508 2618 2188 3
509 2596 2188 3
510 2454 2188 3
511 2412 2188 3
512 2359 2188 3
513 2359 2188 3
514 2360 2188 3
515 2364 2188 3
516 2379 2188 3
517 2364 2188 3
518 2379 2188 3
519 2375 2188 3
520 2360 2188 3
521 2364 2188 3
522 2389 2188 3
523 2359 2188 3
524 2360 2188 3
525 2359 2188 3
526 2360 2188 3
527 2364 2188 3
528 2379 2188 3
529 2364 2188 3
530 2379 2188 3
531 2375 2188 3
532 2360 2188 3
533 2364 2188 3
534 2389 2188 3
535 2360 2188 3
536 2375 2188 3
537 2374 2188 3
538 2359 2188 3
539 2363 2188 3
540 2378 2188 3
541 2374 2188 3
542 2359 2188 3
543 2360 2188 3
544 2359 2188 3
545 2363 2188 3
546 2388 2188 3
547 2363 2188 3
548 2416 2188 3
549 2363 2188 3
550 2465 2188 3
551 2537 2188 3
552 2465 2188 3
553 2550 2188 3
554 2406 2188 3
555 2361 2188 3
556 2332 2188 3
557 2332 2188 3
558 2230 2188 3
559 2238 2188 3
560 2230 2188 3
561 2259 2188 3
562 2312 2188 3
563 2259 2188 3
564 2323 2188 3
565 2259 2188 3
566 2323 2188 3
567 2304 2188 3
568 2310 2188 3
569 2302 2188 3
570 2238 2188 3
571 2259 2188 3
572 2238 2188 3
573 2291 2188 3
574 2238 2188 3
575 2302 2188 3
576 2310 2188 3
577 2412 2188 3
578 2504 2188 3
579 2431 2188 3
580 2310 2188 3
581 2431 2188 3
582 2557 2188 3
583 2500 2188 3
584 2504 2188 3
585 2500 2188 3
586 2529 2188 3
587 2579 2188 3
588 2534 2188 3
589 2543 2188 3
590 2534 2188 3
591 2610 2188 3
592 2534 2188 3
593 2610 2188 3
594 2699 2188 3
595 2413 2188 3
596 2411 2188 3
597 2299 2188 3
598 2374 2188 3
599 2299 2188 3
600 2352 2188 3
601 2299 2188 3
602 2374 2188 3
603 2299 2188 3
604 2388 2188 3
605 2417 2188 3
606 2374 2188 3
607 2375 2188 3
608 2420 2188 3
609 2522 2188 3
610 2551 2188 3
611 2521 2188 3
612 2417 2188 3
613 2368 2188 3
614 2299 2188 3
615 2368 2188 3
616 2299 2188 3
617 2374 2188 3
618 2543 2188 3
619 2374 2188 3
620 2564 2188 3
621 2563 2188 3
622 2763 2188 3
623 2974 2188 3
624 2983 2188 3
625 2974 2188 3
626 2997 2188 3
627 3119 2188 3
628 3004 2188 3
629 3155 2188 3
630 3182 2188 3
631 3155 2188 3
632 3182 2188 3
633 3186 2188 3
634 3159 2188 3
635 3186 2188 3
636 3241 2188 3
637 3035 2188 3
638 3147 2188 3
639 3096 2188 3
640 3159 2188 3
641 3045 2188 3
642 2880 2188 3
643 2907 2188 3
644 2801 2188 3
645 2712 2188 3
646 2712 2188 3
647 2713 2188 3
648 2742 2188 3
649 2802 2188 3
650 2742 2188 3
651 2848 2188 3
652 2891 2188 3
653 2776 2188 3
654 2712 2188 3
655 2741 2188 3
656 2712 2188 3
657 2750 2188 3
658 2712 2188 3
659 2750 2188 3
660 2814 2188 3
661 2843 2188 3
662 2930 2188 3
663 2934 2188 3
664 2936 2188 3
665 2918 2188 3
666 3024 2188 3
667 3007 2188 3
668 2975 2188 3
669 2841 2188 3
670 2726 2188 3
671 2734 2188 3
672 2540 2188 3
673 2550 2188 3
674 2505 2188 3
675 2361 2188 3
676 2259 2188 3
677 2230 2188 3
678 2238 2188 3
679 2259 2188 3
680 2304 2188 3
681 2259 2188 3
682 2304 2188 3
683 2310 2188 3
684 2302 2188 3
685 2238 2188 3
686 2291 2188 3
687 2238 2188 3
688 2302 2188 3
689 2238 2188 3
690 2327 2188 3
691 2347 2188 3
692 2387 2188 3
693 2391 2188 3
694 2461 2188 3
695 2563 2188 3
696 2563 2188 3
697 2690 2188 3
698 2563 2188 3
699 2690 2188 3
700 2682 2188 3
701 2797 2188 3
702 2919 2188 3
703 2788 2188 3
704 2610 2188 3
705 2536 2188 3
706 2347 2188 3
707 2406 2188 3
708 2343 2188 3
709 2418 2188 3
710 2343 2188 3
711 2418 2188 3
712 2418 2188 3
713 2410 2188 3
714 2444 2188 3
715 2467 2188 3
716 2569 2188 3
717 2438 2188 3
718 2365 2188 3
719 2302 2188 3
720 2321 2188 3
721 2302 2188 3
722 2404 2188 3
723 2438 2188 3
724 2434 2188 3
725 2482 2188 3
726 2445 2188 3
727 2553 2188 3
728 2445 2188 3
729 2605 2188 3
730 2532 2188 3
731 2534 2188 3
732 2478 2188 3
733 2551 2188 3
734 2478 2188 3
735 2587 2188 3
736 2515 2188 3
737 2617 2188 3
738 2515 2188 3
739 2662 2188 3
740 2692 2188 3
741 2662 2188 3
742 2692 2188 3
743 2824 2188 3
744 2823 2188 3
745 2812 2188 3
746 2719 2188 3
747 2796 2188 3
748 2719 2188 3
749 2812 2188 3
750 2672 2188 3
751 2572 2188 3
752 2575 2188 3
753 2579 2188 3
754 2602 2188 3
755 2600 2188 3
756 2629 2188 3
757 2659 2188 3
758 2629 2188 3
759 2659 2188 3
760 2712 2188 3
761 2659 2188 3
762 2746 2188 3
763 2746 2188 3
764 2739 2188 3
765 2717 2188 3
766 2711 2188 3
767 2622 2188 3
768 2614 2188 3
769 2614 2188 3
770 2614 2188 3
771 2625 2188 3
772 2622 2188 3
773 2628 2188 3
774 2628 2188 3
775 2552 2188 3
776 2365 2188 3
777 2387 2188 3
778 2365 2188 3
779 2387 2188 3
780 2365 2188 3
781 2414 2188 3
782 2365 2188 3
783 2414 2188 3
784 2414 2188 3
785 2436 2188 3
786 2414 2188 3
787 2436 2188 3
788 2436 2188 3
789 2449 2188 3
790 2422 2188 3
791 2314 2188 3
792 2285 2188 3
793 2279 2188 3
794 2285 2188 3
795 2314 2188 3
796 2285 2188 3
797 2338 2188 3
798 2285 2188 3
799 2363 2188 3
800 2363 2188 3
801 2452 2188 3
802 2418 2188 3
803 2517 2188 3
804 2418 2188 3
805 2590 2188 3
806 2613 2188 3
807 2707 2188 3
808 2576 2188 3
809 2404 2188 3
810 2302 2188 3
811 2321 2188 3
812 2302 2188 3
813 2404 2188 3
814 2517 2188 3
815 2597 2188 3
816 2590 2188 3
817 2404 2188 3
818 2576 2188 3
819 2684 2188 3
820 2878 2188 3
821 2874 2188 3
822 3056 2188 3
823 3007 2188 3
824 2925 2188 3
825 2576 2188 3
826 2404 2188 3
827 2302 2188 3
828 2321 2188 3
829 2302 2188 3
830 2355 2188 3
831 2302 2188 3
832 2365 2188 3
833 2391 2188 3
834 2365 2188 3
835 2438 2188 3
836 2502 2188 3
837 2576 2188 3
838 2612 2188 3
839 2720 2188 3
840 2833 2188 3
841 3005 2188 3
842 2735 2188 3
843 2706 2188 3
844 2735 2188 3
845 2735 2188 3
846 2624 2188 3
847 2723 2188 3
848 2855 2188 3
849 2723 2188 3
850 2897 2188 3
851 2661 2188 3
852 2802 2188 3
853 2661 2188 3
854 2802 2188 3
855 2661 2188 3
856 2806 2188 3
857 2813 2188 3
858 2661 2188 3
859 2806 2188 3
860 2661 2188 3
861 2824 2188 3
862 2866 2188 3
863 2811 2188 3
864 2817 2188 3
865 2669 2188 3
866 2614 2188 3
867 2613 2188 3
868 2668 2188 3
869 2499 2188 3
870 2500 2188 3
871 2499 2188 3
872 2620 2188 3
873 2641 2188 3
874 2635 2188 3
875 2630 2188 3
876 2635 2188 3
877 2641 2188 3
878 2520 2188 3
879 2653 2188 3
880 2520 2188 3
881 2653 2188 3
882 2520 2188 3
883 2658 2188 3
884 2520 2188 3
885 2621 2188 3
886 2520 2188 3
887 2730 2188 3
888 2606 2188 3
889 2601 2188 3
890 2601 2188 3
891 2601 2188 3
892 2613 2188 3
893 2703 2188 3
894 2813 2188 3
895 2555 2188 3
896 2703 2188 3
897 2555 2188 3
898 2703 2188 3
899 2841 2188 3
900 2555 2188 3
901 2597 2188 3
902 2485 2188 3
903 2472 2188 3
904 2492 2188 3
905 2472 2188 3
906 2499 2188 3
907 2472 2188 3
908 2499 2188 3
909 2503 2188 3
910 2552 2188 3
911 2400 2188 3
912 2344 2188 3
913 2345 2188 3
914 2344 2188 3
915 2397 2188 3
916 2344 2188 3
917 2400 2188 3
918 2344 2188 3
919 2469 2188 3
920 2420 2188 3
921 2411 2188 3
922 2420 2188 3
923 2549 2188 3
924 2623 2188 3
925 2641 2188 3
926 2718 2188 3
927 2692 2188 3
928 2643 2188 3
930 2601 2188 3
931 2480 2188 3
932 2489 2188 3
933 2480 2188 3
934 2502 2188 3
935 2480 2188 3
936 2502 2188 3
937 2480 2188 3
938 2509 2188 3
939 2480 2188 3
940 2568 2188 3
941 2495 2188 3
942 2499 2188 3
943 2513 2188 3
944 2499 2188 3
945 2513 2188 3
946 2544 2188 3
947 2540 2188 3
948 2516 2188 3
949 2480 2188 3
950 2478 2188 3
951 2460 2188 3
952 2478 2188 3
953 2480 2188 3
954 2504 2188 3
955 2480 2188 3
957 2590 2188 3
959 2742 2188 3
960 2738 2188 3
961 2737 2188 3
962 2700 2188 3
963 2757 2188 3
964 2700 2188 3
965 2758 2188 3
966 2755 2188 3
967 2764 2188 3
968 2724 2188 3
969 2335 2188 3
970 2364 2188 3
971 2335 2188 3
972 2364 2188 3
973 2395 2188 3
974 2320 2188 3
975 2328 2188 3
976 2320 2188 3
977 2329 2188 3
978 2382 2188 3
979 2457 2188 3
980 2382 2188 3
981 2471 2188 3
982 2579 2188 3
983 2471 2188 3
984 2585 2188 3
985 2471 2188 3
986 2546 2188 3
987 2506 2188 3
988 2477 2188 3
989 2506 2188 3
990 2562 2188 3
991 2388 2188 3
992 2417 2188 3
993 2388 2188 3
995 2388 2188 3
996 2417 2188 3
997 2456 2188 3
998 2381 2188 3
999 2495 2188 3
1000 2381 2188 3
1001 2495 2188 3
1002 2381 2188 3
1003 2495 2188 3
Customer 1: 16
B1 ID: 25 D1 ID: 24
Customer 2: 15
B2 ID: 21 D2 ID: 22
-----
Route 1 Before: 50,5,25,17,19,21,27,11,4,48,9,50
Route 2 Before: 50,5,25,17,19,21,27,11,4,48,9,50
-----
---------
Route 1 After: 50,5,24,17,19,22,27,11,4,48,9,50
Route 2 After: 50,5,24,17,19,22,27,11,4,48,9,50
---------
Priority swap cost contribution: -113
1004 2382 2188 3
1005 2503 2188 3
1006 2382 2188 3
1007 2503 2188 3
1008 2504 2188 3
1009 2508 2188 3
1010 2468 2188 3
1011 2347 2188 3
1012 2241 2188 3
1013 2188 2188 3
1014 2196 2188 3
1015 2188 2188 3
1016 2217 2188 3
1017 2270 2188 3
1018 2339 2188 3
1019 2270 2188 3
1020 2345 2188 3
1021 2316 2188 3
1022 2241 2188 3
1023 2316 2188 3
1024 2316 2188 3
1025 2324 2188 3
1026 2367 2188 3
1027 2370 2188 3
1028 2459 2188 3
1029 2558 2188 3
1030 2659 2188 3
1031 2786 2188 3
1032 2877 2188 3
1033 2697 2188 3
1034 2818 2188 3
1035 2951 2188 3
1036 2973 2188 3
1037 2951 2188 3
1038 2973 2188 3
1040 3237 2188 3
1041 3173 2188 3
1042 3146 2188 3
1043 3148 2188 3
1044 3140 2188 3
1045 3148 2188 3
1046 3146 2188 3
1047 3153 2188 3
1048 3121 2188 3
1049 3048 2188 3
1050 2874 2188 3
1051 2723 2188 3
1052 2576 2188 3
1053 2519 2188 3
1054 2489 2188 3
1055 2490 2188 3
1056 2474 2188 3
1057 2501 2188 3
1058 2474 2188 3
1059 2501 2188 3
1060 2474 2188 3
1061 2503 2188 3
1062 2519 2188 3
1063 2562 2188 3
1064 2519 2188 3
1065 2562 2188 3
1066 2535 2188 3
1067 2490 2188 3
1068 2489 2188 3
1069 2532 2188 3
1070 2489 2188 3
1071 2532 2188 3
1072 2536 2188 3
1073 2532 2188 3
1074 2489 2188 3
1075 2562 2188 3
1076 2489 2188 3
1077 2562 2188 3
1078 2666 2188 3
1079 2340 2188 3
1080 2340 2188 3
1081 2265 2188 3
1082 2257 2188 3
1083 2265 2188 3
1084 2286 2188 3
1085 2339 2188 3
1086 2286 2188 3
1087 2350 2188 3
1088 2286 2188 3
1089 2355 2188 3
1090 2286 2188 3
1091 2361 2188 3
1092 2288 2188 3
1093 2259 2188 3
1094 2230 2188 3
1095 2238 2188 3
1096 2230 2188 3
1097 2259 2188 3
1098 2288 2188 3
1099 2292 2188 3
1100 2292 2188 3
1101 2364 2188 3
1102 2384 2188 3
1103 2517 2188 3
1104 2647 2188 3
1105 2791 2188 3
1106 2947 2188 3
1107 2798 2188 3
1108 2780 2188 3
1109 2706 2188 3
1110 2598 2188 3
1111 2706 2188 3
1112 2780 2188 3
1113 2906 2188 3
1114 2925 2188 3
1115 2972 2188 3
1116 3061 2188 3
1117 2791 2188 3
1118 2960 2188 3
1119 2791 2188 3
1120 2818 2188 3
1121 2861 2188 3
1122 2860 2188 3
1123 3051 2188 3
1124 3073 2188 3
1125 2642 2188 3
1126 2488 2188 3
1127 2452 2188 3
1128 2360 2188 3
1129 2360 2188 3
1130 2285 2188 3
1131 2277 2188 3
1132 2285 2188 3
1133 2306 2188 3
1134 2359 2188 3
1136 2359 2188 3
1137 2306 2188 3
1138 2375 2188 3
1139 2390 2188 3
1140 2439 2188 3
1141 2390 2188 3
1142 2531 2188 3
1143 2700 2188 3
1144 2679 2188 3
1145 2530 2188 3
1146 2530 2188 3
1147 2538 2188 3
1149 2542 2188 3
1150 2683 2188 3
1151 2861 2188 3
1152 2840 2188 3
1153 2840 2188 3
1154 2569 2188 3
1155 2516 2188 3
1156 2347 2188 3
1157 2387 2188 3
1158 2347 2188 3
1159 2387 2188 3
1160 2461 2188 3
1161 2563 2188 3
1162 2461 2188 3
1163 2629 2188 3
1164 2621 2188 3
1165 2557 2188 3
1166 2327 2188 3
1167 2385 2188 3
1168 2449 2188 3
1169 2385 2188 3
1170 2487 2188 3
1171 2385 2188 3
1172 2526 2188 3
1173 2385 2188 3
1174 2526 2188 3
1175 2648 2188 3
1176 2842 2188 3
1177 2841 2188 3
1178 2862 2188 3
1179 2570 2188 3
1180 2571 2188 3
1181 2570 2188 3
1182 2652 2188 3
1183 2854 2188 3
1184 2781 2188 3
1185 2781 2188 3
1186 2733 2188 3
1187 2660 2188 3
1188 2622 2188 3
1189 2637 2188 3
1190 2660 2188 3
1191 2637 2188 3
1192 2677 2188 3
1193 2743 2188 3
1194 2677 2188 3
1195 2743 2188 3
1196 2857 2188 3
1197 2728 2188 3
1198 2662 2188 3
1199 2677 2188 3
1200 2624 2188 3
1201 2584 2188 3
1202 2555 2188 3
1203 2540 2188 3
1204 2506 2188 3
1205 2448 2188 3
1206 2449 2188 3
1207 2448 2188 3
1208 2452 2188 3
1209 2467 2188 3
1210 2452 2188 3
1211 2467 2188 3
1212 2463 2188 3
1213 2448 2188 3
1214 2452 2188 3
1215 2475 2188 3
1216 2453 2188 3
1217 2478 2188 3
1218 2449 2188 3
1219 2448 2188 3
1220 2463 2188 3
1221 2448 2188 3
1222 2463 2188 3
1223 2464 2188 3
1224 2492 2188 3
1225 2492 2188 3
1226 2518 2188 3
1227 2522 2188 3
1228 2538 2188 3
1229 2591 2188 3
1230 2538 2188 3
1231 2609 2188 3
1232 2606 2188 3
1233 2375 2188 3
1234 2306 2188 3
1235 2277 2188 3
1236 2285 2188 3
1237 2306 2188 3
1238 2359 2188 3
1239 2306 2188 3
1240 2375 2188 3
1241 2390 2188 3
1242 2439 2188 3
1243 2390 2188 3
1244 2439 2188 3
1245 2509 2188 3
1246 2439 2188 3
1247 2538 2188 3
1248 2676 2188 3
1249 2817 2188 3
1250 2986 2188 3
1251 2931 2188 3
1252 3154 2188 3
1253 3283 2188 3
1254 2992 2188 3
1255 3173 2188 3
1256 3200 2188 3
1257 3349 2188 3
1258 3200 2188 3
1259 3349 2188 3
1260 3420 2188 3
1261 3412 2188 3
1262 3420 2188 3
1264 3941 2188 3
1265 3815 2188 3
1266 3695 2188 3
1267 3687 2188 3
1268 3581 2188 3
1269 3576 2188 3
1270 3487 2188 3
1271 3407 2188 3
1272 3335 2188 3
1273 3269 2188 3
1274 3247 2188 3
1275 3053 2188 3
1277 2809 2188 3
1278 2782 2188 3
1279 2759 2188 3
1280 2770 2188 3
1281 2763 2188 3
1282 2713 2188 3
1283 2713 2188 3
1284 2713 2188 3
1285 2713 2188 3
1286 2713 2188 3
1287 2726 2188 3
1288 2733 2188 3
1289 2688 2188 3
1290 2681 2188 3
1291 2684 2188 3
1292 2671 2188 3
1293 2668 2188 3
1294 2671 2188 3
1295 2668 2188 3
1296 2675 2188 3
1297 2698 2188 3
1298 2675 2188 3
1299 2728 2188 3
1300 2675 2188 3
1301 2768 2188 3
1302 2501 2188 3
1303 2254 2188 3
1304 2201 2188 3
1305 2254 2188 3
1306 2343 2188 3
1308 2471 2188 3
1309 2401 2188 3
1310 2471 2188 3
1311 2573 2188 3
1312 2471 2188 3
1313 2573 2188 3
1314 2672 2188 3
1315 2573 2188 3
1316 2471 2188 3
1317 2594 2188 3
1318 2471 2188 3
1319 2611 2188 3
1320 2753 2188 3
1321 2713 2188 3
1322 2746 2188 3
1323 2836 2188 3
1324 2746 2188 3
1325 2840 2188 3
1327 2762 2188 3
1328 2746 2188 3
1329 2577 2188 3
1330 2581 2188 3
1331 2577 2188 3
1332 2655 2188 3
1333 2577 2188 3
1334 2655 2188 3
1335 2609 2188 3
1336 2721 2188 3
1337 2706 2188 3
1338 2721 2188 3
1339 2706 2188 3
1340 2751 2188 3
1341 2682 2188 3
1342 2660 2188 3
1343 2681 2188 3
1344 2660 2188 3
1345 2688 2188 3
1346 2622 2188 3
1347 2622 2188 3
1348 2645 2188 3
1349 2622 2188 3
1350 2501 2188 3
1351 2448 2188 3
1352 2449 2188 3
1353 2448 2188 3
1354 2452 2188 3
1355 2467 2188 3
1356 2452 2188 3
1357 2467 2188 3
1358 2463 2188 3
1359 2448 2188 3
1360 2452 2188 3
1361 2477 2188 3
1362 2448 2188 3
1363 2449 2188 3
1364 2464 2188 3
1365 2449 2188 3
1366 2464 2188 3
1367 2492 2188 3
1368 2491 2188 3
1369 2488 2188 3
1370 2492 2188 3
1371 2508 2188 3
1372 2277 2188 3
1373 2285 2188 3
1374 2277 2188 3
1375 2330 2188 3
1376 2277 2188 3
1377 2348 2188 3
1378 2277 2188 3
1379 2352 2188 3
1380 2352 2188 3
1381 2381 2188 3
1382 2381 2188 3
1383 2306 2188 3
1384 2375 2188 3
1385 2483 2188 3
1386 2483 2188 3
1387 2483 2188 3
1388 2503 2188 3
1389 2477 2188 3
1390 2612 2188 3
1391 2477 2188 3
1392 2612 2188 3
1393 2706 2188 3
1394 2784 2188 3
1395 2526 2188 3
1396 2664 2188 3
1397 2709 2188 3
1398 2526 2188 3
1399 2665 2188 3
1400 2771 2188 3
1401 2915 2188 3
1402 2923 2188 3
1403 2915 2188 3
1404 2924 2188 3
1405 2810 2188 3
1406 2924 2188 3
1407 2915 2188 3
1408 3069 2188 3
1409 2915 2188 3
1410 3069 2188 3
1411 3039 2188 3
1412 3083 2188 3
1413 3098 2188 3
1414 2931 2188 3
1415 2971 2188 3
1416 3015 2188 3
1417 3150 2188 3
1419 3211 2188 3
1420 3178 2188 3
1421 3212 2188 3
1422 2960 2188 3
1423 2959 2188 3
1424 2892 2188 3
1425 2656 2188 3
1426 2650 2188 3
1427 2661 2188 3
1428 2492 2188 3
1429 2498 2188 3
1430 2492 2188 3
1431 2519 2188 3
1432 2548 2188 3
1433 2404 2188 3
1434 2355 2188 3
1435 2286 2188 3
1436 2257 2188 3
1437 2265 2188 3
1438 2286 2188 3
1439 2339 2188 3
1440 2286 2188 3
1441 2350 2188 3
1442 2286 2188 3
1443 2355 2188 3
1444 2404 2188 3
1445 2361 2188 3
1446 2286 2188 3
1447 2361 2188 3
1448 2288 2188 3
1449 2259 2188 3
1450 2230 2188 3
1451 2238 2188 3
1452 2230 2188 3
1453 2259 2188 3
1454 2288 2188 3
1455 2292 2188 3
1456 2292 2188 3
1457 2381 2188 3
1458 2480 2188 3
1459 2581 2188 3
1460 2666 2188 3
1461 2774 2188 3
1462 2774 2188 3
1463 2964 2188 3
1464 3146 2188 3
1465 3097 2188 3
1466 3071 2188 3
1467 3156 2188 3
1468 3066 2188 3
1469 3058 2188 3
1470 2952 2188 3
1471 2928 2188 3
1472 2952 2188 3
1473 3021 2188 3
1474 2946 2188 3
1475 2893 2188 3
1476 2857 2188 3
1477 2750 2188 3
1478 2753 2188 3
1479 2750 2188 3
1480 2753 2188 3
1481 2847 2188 3
1482 2958 2188 3
1483 2792 2188 3
1484 2782 2188 3
1485 2700 2188 3
1486 2728 2188 3
1487 2728 2188 3
1488 2764 2188 3
1489 2728 2188 3
1490 2809 2188 3
1491 2728 2188 3
1492 2836 2188 3
1493 2832 2188 3
1494 2921 2188 3
1495 2784 2188 3
1496 2727 2188 3
1497 2755 2188 3
1498 2727 2188 3
1499 2763 2188 3
1500 2673 2188 3
1501 2559 2188 3
1502 2501 2188 3
1503 2359 2188 3
1504 2360 2188 3
1505 2359 2188 3
1506 2363 2188 3
1507 2364 2188 3
1508 2379 2188 3
1509 2375 2188 3
1510 2360 2188 3
1511 2364 2188 3
1512 2379 2188 3
1513 2378 2188 3
1514 2374 2188 3
1515 2359 2188 3
1516 2360 2188 3
1517 2359 2188 3
1518 2363 2188 3
1520 2477 2188 3
1521 2492 2188 3
1522 2508 2188 3
1523 2561 2188 3
1524 2508 2188 3
1525 2579 2188 3
1526 2508 2188 3
1527 2579 2188 3
1528 2579 2188 3
1529 2348 2188 3
1530 2277 2188 3
1531 2285 2188 3
1532 2306 2188 3
1533 2359 2188 3
1534 2306 2188 3
1535 2375 2188 3
1536 2390 2188 3
1537 2439 2188 3
1538 2390 2188 3
1539 2439 2188 3
1540 2473 2188 3
1542 2505 2188 3
1544 2578 2188 3
1545 2586 2188 3
1546 2587 2188 3
1547 2686 2188 3
1548 2787 2188 3
1549 2770 2188 3
1550 2769 2188 3
1551 2511 2188 3
1552 2502 2188 3
1553 2510 2188 3
1554 2511 2188 3
1555 2625 2188 3
1556 2727 2188 3
1557 2625 2188 3
1558 2727 2188 3
1559 2831 2188 3
1560 2725 2188 3
1561 2791 2188 3
1562 2897 2188 3
1563 3029 2188 3
1564 2963 2188 3
1565 3129 2188 3
1566 3237 2188 3
1567 3239 2188 3
1568 3351 2188 3
1569 3471 2188 3
1570 3551 2188 3
1571 3529 2188 3
1572 3689 2188 3
1573 3707 2188 3
1574 3529 2188 3
1575 3175 2188 3
1576 2965 2188 3
1577 2861 2188 3
1578 2785 2188 3
1579 2727 2188 3
1580 2558 2188 3
1581 2537 2188 3
1582 2396 2188 3
1583 2387 2188 3
1584 2387 2188 3
1585 2312 2188 3
1586 2304 2188 3
1587 2312 2188 3
1588 2304 2188 3
1589 2312 2188 3
1590 2321 2188 3
1591 2342 2188 3
1592 2395 2188 3
1593 2470 2188 3
1594 2430 2188 3
1595 2401 2188 3
1596 2372 2188 3
1597 2319 2188 3
1598 2327 2188 3
1599 2319 2188 3
1600 2348 2188 3
1601 2377 2188 3
1602 2348 2188 3
1603 2377 2188 3
1604 2417 2188 3
1605 2377 2188 3
1606 2433 2188 3
1607 2259 2188 3
1608 2230 2188 3
1609 2238 2188 3
1610 2259 2188 3
1611 2288 2188 3
1612 2259 2188 3
1613 2288 2188 3
1614 2360 2188 3
1615 2433 2188 3
1616 2355 2188 3
1617 2286 2188 3
1618 2339 2188 3
1619 2286 2188 3
1620 2355 2188 3
1621 2328 2188 3
1622 2257 2188 3
1623 2286 2188 3
1624 2355 2188 3
1625 2485 2188 3
1626 2265 2188 3
1627 2196 2188 3
1628 2188 2188 3
1629 2217 2188 3
1630 2270 2188 3
1631 2217 2188 3
1632 2286 2188 3
1633 2455 2188 3
1634 2286 2188 3
1635 2479 2188 3
1636 2535 2188 3
1637 2643 2188 3
1638 2535 2188 3
1639 2643 2188 3
1640 2739 2188 3
1641 2739 2188 3
1642 2694 2188 3
1643 2716 2188 3
1644 2569 2188 3
1645 2658 2188 3
1646 2557 2188 3
1647 2658 2188 3
1648 2779 2188 3
1649 2923 2188 3
1650 2749 2188 3
1651 2605 2188 3
1652 2458 2188 3
1653 2458 2188 3
1654 2383 2188 3
1656 2383 2188 3
1657 2391 2188 3
1658 2444 2188 3
1659 2391 2188 3
1660 2460 2188 3
1661 2391 2188 3
1662 2460 2188 3
1663 2475 2188 3
1664 2524 2188 3
1665 2555 2188 3
1666 2551 2188 3
1667 2552 2188 3
1668 2560 2188 3
1669 2552 2188 3
1670 2561 2188 3
1671 2595 2188 3
1672 2651 2188 3
1673 2506 2188 3
1674 2472 2188 3
1675 2463 2188 3
1676 2462 2188 3
1677 2463 2188 3
1678 2471 2188 3
1679 2472 2188 3
1680 2506 2188 3
1681 2650 2188 3
1682 2694 2188 3
1683 2795 2188 3
1684 2944 2188 3
1685 2935 2188 3
1686 2944 2188 3
1687 2935 2188 3
1688 2926 2188 3
1689 2785 2188 3
1690 2768 2188 3
1691 2510 2188 3
1692 2585 2188 3
1694 2510 2188 3
1695 2624 2188 3
1696 2795 2188 3
1697 2624 2188 3
1698 2795 2188 3
1699 2859 2188 3
1700 2625 2188 3
1701 2811 2188 3
1702 2625 2188 3
1703 2815 2188 3
1704 2686 2188 3
1705 2576 2188 3
1706 2496 2188 3
1707 2590 2188 3
1708 2784 2188 3
1709 2590 2188 3
1710 2784 2188 3
1711 2822 2188 3
1712 2820 2188 3
1713 2822 2188 3
1714 2976 2188 3
1715 2875 2188 3
1716 2745 2188 3
1717 2577 2188 3
1718 2518 2188 3
1719 2532 2188 3
1720 2518 2188 3
1721 2532 2188 3
1722 2718 2188 3
1723 2577 2188 3
1724 2573 2188 3
1725 2564 2188 3
1726 2565 2188 3
1727 2534 2188 3
1728 2538 2188 3
1729 2534 2188 3
1730 2542 2188 3
1731 2534 2188 3
1732 2550 2188 3
1733 2534 2188 3
1734 2550 2188 3
1735 2550 2188 3
1736 2551 2188 3
1737 2550 2188 3
1738 2554 2188 3
1739 2550 2188 3
1740 2554 2188 3
1741 2550 2188 3
1742 2554 2188 3
1743 2579 2188 3
1744 2579 2188 3
1745 2608 2188 3
1746 2644 2188 3
1747 2608 2188 3
1748 2612 2188 3
1749 2651 2188 3
1750 2612 2188 3
1751 2665 2188 3
1752 2718 2188 3
1753 2702 2188 3
1754 2740 2188 3
1755 2789 2188 3
1756 2740 2188 3
1757 2870 2188 3
1758 2932 2188 3
1759 2805 2188 3
1760 2821 2188 3
1761 2906 2188 3
1762 2820 2188 3
1763 2936 2188 3
1764 3086 2188 3
1765 2974 2188 3
1766 2945 2188 3
1767 2944 2188 3
1768 2915 2188 3
1769 2985 2188 3
1770 2915 2188 3
1771 2985 2188 3
1772 2986 2188 3
1773 3139 2188 3
1774 3166 2188 3
1775 3139 2188 3
1776 3166 2188 3
1777 3297 2188 3
1778 3147 2188 3
1779 3053 2188 3
1780 3099 2188 3
1781 3053 2188 3
1782 3099 2188 3
1783 3084 2188 3
1784 3132 2188 3
1785 3084 2188 3
1786 3132 2188 3
1787 3219 2188 3
1788 3172 2188 3
1789 3156 2188 3
1790 2941 2188 3
1791 2835 2188 3
1792 2748 2188 3
1793 2610 2188 3
1794 2585 2188 3
1795 2515 2188 3
1796 2457 2188 3
1797 2492 2188 3
1798 2497 2188 3
1799 2520 2188 3
1800 2497 2188 3
1801 2492 2188 3
1802 2497 2188 3
1803 2520 2188 3
1804 2548 2188 3
1805 2584 2188 3
1806 2548 2188 3
1807 2588 2188 3
1808 2661 2188 3
1809 2588 2188 3
1810 2669 2188 3
1811 2660 2188 3
1812 2641 2188 3
1813 2560 2188 3
1814 2579 2188 3
1815 2560 2188 3
1816 2588 2188 3
1817 2661 2188 3
1818 2690 2188 3
1819 2588 2188 3
1820 2669 2188 3
1821 2660 2188 3
1822 2669 2188 3
1823 2675 2188 3
1824 2670 2188 3
1825 2675 2188 3
1826 2670 2188 3
1827 2675 2188 3
1828 2764 2188 3
1829 2760 2188 3
1830 2813 2188 3
1831 2862 2188 3
1832 2760 2188 3
1833 2813 2188 3
1834 2899 2188 3
1835 2993 2188 3
1836 2984 2188 3
1837 2884 2188 3
1838 2798 2188 3
1839 2807 2188 3
1840 2754 2188 3
1841 2760 2188 3
1842 2860 2188 3
1843 2760 2188 3
1844 2860 2188 3
1845 2855 2188 3
1846 2602 2188 3
1847 2598 2188 3
1848 2602 2188 3
1849 2655 2188 3
1850 2602 2188 3
1851 2689 2188 3
1852 2685 2188 3
1853 2686 2188 3
1854 2664 2188 3
1855 2534 2188 3
1856 2538 2188 3
1857 2534 2188 3
1858 2538 2188 3
1859 2546 2188 3
1860 2538 2188 3
1861 2554 2188 3
1862 2538 2188 3
1863 2554 2188 3
1864 2554 2188 3
1865 2579 2188 3
1866 2610 2188 3
1867 2579 2188 3
1868 2632 2188 3
1869 2579 2188 3
1870 2632 2188 3
1871 2656 2188 3
1872 2702 2188 3
1873 2730 2188 3
1874 2751 2188 3
1875 2702 2188 3
1876 2656 2188 3
1877 2615 2188 3
1878 2579 2188 3
1879 2550 2188 3
1880 2551 2188 3
1881 2550 2188 3
1882 2551 2188 3
1883 2555 2188 3
1884 2551 2188 3
1885 2579 2188 3
1886 2575 2188 3
1887 2578 2188 3
1888 2604 2188 3
1889 2640 2188 3
1890 2681 2188 3
1891 2730 2188 3
1892 2681 2188 3
1893 2734 2188 3
1894 2681 2188 3
1895 2743 2188 3
1896 2718 2188 3
1897 2722 2188 3
1898 2718 2188 3
1899 2741 2188 3
1900 2734 2188 3
1901 2681 2188 3
1902 2656 2188 3
1903 2640 2188 3
1904 2636 2188 3
1905 2635 2188 3
1906 2488 2188 3
1907 2302 2188 3
1908 2321 2188 3
1909 2302 2188 3
1910 2355 2188 3
1911 2302 2188 3
1912 2365 2188 3
1913 2302 2188 3
1914 2404 2188 3
1915 2411 2188 3
1916 2457 2188 3
1917 2601 2188 3
1918 2657 2188 3
1919 2821 2188 3
1920 2990 2188 3
1921 2754 2188 3
1922 2650 2188 3
1923 2348 2188 3
1924 2290 2188 3
1925 2392 2188 3
1926 2290 2188 3
1927 2392 2188 3
1928 2484 2188 3
1929 2480 2188 3
1930 2529 2188 3
1931 2391 2188 3
1932 2420 2188 3
1933 2303 2188 3
1934 2201 2188 3
1935 2254 2188 3
1936 2201 2188 3
1937 2303 2188 3
1938 2201 2188 3
1939 2322 2188 3
1940 2411 2188 3
1941 2437 2188 3
1942 2522 2188 3
1943 2322 2188 3
1944 2420 2188 3
1945 2497 2188 3
1946 2500 2188 3
1947 2526 2188 3
1948 2500 2188 3
1949 2526 2188 3
1950 2448 2188 3
1951 2379 2188 3
1952 2201 2188 3
1953 2254 2188 3
1954 2201 2188 3
1955 2290 2188 3
1956 2348 2188 3
1957 2290 2188 3
1958 2392 2188 3
1959 2491 2188 3
1960 2592 2188 3
1961 2591 2188 3
1962 2290 2188 3
1963 2392 2188 3
1964 2496 2188 3
1965 2303 2188 3
1966 2201 2188 3
1967 2322 2188 3
1968 2201 2188 3
1969 2322 2188 3
1970 2420 2188 3
1971 2497 2188 3
1972 2454 2188 3
1973 2577 2188 3
1974 2408 2188 3
1975 2404 2188 3
1976 2408 2188 3
1977 2549 2188 3
1978 2636 2188 3
1979 2535 2188 3
1980 2535 2188 3
1982 2657 2188 3
1983 2643 2188 3
1984 2657 2188 3
1985 2784 2188 3
1986 2744 2188 3
1988 2744 2188 3
1989 2617 2188 3
1990 2515 2188 3
1991 2407 2188 3
1992 2509 2188 3
1993 2407 2188 3
1994 2536 2188 3
1995 2528 2188 3
1996 2464 2188 3
1997 2495 2188 3
1998 2371 2188 3
1999 2435 2188 3
2000 2371 2188 3
2001 2451 2188 3
2002 2464 2188 3
2003 2465 2188 3
2004 2573 2188 3
2005 2547 2188 3
2006 2582 2188 3
2007 2547 2188 3
2008 2582 2188 3
2009 2662 2188 3
2010 2678 2188 3
2011 2679 2188 3
2012 2671 2188 3
2013 2673 2188 3
2014 2506 2188 3
2015 2452 2188 3
2016 2476 2188 3
2017 2527 2188 3
2018 2531 2188 3
2019 2531 2188 3
2020 2564 2188 3
2021 2535 2188 3
2022 2551 2188 3
2023 2535 2188 3
2024 2651 2188 3
2025 2535 2188 3
2026 2514 2188 3
2027 2514 2188 3
2028 2455 2188 3
2029 2452 2188 3
2030 2469 2188 3
2031 2520 2188 3
2032 2469 2188 3
2033 2522 2188 3
2034 2469 2188 3
2035 2558 2188 3
2036 2660 2188 3
2037 2558 2188 3
2038 2544 2188 3
2039 2558 2188 3
2040 2660 2188 3
2041 2651 2188 3
2042 2647 2188 3
2043 2651 2188 3
2044 2651 2188 3
2045 2660 2188 3
2046 2759 2188 3
2047 2860 2188 3
2048 2945 2188 3
2049 2952 2188 3
2050 2981 2188 3
2051 3007 2188 3
2052 2986 2188 3
2053 2706 2188 3
2054 2605 2188 3
2055 2645 2188 3
2056 2758 2188 3
2057 2889 2188 3
2058 3021 2188 3
2059 2919 2188 3
2060 2996 2188 3
2061 2899 2188 3
2062 2876 2188 3
2063 2860 2188 3
2064 2849 2188 3
2065 2892 2188 3
2066 2778 2188 3
2067 2735 2188 3
2068 2778 2188 3
2069 2784 2188 3
2070 2762 2188 3
2071 2754 2188 3
2072 2762 2188 3
2073 2754 2188 3
2074 2829 2188 3
2075 2541 2188 3
2076 2541 2188 3
2077 2466 2188 3
2078 2487 2188 3
2079 2461 2188 3
2080 2487 2188 3
2081 2466 2188 3
2082 2487 2188 3
2083 2487 2188 3
2084 2379 2188 3
2085 2387 2188 3
2086 2440 2188 3
2087 2387 2188 3
2088 2462 2188 3
2089 2387 2188 3
2090 2462 2188 3
2091 2463 2188 3
2092 2562 2188 3
2093 2663 2188 3
2094 2463 2188 3
2095 2632 2188 3
2096 2577 2188 3
2097 2769 2188 3
2098 2657 2188 3
2099 2655 2188 3
2100 2655 2188 3
2101 2580 2188 3
2102 2544 2188 3
2103 2580 2188 3
2104 2633 2188 3
2105 2580 2188 3
2106 2635 2188 3
2107 2466 2188 3
2108 2430 2188 3
2109 2466 2188 3
2110 2519 2188 3
2111 2466 2188 3
2112 2541 2188 3
2113 2466 2188 3
2114 2541 2188 3
2115 2516 2188 3
2116 2460 2188 3
2117 2513 2188 3
2118 2460 2188 3
2119 2516 2188 3
2120 2518 2188 3
2121 2418 2188 3
2122 2471 2188 3
2123 2418 2188 3
2124 2493 2188 3
2125 2548 2188 3
2126 2610 2188 3
2127 2466 2188 3
2128 2391 2188 3
2129 2444 2188 3
2130 2391 2188 3
2131 2454 2188 3
2132 2449 2188 3
2133 2447 2188 3
2135 2447 2188 3
2136 2418 2188 3
2137 2447 2188 3
2138 2560 2188 3
2139 2447 2188 3
2140 2576 2188 3
2141 2447 2188 3
2142 2576 2188 3
2143 2558 2188 3
2144 2558 2188 3
2145 2374 2188 3
2146 2276 2188 3
2147 2295 2188 3
2148 2276 2188 3
2149 2302 2188 3
2150 2355 2188 3
2151 2302 2188 3
2152 2391 2188 3
2153 2365 2188 3
2154 2302 2188 3
2155 2404 2188 3
2156 2411 2188 3
2157 2457 2188 3
2158 2601 2188 3
2159 2765 2188 3
2160 2845 2188 3
2161 2838 2188 3
2162 2841 2188 3
2163 2895 2188 3
2164 2936 2188 3
2165 2895 2188 3
2166 2975 2188 3
2167 2930 2188 3
2168 2911 2188 3
2169 3023 2188 3
2170 3024 2188 3
2171 3069 2188 3
2172 3051 2188 3
2173 2971 2188 3
2174 2699 2188 3
2175 2555 2188 3
2176 2491 2188 3
2177 2356 2188 3
2178 2295 2188 3
2179 2276 2188 3
2180 2302 2188 3
2181 2276 2188 3
2182 2302 2188 3
2183 2355 2188 3
2184 2302 2188 3
2185 2391 2188 3
2186 2365 2188 3
2187 2302 2188 3
2188 2404 2188 3
2189 2503 2188 3
2190 2604 2188 3
2191 2708 2188 3
2192 2652 2188 3
2193 2601 2188 3
2194 2765 2188 3
2195 2845 2188 3
2196 2765 2188 3
2197 2934 2188 3
2198 2698 2188 3
2199 2768 2188 3
2200 2698 2188 3
2201 2768 2188 3
2202 2928 2188 3
2203 3040 2188 3
2204 2928 2188 3
2205 3069 2188 3
2206 2876 2188 3
2207 2905 2188 3
2208 2934 2188 3
2209 2989 2188 3
2210 2866 2188 3
2211 2802 2188 3
2212 2781 2188 3
2213 2785 2188 3
2214 2802 2188 3
2215 2826 2188 3
2216 2694 2188 3
2217 2665 2188 3
2218 2673 2188 3
2219 2694 2188 3
2220 2717 2188 3
2221 2694 2188 3
2222 2795 2188 3
2223 2617 2188 3
2224 2638 2188 3
2225 2646 2188 3
2226 2667 2188 3
2227 2638 2188 3
2228 2705 2188 3
2229 2638 2188 3
2230 2705 2188 3
2231 2665 2188 3
2232 2664 2188 3
2233 2665 2188 3
2234 2809 2188 3
2235 2665 2188 3
2236 2673 2188 3
2237 2814 2188 3
2238 2914 2188 3
2239 3051 2188 3
2240 3111 2188 3
2241 3217 2188 3
2242 3103 2188 3
2243 3095 2188 3
2244 3063 2188 3
2245 3071 2188 3
2246 3079 2188 3
2247 3071 2188 3
2248 3193 2188 3
2249 3079 2188 3
2250 2922 2188 3
2251 2814 2188 3
2252 2568 2188 3
2253 2589 2188 3
2254 2568 2188 3
2255 2589 2188 3
2256 2475 2188 3
2257 2446 2188 3
2258 2454 2188 3
2259 2475 2188 3
2260 2501 2188 3
2261 2475 2188 3
2262 2501 2188 3
2263 2500 2188 3
2264 2501 2188 3
2265 2500 2188 3
2266 2529 2188 3
2267 2360 2188 3
2268 2259 2188 3
2269 2230 2188 3
2270 2238 2188 3
2271 2259 2188 3
2272 2288 2188 3
2273 2292 2188 3
2274 2292 2188 3
2275 2263 2188 3
2277 2397 2188 3
2278 2397 2188 3
2279 2368 2188 3
2280 2405 2188 3
2281 2434 2188 3
2282 2487 2188 3
2283 2434 2188 3
2284 2500 2188 3
2285 2434 2188 3
2286 2500 2188 3
2287 2575 2188 3
2288 2674 2188 3
2290 2788 2188 3
2291 2929 2188 3
2292 3107 2188 3
2293 3245 2188 3
2294 3413 2188 3
2295 3245 2188 3
2296 3413 2188 3
2297 3634 2188 3
2298 3633 2188 3
2299 3433 2188 3
2300 3473 2188 3
2301 3319 2188 3
2302 3421 2188 3
2303 3319 2188 3
2304 3486 2188 3
2305 3508 2188 3
2306 3513 2188 3
2307 3494 2188 3
2308 3502 2188 3
2309 3382 2188 3
2310 3244 2188 3
2311 3263 2188 3
2312 3244 2188 3
2313 3346 2188 3
2314 3244 2188 3
2315 3382 2188 3
2316 3404 2188 3
2317 3324 2188 3
2318 3404 2188 3
2319 3542 2188 3
2320 3404 2188 3
2321 3553 2188 3
2322 3622 2188 3
2323 3580 2188 3
2324 3365 2188 3
2325 3227 2188 3
2326 2815 2188 3
2327 2680 2188 3
2328 2580 2188 3
2329 2527 2188 3
2330 2519 2188 3
2331 2512 2188 3
2332 2391 2188 3
2333 2399 2188 3
2334 2391 2188 3
2335 2420 2188 3
2336 2473 2188 3
2337 2420 2188 3
2338 2475 2188 3
2339 2306 2188 3
2340 2277 2188 3
2341 2285 2188 3
2342 2306 2188 3
2343 2359 2188 3
2344 2306 2188 3
2345 2375 2188 3
2346 2306 2188 3
2347 2381 2188 3
2348 2352 2188 3
2349 2277 2188 3
2350 2330 2188 3
2351 2277 2188 3
2352 2335 2188 3
2353 2277 2188 3
2354 2352 2188 3
2355 2352 2188 3
2356 2360 2188 3
2357 2403 2188 3
2358 2502 2188 3
2359 2580 2188 3
2360 2601 2188 3
2361 2632 2188 3
2362 2628 2188 3
2363 2550 2188 3
2364 2553 2188 3
2365 2561 2188 3
2366 2562 2188 3
2367 2553 2188 3
2368 2562 2188 3
2369 2635 2188 3
2370 2562 2188 3
2371 2635 2188 3
2372 2562 2188 3
2373 2663 2188 3
2374 2853 2188 3
2375 2798 2188 3
2376 2624 2188 3
2377 2584 2188 3
2378 2609 2188 3
Priority 1: 0.8
Priority 2: 0.96
///////////////////
Feasible
Solution Cost: 2188
--------------
Route 0:

LOCATION | CUSTOMER
0 1000
27 18
27 21
27 2
27 19
8 12
0 1000
Max capacity: 150 Load:71
--------------
--------------
Route 1:

LOCATION | CUSTOMER
0 1000
16 20
2 6
28 1
28 0
28 3
28 23
3 7
20 22
4 8
26 24
26 14
0 1000
Max capacity: 150 Load:150
--------------
--------------
Route 2:

LOCATION | CUSTOMER
0 1000
1 5
30 16
26 13
29 15
29 11
29 10
29 17
29 4
5 9
0 1000
Max capacity: 150 Load:140
--------------
Solution Cost: 2188
Priority 1: 0.8
Priority 2: 0.96
///////////////////
Restart: 5
0 3039 1.7976931348623157E+308 0
1 2928 1.7976931348623157E+308 0
2 2899 1.7976931348623157E+308 0
3 2901 1.7976931348623157E+308 0
4 2814 1.7976931348623157E+308 0
5 2845 1.7976931348623157E+308 0
6 2867 1.7976931348623157E+308 0
7 2920 1.7976931348623157E+308 0
8 2875 1.7976931348623157E+308 0
9 2920 1.7976931348623157E+308 0
10 2812 2812 3 flip
10 2812 2812 3
11 2759 2759 3 swap
11 2759 2759 3
12 2706 2706 3 swap
12 2706 2706 3
13 2737 2706 3
14 2759 2706 3
15 2787 2706 3
16 2630 2630 3 two opt
16 2630 2630 3
17 2452 2452 3 relocate
17 2452 2452 3
18 2393 2393 3 two opt
18 2393 2393 3
19 2407 2393 3
20 2393 2393 3
21 2407 2393 3
22 2393 2393 3
23 2407 2393 3
24 2460 2393 3
25 2407 2393 3
26 2496 2393 3
27 2598 2393 3
28 2607 2393 3
29 2603 2393 3
30 2652 2393 3
31 2514 2393 3
32 2518 2393 3
33 2416 2393 3
34 2537 2393 3
35 2416 2393 3
36 2565 2393 3
37 2416 2393 3
38 2437 2393 3
39 2539 2393 3
40 2535 2393 3
41 2433 2393 3
42 2412 2393 3
43 2310 2310 3 two opt
43 2310 2310 3
44 2302 2302 3 relocate
44 2302 2302 3
45 2238 2238 3 two opt
45 2238 2238 3
46 2230 2230 3 swap
46 2230 2230 3
47 2238 2230 3
48 2259 2230 3
49 2304 2230 3
50 2310 2230 3
51 2331 2230 3
52 2323 2230 3
53 2331 2230 3
54 2310 2230 3
55 2363 2230 3
56 2310 2230 3
57 2399 2230 3
58 2501 2230 3
59 2501 2230 3
60 2573 2230 3
61 2501 2230 3
62 2573 2230 3
63 2681 2230 3
64 2677 2230 3
65 2736 2230 3
66 2730 2230 3
67 2685 2230 3
68 2655 2230 3
69 2655 2230 3
70 2629 2230 3
71 2655 2230 3
72 2715 2230 3
73 2723 2230 3
74 2799 2230 3
75 2671 2230 3
76 2563 2230 3
77 2462 2230 3
78 2460 2230 3
79 2462 2230 3
80 2468 2230 3
81 2489 2230 3
82 2468 2230 3
83 2489 2230 3
84 2468 2230 3
85 2497 2230 3
86 2501 2230 3
87 2399 2230 3
88 2420 2230 3
89 2399 2230 3
90 2277 2230 3
91 2285 2230 3
92 2306 2230 3
93 2359 2230 3
94 2306 2230 3
95 2375 2230 3
96 2306 2230 3
97 2381 2230 3
98 2381 2230 3
99 2453 2230 3
100 2473 2230 3
101 2444 2230 3
102 2444 2230 3
103 2368 2230 3
104 2397 2230 3
105 2368 2230 3
106 2476 2230 3
107 2368 2230 3
108 2537 2230 3
109 2482 2230 3
110 2631 2230 3
111 2482 2230 3
112 2631 2230 3
113 2752 2230 3
114 2753 2230 3
115 2783 2230 3
116 2752 2230 3
117 2558 2230 3
118 2580 2230 3
119 2552 2230 3
120 2706 2230 3
121 2503 2230 3
122 2507 2230 3
123 2503 2230 3
124 2507 2230 3
125 2518 2230 3
126 2349 2230 3
127 2276 2230 3
128 2295 2230 3
129 2276 2230 3
130 2302 2230 3
131 2276 2230 3
132 2302 2230 3
133 2276 2230 3
134 2329 2230 3
135 2276 2230 3
136 2365 2230 3
137 2302 2230 3
138 2415 2230 3
139 2587 2230 3
140 2515 2230 3
141 2529 2230 3
142 2643 2230 3
143 2641 2230 3
144 2685 2230 3
145 2688 2230 3
146 2804 2230 3
147 2923 2230 3
148 2914 2230 3
149 2907 2230 3
150 2878 2230 3
151 2789 2230 3
152 2776 2230 3
153 2776 2230 3
154 2776 2230 3
155 2776 2230 3
156 2776 2230 3
157 2782 2230 3
158 2769 2230 3
159 2763 2230 3
160 2747 2230 3
161 2614 2230 3
162 2614 2230 3
163 2614 2230 3
164 2614 2230 3
165 2614 2230 3
166 2625 2230 3
167 2602 2230 3
168 2599 2230 3
169 2599 2230 3
170 2599 2230 3
171 2599 2230 3
172 2599 2230 3
173 2602 2230 3
174 2599 2230 3
175 2602 2230 3
176 2606 2230 3
177 2661 2230 3
178 2606 2230 3
179 2661 2230 3
180 2684 2230 3
181 2682 2230 3
182 2712 2230 3
183 2785 2230 3
184 2712 2230 3
185 2800 2230 3
186 2761 2230 3
187 2735 2230 3
188 2627 2230 3
189 2595 2230 3
190 2582 2230 3
191 2469 2230 3
192 2469 2230 3
193 2469 2230 3
194 2469 2230 3
195 2477 2230 3
196 2454 2230 3
197 2477 2230 3
198 2469 2230 3
199 2482 2230 3
200 2507 2230 3
201 2388 2230 3
202 2359 2230 3
203 2359 2230 3
204 2360 2230 3
205 2359 2230 3
206 2363 2230 3
207 2359 2230 3
208 2363 2230 3
209 2378 2230 3
210 2363 2230 3
211 2378 2230 3
212 2403 2230 3
213 2407 2230 3
214 2476 2230 3
215 2407 2230 3
216 2408 2230 3
217 2479 2230 3
218 2499 2230 3
219 2583 2230 3
220 2587 2230 3
221 2680 2230 3
222 2526 2230 3
223 2462 2230 3
224 2442 2230 3
225 2370 2230 3
226 2340 2230 3
227 2340 2230 3
228 2238 2230 3
229 2230 2230 3
230 2238 2230 3
231 2259 2230 3
232 2304 2230 3
233 2310 2230 3
234 2331 2230 3
235 2323 2230 3
236 2259 2230 3
237 2304 2230 3
238 2259 2230 3
239 2312 2230 3
240 2259 2230 3
241 2323 2230 3
242 2331 2230 3
243 2433 2230 3
244 2505 2230 3
245 2452 2230 3
246 2331 2230 3
247 2452 2230 3
248 2525 2230 3
249 2521 2230 3
250 2501 2230 3
251 2602 2230 3
252 2728 2230 3
253 2747 2230 3
254 2871 2230 3
255 2747 2230 3
256 2871 2230 3
257 2855 2230 3
258 2849 2230 3
259 2849 2230 3
260 2855 2230 3
261 2849 2230 3
262 2855 2230 3
263 2858 2230 3
264 2852 2230 3
265 2858 2230 3
266 2849 2230 3
267 2862 2230 3
268 2951 2230 3
269 2918 2230 3
270 2926 2230 3
271 2960 2230 3
272 3031 2230 3
273 3023 2230 3
274 2811 2230 3
275 2980 2230 3
276 2811 2230 3
277 2989 2230 3
278 2811 2230 3
279 2989 2230 3
280 2998 2230 3
281 2849 2230 3
282 2815 2230 3
283 2806 2230 3
284 2840 2230 3
285 2806 2230 3
286 2912 2230 3
287 2916 2230 3
288 2658 2230 3
289 2677 2230 3
290 2677 2230 3
291 2499 2230 3
292 2554 2230 3
293 2499 2230 3
294 2612 2230 3
295 2499 2230 3
296 2629 2230 3
Customer 1: 24
B1 ID: 48 D1 ID: 49
Customer 2: 15
B2 ID: 22 D2 ID: 21
-----
Route 1 Before: 50,16,24,4,11,27,22,48,13,9,36,50
Route 2 Before: 50,16,24,4,11,27,22,48,13,9,36,50
-----
---------
Route 1 After: 50,16,24,4,11,27,21,49,13,9,36,50
Route 2 After: 50,16,24,4,11,27,21,49,13,9,36,50
---------
Priority swap cost contribution: 56
297 2685 2230 3
298 2684 2230 3
299 2853 2230 3
300 2684 2230 3
301 2676 2230 3
302 2677 2230 3
Customer 1: 15
B1 ID: 21 D1 ID: 22
Customer 2: 24
B2 ID: 49 D2 ID: 48
-----
Route 1 Before: 50,16,24,4,11,27,13,21,49,9,36,50
Route 2 Before: 50,16,24,4,11,27,13,21,49,9,36,50
-----
---------
Route 1 After: 50,16,24,4,11,27,13,22,48,9,36,50
Route 2 After: 50,16,24,4,11,27,13,22,48,9,36,50
---------
Priority swap cost contribution: -178
303 2499 2230 3
304 2548 2230 3
305 2490 2230 3
306 2384 2230 3
307 2328 2230 3
308 2348 2230 3
309 2349 2230 3
310 2372 2230 3
311 2349 2230 3
312 2372 2230 3
313 2421 2230 3
314 2397 2230 3
315 2368 2230 3
316 2397 2230 3
317 2397 2230 3
318 2450 2230 3
319 2397 2230 3
320 2499 2230 3
321 2499 2230 3
322 2424 2230 3
323 2398 2230 3
324 2335 2230 3
325 2343 2230 3
326 2335 2230 3
327 2388 2230 3
328 2335 2230 3
329 2410 2230 3
330 2410 2230 3
331 2410 2230 3
332 2579 2230 3
333 2410 2230 3
334 2582 2230 3
335 2604 2230 3
336 2582 2230 3
337 2652 2230 3
338 2582 2230 3
339 2715 2230 3
340 2723 2230 3
341 2659 2230 3
342 2508 2230 3
343 2511 2230 3
344 2469 2230 3
345 2470 2230 3
346 2395 2230 3
347 2496 2230 3
348 2395 2230 3
349 2509 2230 3
350 2488 2230 3
351 2374 2230 3
352 2395 2230 3
353 2374 2230 3
354 2488 2230 3
355 2509 2230 3
356 2660 2230 3
357 2546 2230 3
358 2660 2230 3
359 2862 2230 3
360 2863 2230 3
361 2969 2230 3
362 2977 2230 3
363 2862 2230 3
364 2889 2230 3
365 3003 2230 3
366 3188 2230 3
367 3082 2230 3
368 3001 2230 3
369 3037 2230 3
370 3175 2230 3
371 3237 2230 3
372 3381 2230 3
373 3357 2230 3
374 3291 2230 3
375 3091 2230 3
376 2901 2230 3
377 2762 2230 3
378 2560 2230 3
379 2539 2230 3
380 2417 2230 3
381 2425 2230 3
382 2446 2230 3
383 2499 2230 3
384 2446 2230 3
385 2521 2230 3
386 2446 2230 3
387 2521 2230 3
388 2583 2230 3
389 2439 2230 3
390 2381 2230 3
391 2352 2230 3
392 2352 2230 3
393 2361 2230 3
394 2360 2230 3
395 2360 2230 3
396 2360 2230 3
397 2374 2230 3
398 2404 2230 3
399 2457 2230 3
400 2404 2230 3
401 2476 2230 3
402 2496 2230 3
403 2634 2230 3
404 2621 2230 3
405 2790 2230 3
406 2621 2230 3
407 2811 2230 3
408 3021 2230 3
409 3059 2230 3
410 2988 2230 3
411 2986 2230 3
412 2988 2230 3
413 3096 2230 3
414 3198 2230 3
415 3344 2230 3
416 3222 2230 3
417 3137 2230 3
418 3108 2230 3
419 3064 2230 3
420 3013 2230 3
421 3019 2230 3
422 3030 2230 3
423 3024 2230 3
424 3002 2230 3
425 3024 2230 3
426 3002 2230 3
427 3024 2230 3
428 3030 2230 3
429 3043 2230 3
430 2865 2230 3
431 2808 2230 3
432 2863 2230 3
433 2719 2230 3
434 2689 2230 3
435 2702 2230 3
436 2729 2230 3
437 2702 2230 3
438 2775 2230 3
439 2702 2230 3
440 2775 2230 3
441 2702 2230 3
442 2818 2230 3
443 2944 2230 3
444 2766 2230 3
445 2651 2230 3
446 2482 2230 3
447 2288 2230 3
448 2259 2230 3
449 2230 2230 3
450 2238 2230 3
451 2230 2230 3
452 2259 2230 3
453 2288 2230 3
454 2259 2230 3
455 2288 2230 3
456 2259 2230 3
457 2312 2230 3
458 2259 2230 3
459 2348 2230 3
460 2456 2230 3
461 2348 2230 3
462 2327 2230 3
463 2348 2230 3
464 2469 2230 3
465 2500 2230 3
466 2500 2230 3
467 2471 2230 3
468 2479 2230 3
469 2471 2230 3
470 2480 2230 3
471 2553 2230 3
472 2480 2230 3
473 2553 2230 3
474 2513 2230 3
475 2441 2230 3
476 2540 2230 3
477 2441 2230 3
478 2572 2230 3
479 2721 2230 3
480 2712 2230 3
481 2741 2230 3
482 2910 2230 3
483 2855 2230 3
484 3080 2230 3
485 3106 2230 3
486 3133 2230 3
487 3186 2230 3
488 3269 2230 3
489 3456 2230 3
490 3622 2230 3
491 3457 2230 3
492 3448 2230 3
493 3255 2230 3
494 3077 2230 3
495 3093 2230 3
496 3071 2230 3
497 3065 2230 3
498 3068 2230 3
499 3057 2230 3
500 2708 2230 3
501 2692 2230 3
502 2708 2230 3
503 2714 2230 3
504 2706 2230 3
505 2714 2230 3
506 2706 2230 3
507 2884 2230 3
508 2857 2230 3
509 2884 2230 3
510 2955 2230 3
511 2927 2230 3
512 2955 2230 3
513 2927 2230 3
514 3041 2230 3
515 3094 2230 3
516 3226 2230 3
517 3160 2230 3
518 3226 2230 3
519 3374 2230 3
520 3268 2230 3
521 3277 2230 3
522 3383 2230 3
523 3559 2230 3
524 3529 2230 3
525 3385 2230 3
526 3315 2230 3
527 3249 2230 3
528 3226 2230 3
529 3227 2230 3
530 3187 2230 3
531 3208 2230 3
532 3187 2230 3
533 3208 2230 3
534 3102 2230 3
535 3073 2230 3
536 3081 2230 3
537 3102 2230 3
538 3125 2230 3
539 3102 2230 3
540 3128 2230 3
541 3102 2230 3
542 3128 2230 3
543 3102 2230 3
544 3143 2230 3
545 3082 2230 3
546 2999 2230 3
547 2926 2230 3
548 2896 2230 3
549 2857 2230 3
550 2855 2230 3
551 2857 2230 3
552 2855 2230 3
553 2859 2230 3
554 2855 2230 3
555 2859 2230 3
556 2833 2230 3
557 2826 2230 3
558 2829 2230 3
559 2826 2230 3
560 2829 2230 3
561 2833 2230 3
562 2841 2230 3
563 2852 2230 3
564 2787 2230 3
565 2683 2230 3
566 2675 2230 3
567 2668 2230 3
568 2671 2230 3
569 2675 2230 3
570 2683 2230 3
571 2704 2230 3
572 2727 2230 3
573 2725 2230 3
574 2483 2230 3
575 2217 2217 3 relocate
575 2217 2217 3
576 2188 2188 3 swap
576 2188 2188 3
577 2196 2188 3
578 2217 2188 3
579 2270 2188 3
580 2217 2188 3
581 2286 2188 3
582 2335 2188 3
583 2286 2188 3
584 2335 2188 3
585 2292 2188 3
586 2217 2188 3
587 2292 2188 3
588 2292 2188 3
589 2381 2188 3
590 2480 2188 3
591 2381 2188 3
592 2489 2188 3
593 2381 2188 3
594 2360 2188 3
595 2352 2188 3
596 2352 2188 3
597 2277 2188 3
598 2352 2188 3
599 2405 2188 3
600 2352 2188 3
601 2352 2188 3
602 2361 2188 3
603 2360 2188 3
604 2360 2188 3
605 2360 2188 3
606 2374 2188 3
607 2417 2188 3
608 2368 2188 3
609 2421 2188 3
610 2368 2188 3
611 2446 2188 3
612 2368 2188 3
613 2537 2188 3
614 2368 2188 3
615 2555 2188 3
616 2557 2188 3
617 2629 2188 3
618 2649 2188 3
619 2758 2188 3
620 2617 2188 3
621 2496 2188 3
622 2525 2188 3
623 2496 2188 3
624 2615 2188 3
625 2496 2188 3
626 2617 2188 3
627 2599 2188 3
628 2616 2188 3
629 2495 2188 3
630 2491 2188 3
631 2495 2188 3
632 2566 2188 3
633 2348 2188 3
634 2354 2188 3
635 2348 2188 3
636 2375 2188 3
637 2453 2188 3
638 2375 2188 3
639 2453 2188 3
640 2381 2188 3
641 2436 2188 3
642 2292 2188 3
643 2263 2188 3
644 2263 2188 3
645 2272 2188 3
646 2271 2188 3
647 2271 2188 3
648 2271 2188 3
649 2314 2188 3
650 2265 2188 3
651 2259 2188 3
652 2265 2188 3
653 2318 2188 3
654 2265 2188 3
655 2343 2188 3
656 2271 2188 3
657 2343 2188 3
658 2363 2188 3
659 2452 2188 3
660 2482 2188 3
661 2513 2188 3
662 2467 2188 3
663 2475 2188 3
664 2467 2188 3
665 2476 2188 3
666 2590 2188 3
667 2476 2188 3
668 2590 2188 3
669 2663 2188 3
670 2623 2188 3
671 2602 2188 3
672 2568 2188 3
673 2638 2188 3
674 2737 2188 3
675 2638 2188 3
676 2568 2188 3
677 2510 2188 3
678 2501 2188 3
679 2360 2188 3
680 2352 2188 3
681 2352 2188 3
682 2277 2188 3
683 2285 2188 3
684 2277 2188 3
685 2306 2188 3
686 2359 2188 3
687 2306 2188 3
688 2375 2188 3
689 2306 2188 3
690 2381 2188 3
691 2374 2188 3
692 2299 2188 3
693 2352 2188 3
694 2299 2188 3
695 2368 2188 3
696 2299 2188 3
697 2374 2188 3
698 2404 2188 3
699 2476 2188 3
700 2496 2188 3
701 2634 2188 3
702 2496 2188 3
703 2665 2188 3
704 2496 2188 3
705 2679 2188 3
706 2753 2188 3
707 2792 2188 3
708 2714 2188 3
709 2697 2188 3
710 2466 2188 3
711 2604 2188 3
712 2466 2188 3
713 2604 2188 3
714 2794 2188 3
715 2985 2188 3
716 3004 2188 3
717 2722 2188 3
718 2830 2188 3
719 3068 2188 3
720 3072 2188 3
721 3159 2188 3
722 3049 2188 3
723 3045 2188 3
724 2807 2188 3
725 3065 2188 3
726 3087 2188 3
727 3092 2188 3
728 3150 2188 3
729 3119 2188 3
730 3061 2188 3
731 2926 2188 3
732 2902 2188 3
733 2716 2188 3
734 2745 2188 3
735 2748 2188 3
736 2745 2188 3
737 2853 2188 3
738 2745 2188 3
739 2931 2188 3
740 2955 2188 3
741 3056 2188 3
742 2955 2188 3
743 3061 2188 3
744 2931 2188 3
745 2955 2188 3
746 3056 2188 3
747 3100 2188 3
748 3178 2188 3
749 3080 2188 3
750 2890 2188 3
751 2733 2188 3
752 2558 2188 3
753 2414 2188 3
754 2293 2188 3
755 2346 2188 3
756 2293 2188 3
757 2362 2188 3
758 2293 2188 3
759 2362 2188 3
760 2377 2188 3
761 2426 2188 3
762 2460 2188 3
763 2456 2188 3
764 2487 2188 3
765 2441 2188 3
766 2438 2188 3
767 2441 2188 3
768 2449 2188 3
769 2441 2188 3
770 2450 2188 3
771 2539 2188 3
772 2536 2188 3
773 2536 2188 3
774 2539 2188 3
775 2636 2188 3
776 2539 2188 3
777 2636 2188 3
778 2637 2188 3
779 2683 2188 3
780 2752 2188 3
781 2712 2188 3
782 2653 2188 3
783 2467 2188 3
784 2475 2188 3
785 2466 2188 3
786 2467 2188 3
787 2466 2188 3
788 2496 2188 3
789 2466 2188 3
790 2605 2188 3
791 2711 2188 3
792 2855 2188 3
793 2935 2188 3
794 3055 2188 3
795 2935 2188 3
796 3104 2188 3
797 3093 2188 3
798 3267 2188 3
799 3477 2188 3
800 3403 2188 3
801 3204 2188 3
802 3102 2188 3
803 2878 2188 3
804 2756 2188 3
805 2801 2188 3
806 2800 2188 3
807 2801 2188 3
808 2800 2188 3
809 2806 2188 3
810 2827 2188 3
811 2926 2188 3
812 3034 2188 3
813 2926 2188 3
814 3034 2188 3
815 3145 2188 3
816 3034 2188 3
817 3161 2188 3
818 3281 2188 3
819 3252 2188 3
820 3143 2188 3
821 2917 2188 3
822 3031 2188 3
823 2917 2188 3
824 3031 2188 3
825 2893 2188 3
826 2734 2188 3
827 2635 2188 3
828 2560 2188 3
829 2531 2188 3
830 2539 2188 3
831 2560 2188 3
832 2613 2188 3
833 2560 2188 3
834 2615 2188 3
835 2446 2188 3
836 2417 2188 3
837 2425 2188 3
838 2446 2188 3
839 2499 2188 3
840 2446 2188 3
841 2521 2188 3
842 2446 2188 3
843 2521 2188 3
844 2583 2188 3
845 2439 2188 3
846 2381 2188 3
847 2352 2188 3
848 2352 2188 3
849 2361 2188 3
850 2360 2188 3
851 2374 2188 3
852 2417 2188 3
853 2368 2188 3
854 2421 2188 3
855 2368 2188 3
856 2446 2188 3
857 2368 2188 3
858 2537 2188 3
859 2368 2188 3
860 2555 2188 3
861 2368 2188 3
862 2558 2188 3
863 2773 2188 3
864 2777 2188 3
865 2786 2188 3
866 2806 2188 3
867 2932 2188 3
868 2977 2188 3
869 2904 2188 3
870 3013 2188 3
871 3049 2188 3
872 3151 2188 3
873 3106 2188 3
874 3151 2188 3
875 3304 2188 3
876 3251 2188 3
877 3274 2188 3
878 3060 2188 3
879 2814 2188 3
880 2813 2188 3
881 2783 2188 3
882 2823 2188 3
883 2753 2188 3
884 2852 2188 3
885 3075 2188 3
886 2852 2188 3
887 3075 2188 3
888 3097 2188 3
889 3106 2188 3
890 3332 2188 3
891 3340 2188 3
892 3386 2188 3
893 3524 2188 3
894 3395 2188 3
895 3513 2188 3
896 3485 2188 3
897 3408 2188 3
898 3379 2188 3
899 3261 2188 3
900 3061 2188 3
901 2921 2188 3
902 2830 2188 3
903 2772 2188 3
904 2714 2188 3
905 2663 2188 3
906 2686 2188 3
907 2663 2188 3
908 2714 2188 3
909 2706 2188 3
910 2645 2188 3
911 2591 2188 3
912 2564 2188 3
913 2564 2188 3
914 2551 2188 3
915 2574 2188 3
916 2551 2188 3
917 2578 2188 3
918 2551 2188 3
919 2578 2188 3
920 2551 2188 3
921 2589 2188 3
922 2602 2188 3
923 2704 2188 3
924 2602 2188 3
925 2704 2188 3
926 2704 2188 3
927 2684 2188 3
928 2652 2188 3
929 2541 2188 3
930 2454 2188 3
931 2477 2188 3
932 2469 2188 3
933 2469 2188 3
934 2469 2188 3
935 2469 2188 3
936 2469 2188 3
937 2477 2188 3
938 2469 2188 3
939 2494 2188 3
940 2359 2188 3
941 2359 2188 3
942 2360 2188 3
943 2359 2188 3
944 2360 2188 3
945 2375 2188 3
946 2404 2188 3
947 2375 2188 3
948 2404 2188 3
949 2389 2188 3
950 2418 2188 3
951 2393 2188 3
952 2389 2188 3
953 2442 2188 3
954 2508 2188 3
955 2581 2188 3
956 2668 2188 3
957 2581 2188 3
958 2687 2188 3
959 2752 2188 3
960 2875 2188 3
961 2857 2188 3
962 2861 2188 3
963 2930 2188 3
964 2676 2188 3
965 2638 2188 3
966 2645 2188 3
967 2678 2188 3
968 2691 2188 3
969 2714 2188 3
970 2691 2188 3
971 2714 2188 3
972 2784 2188 3
973 2837 2188 3
974 2886 2188 3
975 2784 2188 3
976 2714 2188 3
977 2661 2188 3
978 2638 2188 3
979 2608 2188 3
980 2593 2188 3
981 2560 2188 3
982 2555 2188 3
983 2556 2188 3
984 2555 2188 3
985 2563 2188 3
986 2432 2188 3
987 2238 2188 3
988 2230 2188 3
989 2238 2188 3
990 2259 2188 3
991 2304 2188 3
992 2310 2188 3
993 2304 2188 3
994 2310 2188 3
995 2331 2188 3
996 2323 2188 3
997 2259 2188 3
998 2312 2188 3
999 2259 2188 3
1000 2348 2188 3
1001 2368 2188 3
1002 2391 2188 3
1003 2461 2188 3
1004 2391 2188 3
1005 2493 2188 3
1006 2391 2188 3
1007 2493 2188 3
1008 2493 2188 3
1009 2493 2188 3
1010 2493 2188 3
1011 2470 2188 3
1012 2542 2188 3
1013 2450 2188 3
1014 2495 2188 3
1015 2450 2188 3
1016 2522 2188 3
1017 2630 2188 3
1018 2604 2188 3
1019 2713 2188 3
1020 2757 2188 3
1021 2730 2188 3
1022 2779 2188 3
1023 2758 2188 3
1024 2687 2188 3
1025 2660 2188 3
1026 2687 2188 3
1027 2738 2188 3
1028 2796 2188 3
1029 2767 2188 3
1030 2828 2188 3
1031 2930 2188 3
1032 2878 2188 3
1033 2856 2188 3
1034 2878 2188 3
1035 2856 2188 3
1036 2878 2188 3
1037 2884 2188 3
1038 2998 2188 3
1039 2953 2188 3
1040 2961 2188 3
1041 2979 2188 3
1042 2875 2188 3
1043 2890 2188 3
1044 2844 2188 3
1045 2886 2188 3
1046 2844 2188 3
1047 2890 2188 3
1048 2875 2188 3
1049 2902 2188 3
1050 2736 2188 3
1051 2709 2188 3
1052 2693 2188 3
1053 2680 2188 3
1054 2642 2188 3
1055 2609 2188 3
1056 2609 2188 3
1057 2609 2188 3
1058 2624 2188 3
1059 2578 2188 3
1060 2594 2188 3
1061 2578 2188 3
1062 2597 2188 3
1063 2609 2188 3
1064 2624 2188 3
1065 2578 2188 3
1066 2607 2188 3
1067 2640 2188 3
1068 2607 2188 3
1069 2667 2188 3
1070 2731 2188 3
1071 2731 2188 3
1072 2718 2188 3
1073 2745 2188 3
1074 2716 2188 3
1075 2689 2188 3
1076 2716 2188 3
1077 2729 2188 3
1078 2716 2188 3
1079 2745 2188 3
1080 2787 2188 3
1081 2787 2188 3
1082 2842 2188 3
1083 2787 2188 3
1084 2856 2188 3
1085 2869 2188 3
1086 2871 2188 3
1087 2887 2188 3
1088 2960 2188 3
1089 3070 2188 3
1090 3046 2188 3
1091 3075 2188 3
1092 3076 2188 3
1093 3065 2188 3
1094 3085 2188 3
1095 2949 2188 3
1096 2998 2188 3
1097 2949 2188 3
1098 3077 2188 3
1099 2949 2188 3
1100 3077 2188 3
1101 3104 2188 3
1102 2949 2188 3
1103 3078 2188 3
1104 3025 2188 3
1105 2896 2188 3
1106 2848 2188 3
1107 2901 2188 3
1108 2848 2188 3
1109 2942 2188 3
1110 2848 2188 3
1111 2976 2188 3
1112 2848 2188 3
1113 2976 2188 3
1114 2848 2188 3
1115 2977 2188 3
1116 3109 2188 3
1117 3107 2188 3
1118 3254 2188 3
1119 3254 2188 3
1120 3348 2188 3
1121 3502 2188 3
1122 3348 2188 3
1123 3547 2188 3
1124 3348 2188 3
1125 3116 2188 3
1126 2875 2188 3
1127 2745 2188 3
1128 2692 2188 3
1129 2658 2188 3
1130 2618 2188 3
1131 2618 2188 3
1132 2449 2188 3
1133 2449 2188 3
1134 2347 2188 3
1136 2327 2188 3
1137 2319 2188 3
1138 2327 2188 3
1139 2347 2188 3
1140 2368 2188 3
1141 2391 2188 3
1142 2393 2188 3
1143 2348 2188 3
1144 2393 2188 3
1145 2399 2188 3
1146 2452 2188 3
1147 2399 2188 3
1148 2501 2188 3
1149 2501 2188 3
1150 2501 2188 3
1151 2399 2188 3
1152 2505 2188 3
1153 2488 2188 3
1154 2505 2188 3
1155 2399 2188 3
1156 2507 2188 3
1157 2399 2188 3
1158 2520 2188 3
1159 2546 2188 3
1160 2695 2188 3
1161 2687 2188 3
1162 2695 2188 3
1163 2756 2188 3
1164 2752 2188 3
1165 2753 2188 3
1166 2610 2188 3
1167 2614 2188 3
1168 2610 2188 3
1169 2636 2188 3
1170 2534 2188 3
1171 2561 2188 3
1172 2604 2188 3
1173 2472 2188 3
1175 2475 2188 3
1176 2495 2188 3
1177 2470 2188 3
1178 2379 2188 3
1179 2364 2188 3
1180 2363 2188 3
1181 2364 2188 3
1182 2379 2188 3
1183 2404 2188 3
1184 2375 2188 3
1185 2360 2188 3
1186 2359 2188 3
1187 2360 2188 3
1188 2359 2188 3
1189 2363 2188 3
1190 2359 2188 3
1191 2363 2188 3
1192 2378 2188 3
1193 2431 2188 3
1194 2378 2188 3
1195 2488 2188 3
1196 2374 2188 3
1197 2359 2188 3
1198 2363 2188 3
1199 2359 2188 3
1200 2360 2188 3
1201 2359 2188 3
1202 2360 2188 3
1203 2359 2188 3
1204 2360 2188 3
1205 2364 2188 3
1206 2360 2188 3
1207 2375 2188 3
1208 2360 2188 3
1209 2375 2188 3
1210 2421 2188 3
1211 2466 2188 3
1212 2446 2188 3
1213 2499 2188 3
1214 2446 2188 3
1215 2519 2188 3
1216 2446 2188 3
1217 2543 2188 3
1218 2446 2188 3
1219 2543 2188 3
1220 2572 2188 3
1221 2576 2188 3
1222 2617 2188 3
1223 2661 2188 3
1224 2588 2188 3
1225 2613 2188 3
1226 2732 2188 3
1227 2613 2188 3
1228 2732 2188 3
1229 2734 2188 3
1230 2762 2188 3
1231 2740 2188 3
1232 2734 2188 3
1233 2740 2188 3
1234 2762 2188 3
1235 2823 2188 3
1236 2820 2188 3
1237 2823 2188 3
1238 2829 2188 3
1239 2824 2188 3
1240 2819 2188 3
1241 2819 2188 3
1242 2819 2188 3
1243 2795 2188 3
1244 2809 2188 3
1245 2795 2188 3
1246 2831 2188 3
1247 2795 2188 3
1248 2875 2188 3
1249 2795 2188 3
1250 2875 2188 3
1251 2795 2188 3
1252 2891 2188 3
1253 2864 2188 3
1254 2880 2188 3
1255 2809 2188 3
1256 2729 2188 3
1257 2723 2188 3
1258 2708 2188 3
1259 2723 2188 3
1260 2729 2188 3
1261 2778 2188 3
1262 2729 2188 3
1263 2781 2188 3
1264 2745 2188 3
1265 2799 2188 3
1266 2713 2188 3
1267 2749 2188 3
1268 2713 2188 3
1269 2749 2188 3
1270 2811 2188 3
1271 2917 2188 3
1272 2908 2188 3
1273 2841 2188 3
1274 2911 2188 3
1275 2841 2188 3
1276 2788 2188 3
1277 2730 2188 3
1278 2624 2188 3
1279 2620 2188 3
1280 2613 2188 3
1281 2601 2188 3
1282 2584 2188 3
1283 2504 2188 3
1284 2527 2188 3
1285 2569 2188 3
1286 2565 2188 3
1287 2565 2188 3
1288 2565 2188 3
1289 2569 2188 3
1290 2569 2188 3
1291 2558 2188 3
1292 2513 2188 3
1293 2521 2188 3
1295 2586 2188 3
1296 2463 2188 3
1297 2528 2188 3
1298 2463 2188 3
1299 2528 2188 3
1300 2463 2188 3
1301 2536 2188 3
1302 2623 2188 3
1303 2536 2188 3
1304 2623 2188 3
1305 2628 2188 3
1306 2596 2188 3
1307 2543 2188 3
1308 2521 2188 3
1309 2448 2188 3
1310 2448 2188 3
1311 2449 2188 3
1312 2448 2188 3
1313 2449 2188 3
1314 2464 2188 3
1315 2449 2188 3
1316 2464 2188 3
1317 2492 2188 3
1318 2488 2188 3
1319 2491 2188 3
1320 2512 2188 3
1321 2533 2188 3
1323 2470 2188 3
1324 2441 2188 3
1325 2449 2188 3
1326 2470 2188 3
1327 2523 2188 3
1328 2470 2188 3
1329 2545 2188 3
1330 2377 2188 3
1331 2348 2188 3
1332 2319 2188 3
1333 2327 2188 3
1334 2319 2188 3
1335 2348 2188 3
1336 2377 2188 3
1337 2348 2188 3
1338 2377 2188 3
1339 2408 2188 3
1340 2333 2188 3
1341 2304 2188 3
1342 2312 2188 3
1343 2304 2188 3
1344 2312 2188 3
1345 2321 2188 3
1346 2342 2188 3
1347 2395 2188 3
1348 2509 2188 3
1349 2630 2188 3
1350 2509 2188 3
1351 2395 2188 3
1352 2342 2188 3
1353 2313 2188 3
1354 2304 2188 3
1355 2312 2188 3
1356 2304 2188 3
1357 2312 2188 3
1358 2313 2188 3
1359 2342 2188 3
1360 2395 2188 3
1362 2395 2188 3
1363 2394 2188 3
1364 2395 2188 3
1365 2470 2188 3
1366 2395 2188 3
1367 2470 2188 3
1368 2430 2188 3
1369 2401 2188 3
1370 2430 2188 3
1371 2405 2188 3
1372 2330 2188 3
1373 2277 2188 3
1374 2285 2188 3
1375 2277 2188 3
1376 2306 2188 3
1377 2359 2188 3
1378 2428 2188 3
1379 2359 2188 3
1380 2434 2188 3
1381 2434 2188 3
1382 2506 2188 3
1383 2526 2188 3
1384 2575 2188 3
1385 2345 2188 3
1386 2316 2188 3
1387 2263 2188 3
1388 2263 2188 3
1389 2188 2188 3
1390 2196 2188 3
1391 2188 2188 3
1392 2217 2188 3
1393 2270 2188 3
1394 2217 2188 3
1395 2286 2188 3
1396 2217 2188 3
1397 2292 2188 3
1398 2292 2188 3
1399 2263 2188 3
1400 2271 2188 3
1401 2314 2188 3
1402 2403 2188 3
1403 2502 2188 3
1404 2580 2188 3
1405 2459 2188 3
1406 2480 2188 3
1407 2581 2188 3
1408 2681 2188 3
1409 2746 2188 3
1410 2817 2188 3
1411 2746 2188 3
1412 2819 2188 3
1413 2746 2188 3
1414 2887 2188 3
1415 2866 2188 3
1416 2874 2188 3
1417 2874 2188 3
1418 2873 2188 3
1419 2572 2188 3
1420 2576 2188 3
1421 2568 2188 3
1422 2576 2188 3
1423 2678 2188 3
1424 2795 2188 3
1425 2550 2188 3
1426 2314 2188 3
1427 2265 2188 3
1428 2196 2188 3
1429 2188 2188 3
1430 2196 2188 3
1431 2249 2188 3
1432 2196 2188 3
1433 2265 2188 3
1434 2259 2188 3
1435 2188 2188 3
1436 2241 2188 3
1437 2188 2188 3
1438 2259 2188 3
1439 2308 2188 3
1440 2259 2188 3
1441 2308 2188 3
1442 2263 2188 3
1443 2263 2188 3
1444 2301 2188 3
1445 2271 2188 3
1446 2360 2188 3
1447 2404 2188 3
1448 2414 2188 3
1449 2547 2188 3
1450 2414 2188 3
1451 2583 2188 3
1452 2414 2188 3
1453 2604 2188 3
1454 2677 2188 3
1455 2799 2188 3
1456 2668 2188 3
1457 2595 2188 3
1458 2578 2188 3
1459 2522 2188 3
1460 2578 2188 3
1462 2810 2188 3
1463 2839 2188 3
1464 2828 2188 3
1465 2895 2188 3
1466 2828 2188 3
1467 2895 2188 3
1468 2992 2188 3
1469 3104 2188 3
1470 3068 2188 3
1471 3045 2188 3
1472 3023 2188 3
1473 3033 2188 3
1474 3051 2188 3
1475 3033 2188 3
1476 3051 2188 3
1477 3073 2188 3
1478 3051 2188 3
1479 3073 2188 3
1480 3206 2188 3
1481 3230 2188 3
1482 3219 2188 3
1483 3197 2188 3
1484 3195 2188 3
1485 3189 2188 3
1486 3217 2188 3
1487 3096 2188 3
1488 3204 2188 3
1489 3179 2188 3
1490 3188 2188 3
1491 3159 2188 3
1492 3115 2188 3
1493 3140 2188 3
1494 3178 2188 3
1495 3140 2188 3
1496 3178 2188 3
1497 3150 2188 3
1498 3137 2188 3
1499 3088 2188 3
1500 3014 2188 3
1501 2860 2188 3
1502 2803 2188 3
1503 2772 2188 3
1504 2714 2188 3
1505 2691 2188 3
1506 2701 2188 3
1507 2637 2188 3
1508 2626 2188 3
1509 2560 2188 3
1510 2560 2188 3
1511 2560 2188 3
1512 2560 2188 3
1513 2560 2188 3
1514 2564 2188 3
1515 2581 2188 3
1516 2604 2188 3
1517 2581 2188 3
1518 2606 2188 3
1519 2610 2188 3
1520 2581 2188 3
1521 2551 2188 3
1522 2454 2188 3
1523 2477 2188 3
1524 2454 2188 3
1525 2520 2188 3
1526 2454 2188 3
1527 2520 2188 3
1528 2454 2188 3
1529 2527 2188 3
1530 2614 2188 3
1531 2614 2188 3
1532 2631 2188 3
1533 2614 2188 3
1534 2631 2188 3
1535 2660 2188 3
1536 2631 2188 3
1537 2660 2188 3
1538 2762 2188 3
1539 2766 2188 3
1540 2742 2188 3
1541 2689 2188 3
1542 2725 2188 3
1543 2689 2188 3
1544 2728 2188 3
1546 2843 2188 3
1547 2854 2188 3
1548 2664 2188 3
1549 2626 2188 3
1550 2618 2188 3
1551 2622 2188 3
1552 2656 2188 3
1553 2745 2188 3
1554 2794 2188 3
1555 2768 2188 3
1556 2712 2188 3
1557 2679 2188 3
1558 2675 2188 3
1559 2524 2188 3
1560 2471 2188 3
1561 2413 2188 3
1562 2338 2188 3
1563 2329 2188 3
1564 2321 2188 3
1565 2329 2188 3
1566 2321 2188 3
1567 2329 2188 3
1568 2338 2188 3
1569 2391 2188 3
1570 2390 2188 3
1571 2391 2188 3
1572 2466 2188 3
1573 2467 2188 3
1574 2512 2188 3
1575 2459 2188 3
1576 2414 2188 3
1577 2405 2188 3
1578 2404 2188 3
1579 2329 2188 3
1580 2321 2188 3
1581 2329 2188 3
1582 2321 2188 3
1583 2329 2188 3
1584 2338 2188 3
1585 2391 2188 3
1586 2390 2188 3
1587 2391 2188 3
1588 2499 2188 3
1589 2391 2188 3
1590 2505 2188 3
1591 2607 2188 3
1592 2567 2188 3
1593 2538 2188 3
1594 2567 2188 3
1595 2571 2188 3
1596 2469 2188 3
1597 2590 2188 3
1598 2714 2188 3
1599 2590 2188 3
1600 2714 2188 3
1601 2667 2188 3
1602 2659 2188 3
1603 2655 2188 3
1604 2682 2188 3
1605 2655 2188 3
1606 2695 2188 3
1607 2792 2188 3
1608 2695 2188 3
1609 2792 2188 3
1610 2937 2188 3
1611 2937 2188 3
1612 2881 2188 3
1613 2881 2188 3
1614 2890 2188 3
1615 2881 2188 3
1616 2881 2188 3
1617 2687 2188 3
1618 2789 2188 3
1619 2687 2188 3
1620 2873 2188 3
1621 2687 2188 3
1622 2873 2188 3
1623 2838 2188 3
1624 2821 2188 3
1625 2635 2188 3
1626 2630 2188 3
1627 2635 2188 3
1628 2652 2188 3
1629 2673 2188 3
1630 2659 2188 3
1631 2673 2188 3
1632 2652 2188 3
1633 2716 2188 3
1634 2818 2188 3
1635 2818 2188 3
1636 2754 2188 3
1637 2652 2188 3
1638 2716 2188 3
1639 2652 2188 3
1640 2732 2188 3
1641 2635 2188 3
1642 2627 2188 3
1643 2627 2188 3
1644 2643 2188 3
1645 2627 2188 3
1646 2643 2188 3
1647 2643 2188 3
1648 2643 2188 3
1649 2627 2188 3
1650 2574 2188 3
1651 2565 2188 3
1652 2565 2188 3
1653 2534 2188 3
1654 2538 2188 3
1655 2534 2188 3
1656 2542 2188 3
1657 2534 2188 3
1658 2550 2188 3
1659 2534 2188 3
1660 2550 2188 3
1661 2550 2188 3
1662 2551 2188 3
1663 2550 2188 3
1664 2554 2188 3
1665 2550 2188 3
1666 2554 2188 3
1667 2550 2188 3
1668 2554 2188 3
1669 2579 2188 3
1670 2579 2188 3
1671 2608 2188 3
1672 2644 2188 3
1673 2608 2188 3
1674 2612 2188 3
1675 2651 2188 3
1676 2612 2188 3
1677 2665 2188 3
1678 2649 2188 3
1679 2687 2188 3
1680 2736 2188 3
1681 2687 2188 3
1682 2740 2188 3
1683 2870 2188 3
1684 2832 2188 3
1685 2848 2188 3
1686 2907 2188 3
1687 2903 2188 3
1688 2901 2188 3
1689 2878 2188 3
1690 2877 2188 3
1691 2938 2188 3
1692 2877 2188 3
1693 2938 2188 3
1694 3000 2188 3
1695 3086 2188 3
1696 3005 2188 3
1697 2976 2188 3
1698 2999 2188 3
1699 2886 2188 3
1700 2901 2188 3
1701 2871 2188 3
1702 2810 2188 3
1703 2811 2188 3
1704 2810 2188 3
1705 2841 2188 3
1706 2784 2188 3
1707 2805 2188 3
1708 2784 2188 3
1709 2824 2188 3
1710 2722 2188 3
1711 2725 2188 3
1712 2711 2188 3
1713 2645 2188 3
1714 2691 2188 3
1715 2645 2188 3
1716 2691 2188 3
1717 2645 2188 3
1718 2693 2188 3
1719 2645 2188 3
1720 2693 2188 3
1721 2645 2188 3
1722 2693 2188 3
1723 2748 2188 3
1724 2693 2188 3
1725 2611 2188 3
1726 2563 2188 3
1727 2563 2188 3
1728 2563 2188 3
1729 2582 2188 3
1730 2563 2188 3
1731 2582 2188 3
1732 2563 2188 3
1733 2584 2188 3
1734 2630 2188 3
1735 2584 2188 3
1736 2630 2188 3
1737 2615 2188 3
1738 2663 2188 3
1739 2615 2188 3
1741 2575 2188 3
1742 2554 2188 3
1743 2457 2188 3
1744 2493 2188 3
1745 2457 2188 3
1746 2497 2188 3
1747 2497 2188 3
1748 2570 2188 3
1749 2570 2188 3
1750 2570 2188 3
1751 2605 2188 3
1752 2685 2188 3
1753 2605 2188 3
1754 2686 2188 3
1755 2605 2188 3
1756 2686 2188 3
1757 2715 2188 3
1758 2686 2188 3
1759 2789 2188 3
1760 2790 2188 3
1761 2789 2188 3
1762 2790 2188 3
1763 2866 2188 3
1764 2904 2188 3
1765 3004 2188 3
1766 3117 2188 3
1767 3118 2188 3
1768 2926 2188 3
1769 2917 2188 3
1770 2884 2188 3
1771 2804 2188 3
1772 2561 2188 3
1773 2488 2188 3
1774 2449 2188 3
1775 2444 2188 3
1776 2230 2188 3
1777 2238 2188 3
1778 2230 2188 3
1779 2259 2188 3
1780 2312 2188 3
1781 2259 2188 3
1782 2323 2188 3
1783 2304 2188 3
1784 2310 2188 3
1785 2302 2188 3
1786 2238 2188 3
1787 2259 2188 3
1788 2238 2188 3
1789 2302 2188 3
1790 2310 2188 3
1791 2302 2188 3
1792 2310 2188 3
1793 2399 2188 3
1794 2457 2188 3
1795 2399 2188 3
1796 2501 2188 3
1797 2501 2188 3
1798 2504 2188 3
1799 2510 2188 3
1800 2495 2188 3
1801 2450 2188 3
1802 2429 2188 3
1803 2429 2188 3
1804 2327 2188 3
1805 2319 2188 3
1806 2327 2188 3
1807 2347 2188 3
1808 2368 2188 3
1809 2391 2188 3
1810 2393 2188 3
1811 2348 2188 3
1812 2401 2188 3
1813 2348 2188 3
1814 2412 2188 3
1815 2348 2188 3
1816 2412 2188 3
1817 2399 2188 3
1818 2501 2188 3
1819 2497 2188 3
1820 2468 2188 3
1821 2489 2188 3
1822 2481 2188 3
1823 2489 2188 3
1824 2468 2188 3
1825 2589 2188 3
1826 2569 2188 3
1827 2667 2188 3
1828 2408 2188 3
1829 2379 2188 3
1830 2373 2188 3
1831 2379 2188 3
1832 2400 2188 3
1833 2392 2188 3
1834 2400 2188 3
1835 2379 2188 3
1836 2408 2188 3
1837 2379 2188 3
1838 2500 2188 3
1839 2624 2188 3
1840 2627 2188 3
1841 2624 2188 3
1842 2500 2188 3
1843 2379 2188 3
1844 2548 2188 3
1845 2379 2188 3
1846 2553 2188 3
1847 2642 2188 3
1848 2714 2188 3
1849 2822 2188 3
1850 2928 2188 3
1851 2911 2188 3
1852 2911 2188 3
1853 2915 2188 3
1855 2923 2188 3
1857 3065 2188 3
1858 3051 2188 3
1859 3047 2188 3
1860 3080 2188 3
Customer 1: 20
B1 ID: 35 D1 ID: 37
Customer 2: 15
B2 ID: 20 D2 ID: 21
-----
Route 1 Before: 50,20,35,25,11,13,4,31,17,26,50
Route 2 Before: 50,20,35,25,11,13,4,31,17,26,50
-----
---------
Route 1 After: 50,21,37,25,11,13,4,31,17,26,50
Route 2 After: 50,21,37,25,11,13,4,31,17,26,50
---------
Priority swap cost contribution: -248
1861 2832 2188 3
1862 2702 2188 3
1863 2669 2188 3
1864 2639 2188 3
1865 2645 2188 3
1866 2639 2188 3
1867 2653 2188 3
1868 2693 2188 3
1869 2693 2188 3
1870 2857 2188 3
1871 2693 2188 3
1872 2857 2188 3
1873 2728 2188 3
1874 2646 2188 3
1875 2593 2188 3
1876 2554 2188 3
1877 2546 2188 3
1878 2538 2188 3
1879 2534 2188 3
1880 2542 2188 3
1881 2534 2188 3
1882 2550 2188 3
1883 2534 2188 3
1884 2550 2188 3
1885 2550 2188 3
1886 2578 2188 3
1887 2578 2188 3
1888 2578 2188 3
1889 2578 2188 3
1890 2575 2188 3
1891 2611 2188 3
1892 2641 2188 3
1893 2605 2188 3
1894 2575 2188 3
1895 2575 2188 3
1896 2601 2188 3
1897 2575 2188 3
1898 2604 2188 3
1899 2630 2188 3
1900 2634 2188 3
1901 2687 2188 3
1902 2634 2188 3
1903 2689 2188 3
1904 2664 2188 3
1905 2693 2188 3
1906 2760 2188 3
1907 2693 2188 3
1908 2760 2188 3
1909 2807 2188 3
1910 2844 2188 3
1911 2872 2188 3
1912 2767 2188 3
1913 2872 2188 3
1914 2825 2188 3
1915 2915 2188 3
1916 2889 2188 3
1917 2867 2188 3
1918 2845 2188 3
1919 2830 2188 3
1920 2829 2188 3
1921 2830 2188 3
1922 2829 2188 3
1923 2830 2188 3
1924 2857 2188 3
1925 2926 2188 3
1926 3004 2188 3
1927 3017 2188 3
1928 3073 2188 3
1929 3017 2188 3
1930 3073 2188 3
1931 3052 2188 3
1932 3107 2188 3
1933 2926 2188 3
1934 3027 2188 3
1935 2926 2188 3
1936 3027 2188 3
1937 3160 2188 3
1938 3231 2188 3
1939 3211 2188 3
1940 3261 2188 3
1941 3211 2188 3
1942 3285 2188 3
1943 3281 2188 3
1944 3321 2188 3
1945 3217 2188 3
1946 3186 2188 3
1947 3187 2188 3
1948 3240 2188 3
1949 3323 2188 3
1950 3186 2188 3
1951 3085 2188 3
1952 3002 2188 3
1953 2933 2188 3
1954 2914 2188 3
1955 2914 2188 3
1956 2874 2188 3
1957 2893 2188 3
1958 2874 2188 3
1959 2914 2188 3
1960 2914 2188 3
1961 2943 2188 3
1962 2918 2188 3
1963 2933 2188 3
1964 2905 2188 3
1965 2848 2188 3
1966 2848 2188 3
1967 2848 2188 3
1968 2848 2188 3
1969 2861 2188 3
1970 2877 2188 3
1971 2890 2188 3
1972 2861 2188 3
1973 2875 2188 3
1974 2875 2188 3
1975 2785 2188 3
1976 2801 2188 3
1977 2785 2188 3
1978 2804 2188 3
1979 2785 2188 3
1980 2811 2188 3
1981 2811 2188 3
1982 2821 2188 3
1983 2811 2188 3
1984 2841 2188 3
1985 2840 2188 3
1986 2814 2188 3
1987 2840 2188 3
1988 2840 2188 3
1989 2827 2188 3
1990 2798 2188 3
1991 2772 2188 3
1992 2772 2188 3
1993 2768 2188 3
1994 2646 2188 3
1995 2646 2188 3
1996 2645 2188 3
1997 2646 2188 3
1998 2646 2188 3
1999 2659 2188 3
2000 2675 2188 3
2001 2694 2188 3
2002 2675 2188 3
2003 2701 2188 3
2004 2672 2188 3
2005 2646 2188 3
2006 2659 2188 3
2007 2678 2188 3
2008 2659 2188 3
2009 2685 2188 3
2010 2715 2188 3
2011 2673 2188 3
2012 2620 2188 3
2013 2594 2188 3
2014 2558 2188 3
2015 2558 2188 3
2016 2557 2188 3
2017 2558 2188 3
2018 2557 2188 3
2019 2558 2188 3
2020 2557 2188 3
2022 2548 2188 3
2023 2552 2188 3
2024 2548 2188 3
2025 2552 2188 3
2026 2548 2188 3
2027 2552 2188 3
2028 2548 2188 3
2029 2574 2188 3
2030 2548 2188 3
2031 2574 2188 3
2032 2548 2188 3
2033 2577 2188 3
2034 2607 2188 3
2035 2641 2188 3
2036 2607 2188 3
2037 2641 2188 3
2038 2616 2188 3
2039 2587 2188 3
2040 2588 2188 3
2041 2558 2188 3
2042 2588 2188 3
2043 2558 2188 3
2044 2594 2188 3
2045 2558 2188 3
2046 2594 2188 3
2047 2558 2188 3
2048 2606 2188 3
2049 2558 2188 3
2050 2606 2188 3
2051 2558 2188 3
2052 2611 2188 3
2053 2558 2188 3
2054 2658 2188 3
2055 2582 2188 3
2056 2557 2188 3
2057 2523 2188 3
2058 2523 2188 3
2059 2523 2188 3
2060 2523 2188 3
2061 2523 2188 3
2062 2524 2188 3
2063 2523 2188 3
2064 2524 2188 3
2065 2560 2188 3
2066 2524 2188 3
2067 2606 2188 3
2068 2695 2188 3
2069 2589 2188 3
2070 2507 2188 3
2071 2506 2188 3
2072 2507 2188 3
2073 2506 2188 3
2074 2507 2188 3
2075 2541 2188 3
2076 2507 2188 3
2077 2541 2188 3
2078 2583 2188 3
2079 2685 2188 3
2080 2583 2188 3
2081 2703 2188 3
2082 2583 2188 3
2083 2703 2188 3
2084 2583 2188 3
2085 2718 2188 3
2086 2754 2188 3
2087 2583 2188 3
2088 2718 2188 3
2089 2754 2188 3
2090 2818 2188 3
2091 2752 2188 3
2092 2581 2188 3
2093 2593 2188 3
2094 2657 2188 3
2095 2593 2188 3
2096 2718 2188 3
2097 2792 2188 3
2098 2784 2188 3
2099 2718 2188 3
2100 2580 2188 3
2101 2510 2188 3
2102 2506 2188 3
2103 2506 2188 3
2104 2507 2188 3
2105 2506 2188 3
2106 2507 2188 3
2107 2536 2188 3
2108 2570 2188 3
2109 2571 2188 3
2110 2540 2188 3
2111 2571 2188 3
2112 2570 2188 3
2113 2585 2188 3
2114 2570 2188 3
2115 2585 2188 3
2116 2611 2188 3
2117 2653 2188 3
2118 2706 2188 3
2119 2653 2188 3
2120 2756 2188 3
2121 2653 2188 3
2122 2756 2188 3
2123 2784 2188 3
2124 2820 2188 3
2125 2865 2188 3
2126 2824 2188 3
2127 2872 2188 3
2128 2824 2188 3
2129 2872 2188 3
2130 2836 2188 3
2131 2835 2188 3
2132 2755 2188 3
2133 2756 2188 3
2134 2653 2188 3
2135 2627 2188 3
2136 2656 2188 3
2137 2682 2188 3
2138 2694 2188 3
2139 2739 2188 3
2140 2675 2188 3
2141 2760 2188 3
2142 2804 2188 3
2143 2663 2188 3
2144 2675 2188 3
2145 2622 2188 3
2146 2610 2188 3
2147 2540 2188 3
2148 2593 2188 3
2149 2540 2188 3
2150 2593 2188 3
2151 2540 2188 3
2152 2610 2188 3
2153 2622 2188 3
2154 2637 2188 3
2155 2608 2188 3
2156 2596 2188 3
2157 2608 2188 3
2158 2637 2188 3
2159 2701 2188 3
2160 2637 2188 3
2161 2701 2188 3
2162 2707 2188 3
2164 2932 2188 3
2165 2707 2188 3
2166 2821 2188 3
2167 2923 2188 3
2168 2821 2188 3
2169 2923 2188 3
2170 2879 2188 3
2171 2725 2188 3
2172 2894 2188 3
2173 2839 2188 3
2174 3064 2188 3
2175 2902 2188 3
2176 2770 2188 3
2177 2761 2188 3
2178 2761 2188 3
2179 2762 2188 3
2180 2761 2188 3
2181 2761 2188 3
2182 2767 2188 3
2183 2692 2188 3
2184 2684 2188 3
2185 2453 2188 3
2186 2461 2188 3
2187 2453 2188 3
2188 2506 2188 3
2189 2453 2188 3
2190 2508 2188 3
2191 2339 2188 3
2192 2347 2188 3
2193 2339 2188 3
2194 2392 2188 3
2195 2339 2188 3
2196 2405 2188 3
2197 2335 2188 3
2198 2343 2188 3
2199 2335 2188 3
2200 2388 2188 3
2201 2335 2188 3
2202 2405 2188 3
2203 2434 2188 3
2204 2500 2188 3
2205 2575 2188 3
2206 2443 2188 3
2207 2394 2188 3
2208 2443 2188 3
2209 2414 2188 3
2210 2339 2188 3
2211 2414 2188 3
2212 2414 2188 3
2213 2592 2188 3
2214 2414 2188 3
2215 2592 2188 3
2216 2571 2188 3
2217 2580 2188 3
2218 2449 2188 3
2219 2347 2188 3
2220 2339 2188 3
2221 2347 2188 3
2222 2387 2188 3
2223 2347 2188 3
2224 2387 2188 3
2225 2461 2188 3
2226 2563 2188 3
2227 2757 2188 3
2228 2949 2188 3
2229 2781 2188 3
2230 2913 2188 3
2231 3043 2188 3
2232 3243 2188 3
2233 3242 2188 3
2234 2941 2188 3
2235 3043 2188 3
2236 3047 2188 3
2237 3056 2188 3
2238 3175 2188 3
2239 3191 2188 3
2240 3293 2188 3
2241 3415 2188 3
2242 3408 2188 3
2243 3429 2188 3
2244 3482 2188 3
2245 3341 2188 3
2246 3288 2188 3
2247 3315 2188 3
2248 3288 2188 3
2249 3408 2188 3
2250 3216 2188 3
2251 2950 2188 3
2252 2904 2188 3
2253 2890 2188 3
2254 2651 2188 3
2255 2655 2188 3
2256 2651 2188 3
2257 2655 2188 3
2258 2664 2188 3
2259 2655 2188 3
2260 2682 2188 3
2261 2655 2188 3
2262 2685 2188 3
2263 2738 2188 3
2264 2791 2188 3
2265 2717 2188 3
2266 2691 2188 3
2267 2638 2188 3
2268 2598 2188 3
2269 2479 2188 3
2270 2449 2188 3
2271 2449 2188 3
2272 2347 2188 3
2273 2339 2188 3
2274 2347 2188 3
2275 2368 2188 3
2276 2391 2188 3
2277 2444 2188 3
2278 2391 2188 3
2279 2461 2188 3
2280 2391 2188 3
2281 2461 2188 3
2282 2563 2188 3
2283 2563 2188 3
2284 2489 2188 3
2285 2449 2188 3
2286 2470 2188 3
2287 2471 2188 3
2288 2470 2188 3
2289 2449 2188 3
2290 2489 2188 3
2291 2563 2188 3
2292 2662 2188 3
2293 2766 2188 3
2294 2739 2188 3
2295 2722 2188 3
2296 2759 2188 3
2297 2655 2188 3
2298 2514 2188 3
2299 2624 2188 3
2300 2677 2188 3
2301 2624 2188 3
2302 2682 2188 3
2303 2624 2188 3
2304 2682 2188 3
2305 2697 2188 3
2306 2667 2188 3
2307 2697 2188 3
2308 2667 2188 3
2309 2721 2188 3
2310 2667 2188 3
2311 2734 2188 3
2312 2733 2188 3
2313 2663 2188 3
2314 2693 2188 3
2315 2663 2188 3
2316 2717 2188 3
2317 2663 2188 3
2318 2733 2188 3
2319 2799 2188 3
2320 2877 2188 3
2321 2820 2188 3
2322 2820 2188 3
2323 2868 2188 3
2324 2910 2188 3
2325 2774 2188 3
2326 2728 2188 3
2327 2709 2188 3
2328 2709 2188 3
2329 2707 2188 3
2330 2665 2188 3
2331 2665 2188 3
2332 2665 2188 3
2333 2665 2188 3
2334 2665 2188 3
2335 2665 2188 3
2336 2665 2188 3
2337 2665 2188 3
2338 2665 2188 3
2339 2678 2188 3
2340 2694 2188 3
2341 2694 2188 3
2342 2690 2188 3
2343 2709 2188 3
2344 2690 2188 3
2345 2724 2188 3
2346 2690 2188 3
2347 2724 2188 3
2348 2725 2188 3
2349 2724 2188 3
2350 2766 2188 3
2351 2812 2188 3
2352 2797 2188 3
2353 2810 2188 3
2354 2816 2188 3
2355 2864 2188 3
2356 2816 2188 3
2357 2851 2188 3
2358 2899 2188 3
2359 2948 2188 3
2360 2810 2188 3
2361 2863 2188 3
2362 2810 2188 3
2363 2863 2188 3
2364 2843 2188 3
2365 2943 2188 3
2366 2827 2188 3
2367 2774 2188 3
2368 2736 2188 3
2369 2683 2188 3
2370 2654 2188 3
2371 2640 2188 3
2372 2454 2188 3
2373 2459 2188 3
2374 2454 2188 3
2375 2468 2188 3
2376 2476 2188 3
2377 2529 2188 3
2378 2476 2188 3
2379 2556 2188 3
2380 2382 2188 3
2381 2374 2188 3
2382 2382 2188 3
2383 2403 2188 3
2384 2456 2188 3
2385 2403 2188 3
2386 2492 2188 3
2388 2574 2188 3
2389 2664 2188 3
2390 2574 2188 3
2391 2668 2188 3
2392 2770 2188 3
2393 2770 2188 3
2394 2772 2188 3
2395 2797 2188 3
2396 2954 2188 3
2397 2797 2188 3
2398 2954 2188 3
2399 2952 2188 3
2400 2805 2188 3
2401 2697 2188 3
2402 2659 2188 3
2403 2659 2188 3
2404 2423 2188 3
2405 2321 2188 3
2406 2329 2188 3
2407 2321 2188 3
2408 2350 2188 3
2409 2403 2188 3
2410 2350 2188 3
2411 2452 2188 3
2412 2452 2188 3
2413 2431 2188 3
2414 2452 2188 3
2415 2452 2188 3
2416 2551 2188 3
2417 2551 2188 3
2418 2652 2188 3
2419 2779 2188 3
2420 2663 2188 3
2421 2634 2188 3
2422 2530 2188 3
2423 2634 2188 3
2424 2633 2188 3
2425 2590 2188 3
2426 2627 2188 3
2427 2523 2188 3
2428 2537 2188 3
2429 2523 2188 3
2430 2538 2188 3
2431 2523 2188 3
2432 2538 2188 3
2433 2603 2188 3
2434 2588 2188 3
2435 2614 2188 3
2436 2640 2188 3
2437 2710 2188 3
2438 2766 2188 3
2439 2740 2188 3
2440 2784 2188 3
2441 2766 2188 3
2442 2740 2188 3
2443 2719 2188 3
2444 2711 2188 3
2445 2578 2188 3
2446 2590 2188 3
2447 2537 2188 3
2448 2523 2188 3
2449 2537 2188 3
2450 2590 2188 3
2451 2537 2188 3
2452 2643 2188 3
2453 2550 2188 3
2454 2551 2188 3
2455 2550 2188 3
2456 2554 2188 3
2457 2546 2188 3
2458 2554 2188 3
2459 2546 2188 3
2460 2659 2188 3
2461 2676 2188 3
2462 2546 2188 3
2463 2659 2188 3
2464 2546 2188 3
2465 2676 2188 3
2466 2727 2188 3
2467 2821 2188 3
2468 2984 2188 3
2469 2980 2188 3
2470 2955 2188 3
2471 2956 2188 3
2472 2984 2188 3
2473 2984 2188 3
2474 2847 2188 3
2475 2615 2188 3
2476 2579 2188 3
2477 2571 2188 3
2478 2562 2188 3
2479 2566 2188 3
2480 2566 2188 3
2481 2562 2188 3
2482 2566 2188 3
2483 2566 2188 3
2484 2566 2188 3
2485 2571 2188 3
2486 2579 2188 3
2487 2554 2188 3
2488 2546 2188 3
2489 2538 2188 3
2490 2534 2188 3
2491 2542 2188 3
2492 2534 2188 3
2493 2550 2188 3
2494 2534 2188 3
2495 2550 2188 3
2496 2550 2188 3
2497 2580 2188 3
2498 2551 2188 3
2499 2550 2188 3
2500 2551 2188 3
2501 2582 2188 3
2502 2551 2188 3
2503 2587 2188 3
2504 2551 2188 3
2505 2590 2188 3
2506 2551 2188 3
2507 2604 2188 3
2508 2657 2188 3
2509 2604 2188 3
2510 2657 2188 3
2511 2706 2188 3
2512 2768 2188 3
2513 2802 2188 3
2514 2827 2188 3
2515 2722 2188 3
2516 2739 2188 3
2517 2838 2188 3
2518 2739 2188 3
2519 2886 2188 3
2520 2862 2188 3
2521 2868 2188 3
2522 2721 2188 3
2523 2720 2188 3
2524 2484 2188 3
2525 2382 2188 3
2526 2329 2188 3
2527 2321 2188 3
2528 2329 2188 3
2529 2350 2188 3
2530 2403 2188 3
2531 2505 2188 3
2532 2403 2188 3
2533 2505 2188 3
2534 2505 2188 3
2535 2505 2188 3
2536 2505 2188 3
2537 2506 2188 3
2538 2484 2188 3
2539 2583 2188 3
2540 2484 2188 3
2541 2603 2188 3
2542 2603 2188 3
2543 2484 2188 3
2544 2382 2188 3
2545 2484 2188 3
2546 2623 2188 3
2547 2484 2188 3
2548 2623 2188 3
2549 2710 2188 3
2550 2431 2188 3
2551 2329 2188 3
2552 2321 2188 3
2553 2329 2188 3
2554 2350 2188 3
2555 2403 2188 3
2556 2350 2188 3
2557 2452 2188 3
2558 2350 2188 3
2559 2452 2188 3
2560 2452 2188 3
2561 2452 2188 3
2562 2452 2188 3
2563 2453 2188 3
2564 2431 2188 3
2565 2530 2188 3
2566 2431 2188 3
2567 2550 2188 3
2568 2550 2188 3
2569 2656 2188 3
2570 2478 2188 3
2571 2329 2188 3
2572 2350 2188 3
2573 2452 2188 3
2574 2350 2188 3
2575 2478 2188 3
2576 2507 2188 3
Priority 1: 0.8
Priority 2: 0.96
///////////////////
Feasible
Solution Cost: 2188
--------------
Route 0:

LOCATION | CUSTOMER
0 1000
27 18
27 21
27 2
27 19
8 12
0 1000
Max capacity: 150 Load:71
--------------
--------------
Route 1:

LOCATION | CUSTOMER
0 1000
16 20
2 6
28 23
28 3
28 0
28 1
3 7
20 22
4 8
26 13
0 1000
Max capacity: 150 Load:140
--------------
--------------
Route 2:

LOCATION | CUSTOMER
0 1000
1 5
30 16
26 14
26 24
29 15
29 11
29 4
29 17
29 10
5 9
0 1000
Max capacity: 150 Load:150
--------------
Solution Cost: 2188
Priority 1: 0.8
Priority 2: 0.96
///////////////////
Restart: 6
0 3738 1.7976931348623157E+308 0
1 3461 1.7976931348623157E+308 0
2 3298 1.7976931348623157E+308 0
3 3224 1.7976931348623157E+308 0
4 2964 1.7976931348623157E+308 0
5 2951 1.7976931348623157E+308 0
6 2871 1.7976931348623157E+308 0
7 2869 1.7976931348623157E+308 0
8 2865 1.7976931348623157E+308 0
9 2810 1.7976931348623157E+308 0
10 2783 1.7976931348623157E+308 0
11 2782 2782 3 flip
11 2782 2782 3
12 2782 2782 3
13 2782 2782 3
14 2784 2782 3
15 2786 2782 3
16 2764 2764 3 swap
16 2764 2764 3
17 2764 2764 3
18 2704 2704 3 two opt
18 2704 2704 3
19 2658 2658 3 relocate
19 2658 2658 3
20 2658 2658 3
21 2658 2658 3
22 2662 2658 3
23 2671 2658 3
24 2683 2658 3
25 2610 2610 3 relocate
25 2610 2610 3
26 2601 2601 3 swap
26 2601 2601 3
27 2597 2597 3 swap
27 2597 2597 3
28 2601 2597 3
29 2601 2597 3
30 2605 2597 3
31 2628 2597 3
32 2605 2597 3
33 2660 2597 3
34 2605 2597 3
35 2660 2597 3
36 2605 2597 3
37 2687 2597 3
38 2569 2569 3 two opt
38 2569 2569 3
39 2551 2551 3 two opt
39 2551 2551 3
40 2538 2538 3 swap
40 2538 2538 3
41 2538 2538 3
42 2534 2534 3 relocate
42 2534 2534 3
43 2547 2534 3
44 2534 2534 3
45 2550 2534 3
46 2525 2525 3 two opt
46 2525 2525 3
47 2503 2503 3 relocate
47 2503 2503 3
48 2468 2468 3 relocate
48 2468 2468 3
49 2437 2437 3 relocate
49 2437 2437 3
50 2437 2437 3
51 2437 2437 3
52 2456 2437 3
53 2502 2437 3
54 2456 2437 3
55 2502 2437 3
56 2544 2437 3
57 2517 2437 3
58 2530 2437 3
59 2537 2437 3
60 2560 2437 3
61 2537 2437 3
62 2560 2437 3
63 2540 2437 3
64 2517 2437 3
65 2530 2437 3
66 2553 2437 3
67 2583 2437 3
68 2582 2437 3
69 2584 2437 3
70 2623 2437 3
71 2584 2437 3
72 2668 2437 3
73 2765 2437 3
74 2806 2437 3
75 2688 2437 3
76 2604 2437 3
77 2584 2437 3
78 2561 2437 3
79 2542 2437 3
80 2540 2437 3
81 2498 2437 3
82 2437 2437 3
83 2437 2437 3
84 2456 2437 3
85 2437 2437 3
86 2483 2437 3
87 2437 2437 3
88 2508 2437 3
89 2508 2437 3
90 2437 2437 3
91 2437 2437 3
92 2437 2437 3
93 2483 2437 3
94 2528 2437 3
95 2508 2437 3
96 2554 2437 3
97 2508 2437 3
98 2554 2437 3
99 2539 2437 3
100 2574 2437 3
101 2650 2437 3
102 2574 2437 3
103 2650 2437 3
104 2654 2437 3
105 2692 2437 3
106 2654 2437 3
107 2713 2437 3
108 2558 2437 3
109 2529 2437 3
110 2531 2437 3
111 2525 2437 3
112 2531 2437 3
113 2551 2437 3
114 2576 2437 3
115 2580 2437 3
116 2576 2437 3
117 2580 2437 3
118 2677 2437 3
119 2689 2437 3
120 2634 2437 3
121 2711 2437 3
122 2634 2437 3
123 2738 2437 3
124 2731 2437 3
125 2852 2437 3
126 2788 2437 3
127 2821 2437 3
128 2788 2437 3
129 2833 2437 3
130 2702 2437 3
131 2705 2437 3
132 2812 2437 3
133 2883 2437 3
134 2874 2437 3
135 2976 2437 3
136 2722 2437 3
137 2855 2437 3
138 2918 2437 3
139 2855 2437 3
140 2977 2437 3
141 2969 2437 3
142 2838 2437 3
143 2909 2437 3
144 2917 2437 3
145 2894 2437 3
146 2875 2437 3
147 2881 2437 3
148 2692 2437 3
149 2724 2437 3
150 2620 2437 3
151 2617 2437 3
152 2617 2437 3
153 2585 2437 3
154 2588 2437 3
155 2585 2437 3
156 2608 2437 3
157 2585 2437 3
158 2617 2437 3
159 2640 2437 3
160 2695 2437 3
161 2640 2437 3
162 2695 2437 3
163 2640 2437 3
164 2695 2437 3
165 2706 2437 3
166 2633 2437 3
167 2695 2437 3
168 2633 2437 3
169 2715 2437 3
170 2707 2437 3
171 2714 2437 3
172 2803 2437 3
173 2738 2437 3
174 2673 2437 3
175 2569 2437 3
176 2572 2437 3
177 2569 2437 3
178 2572 2437 3
179 2569 2437 3
180 2579 2437 3
181 2570 2437 3
182 2576 2437 3
183 2599 2437 3
184 2576 2437 3
185 2599 2437 3
186 2654 2437 3
187 2700 2437 3
188 2791 2437 3
189 2802 2437 3
190 2892 2437 3
191 2779 2437 3
192 2768 2437 3
193 2779 2437 3
194 2768 2437 3
195 2779 2437 3
196 2828 2437 3
197 2779 2437 3
198 2885 2437 3
199 2779 2437 3
200 2896 2437 3
201 2796 2437 3
202 2760 2437 3
203 2753 2437 3
204 2760 2437 3
205 2796 2437 3
206 2896 2437 3
207 2888 2437 3
208 2962 2437 3
209 2873 2437 3
210 2858 2437 3
211 2932 2437 3
212 2945 2437 3
213 2966 2437 3
214 2956 2437 3
215 2945 2437 3
216 2956 2437 3
217 2901 2437 3
218 2974 2437 3
219 2972 2437 3
220 2966 2437 3
221 2993 2437 3
222 2995 2437 3
223 2885 2437 3
224 2864 2437 3
225 2811 2437 3
226 2781 2437 3
227 2758 2437 3
228 2745 2437 3
229 2736 2437 3
230 2736 2437 3
231 2710 2437 3
232 2589 2437 3
233 2433 2433 3 relocate
233 2433 2433 3
234 2438 2433 3
235 2432 2432 3 two opt
235 2432 2432 3
236 2431 2431 3 swap
236 2431 2431 3
237 2444 2431 3
238 2431 2431 3
239 2450 2431 3
240 2458 2431 3
241 2471 2431 3
242 2500 2431 3
243 2352 2352 3 two opt
243 2352 2352 3
244 2331 2331 3 swap
244 2331 2331 3
245 2315 2315 3 two opt
245 2315 2315 3
246 2259 2259 3 two opt
246 2259 2259 3
247 2260 2259 3
248 2259 2259 3
249 2280 2259 3
250 2333 2259 3
251 2280 2259 3
252 2336 2259 3
253 2280 2259 3
254 2401 2259 3
255 2352 2259 3
256 2469 2259 3
257 2602 2259 3
258 2469 2259 3
259 2602 2259 3
260 2704 2259 3
261 2639 2259 3
262 2602 2259 3
263 2731 2259 3
264 2730 2259 3
265 2730 2259 3
266 2594 2259 3
267 2461 2259 3
268 2332 2259 3
269 2416 2259 3
270 2416 2259 3
271 2387 2259 3
272 2416 2259 3
273 2387 2259 3
274 2463 2259 3
275 2463 2259 3
276 2552 2259 3
277 2456 2259 3
278 2456 2259 3
279 2381 2259 3
280 2503 2259 3
281 2381 2259 3
282 2503 2259 3
283 2605 2259 3
284 2614 2259 3
285 2456 2259 3
286 2555 2259 3
287 2456 2259 3
288 2604 2259 3
289 2744 2259 3
290 2615 2259 3
291 2677 2259 3
292 2783 2259 3
293 2677 2259 3
294 2783 2259 3
295 2605 2259 3
296 2603 2259 3
297 2605 2259 3
298 2605 2259 3
299 2571 2259 3
300 2495 2259 3
301 2495 2259 3
302 2404 2259 3
303 2302 2259 3
304 2321 2259 3
305 2302 2259 3
306 2355 2259 3
307 2302 2259 3
308 2365 2259 3
309 2391 2259 3
310 2365 2259 3
311 2438 2259 3
312 2404 2259 3
313 2517 2259 3
314 2597 2259 3
315 2590 2259 3
316 2404 2259 3
317 2535 2259 3
318 2404 2259 3
319 2302 2259 3
320 2404 2259 3
321 2503 2259 3
322 2635 2259 3
323 2729 2259 3
324 2503 2259 3
325 2672 2259 3
326 2549 2259 3
327 2619 2259 3
328 2549 2259 3
329 2679 2259 3
330 2624 2259 3
331 2805 2259 3
332 2624 2259 3
333 2818 2259 3
334 2814 2259 3
335 2818 2259 3
336 3044 2259 3
337 3160 2259 3
338 3141 2259 3
339 3233 2259 3
340 3111 2259 3
341 3235 2259 3
342 3111 2259 3
343 3222 2259 3
344 3211 2259 3
345 3211 2259 3
346 3286 2259 3
347 3297 2259 3
348 3449 2259 3
349 3629 2259 3
350 3580 2259 3
351 3551 2259 3
352 3547 2259 3
353 3547 2259 3
354 3459 2259 3
355 3368 2259 3
356 3319 2259 3
357 3333 2259 3
358 3332 2259 3
359 3349 2259 3
360 3374 2259 3
361 3349 2259 3
362 3398 2259 3
363 3427 2259 3
364 3398 2259 3
365 3456 2259 3
366 3526 2259 3
367 3465 2259 3
368 3493 2259 3
369 3525 2259 3
370 3435 2259 3
371 3439 2259 3
372 3349 2259 3
373 3274 2259 3
374 3270 2259 3
375 3107 2259 3
376 2979 2259 3
377 2878 2259 3
378 2763 2259 3
379 2705 2259 3
380 2648 2259 3
381 2612 2259 3
382 2579 2259 3
383 2554 2259 3
384 2550 2259 3
385 2551 2259 3
386 2550 2259 3
387 2551 2259 3
388 2550 2259 3
389 2551 2259 3
390 2555 2259 3
391 2551 2259 3
392 2579 2259 3
393 2575 2259 3
394 2579 2259 3
395 2608 2259 3
396 2639 2259 3
397 2608 2259 3
398 2638 2259 3
399 2653 2259 3
400 2623 2259 3
401 2624 2259 3
402 2623 2259 3
403 2662 2259 3
404 2623 2259 3
405 2669 2259 3
406 2681 2259 3
407 2657 2259 3
408 2641 2259 3
409 2679 2259 3
410 2552 2259 3
411 2499 2259 3
412 2473 2259 3
413 2477 2259 3
414 2473 2259 3
415 2478 2259 3
416 2486 2259 3
417 2461 2259 3
418 2453 2259 3
419 2445 2259 3
420 2449 2259 3
421 2445 2259 3
422 2453 2259 3
423 2457 2259 3
424 2398 2259 3
425 2395 2259 3
426 2398 2259 3
427 2412 2259 3
428 2465 2259 3
429 2412 2259 3
430 2501 2259 3
431 2603 2259 3
432 2624 2259 3
433 2575 2259 3
434 2561 2259 3
435 2575 2259 3
436 2683 2259 3
437 2814 2259 3
438 2963 2259 3
439 2683 2259 3
440 2721 2259 3
441 2594 2259 3
442 2541 2259 3
443 2515 2259 3
444 2501 2259 3
445 2515 2259 3
446 2541 2259 3
447 2520 2259 3
448 2541 2259 3
449 2643 2259 3
450 2535 2259 3
451 2514 2259 3
452 2412 2259 3
453 2398 2259 3
454 2395 2259 3
455 2412 2259 3
456 2465 2259 3
457 2412 2259 3
458 2501 2259 3
459 2603 2259 3
460 2603 2259 3
461 2711 2259 3
462 2711 2259 3
463 2702 2259 3
464 2600 2259 3
465 2662 2259 3
466 2725 2259 3
467 2606 2259 3
468 2498 2259 3
469 2496 2259 3
470 2467 2259 3
471 2496 2259 3
472 2467 2259 3
473 2567 2259 3
474 2467 2259 3
475 2571 2259 3
476 2467 2259 3
477 2571 2259 3
478 2498 2259 3
479 2503 2259 3
480 2440 2259 3
481 2540 2259 3
482 2576 2259 3
483 2610 2259 3
484 2727 2259 3
485 2714 2259 3
486 2664 2259 3
487 2663 2259 3
488 2664 2259 3
489 2663 2259 3
490 2687 2259 3
491 2691 2259 3
492 2692 2259 3
493 2722 2259 3
494 2691 2259 3
495 2732 2259 3
496 2734 2259 3
497 2757 2259 3
498 2750 2259 3
499 2695 2259 3
500 2669 2259 3
501 2665 2259 3
502 2691 2259 3
503 2691 2259 3
504 2302 2259 3
505 2321 2259 3
506 2302 2259 3
507 2355 2259 3
508 2302 2259 3
509 2365 2259 3
510 2391 2259 3
511 2365 2259 3
512 2438 2259 3
513 2404 2259 3
514 2503 2259 3
515 2634 2259 3
516 2735 2259 3
517 2884 2259 3
518 2960 2259 3
519 2838 2259 3
520 2837 2259 3
521 2535 2259 3
522 2404 2259 3
523 2302 2259 3
524 2404 2259 3
525 2302 2259 3
526 2321 2259 3
527 2302 2259 3
528 2355 2259 3
529 2302 2259 3
530 2365 2259 3
531 2391 2259 3
532 2365 2259 3
533 2438 2259 3
534 2404 2259 3
535 2503 2259 3
536 2604 2259 3
537 2717 2259 3
538 2797 2259 3
539 2790 2259 3
540 2604 2259 3
541 2751 2259 3
542 2635 2259 3
543 2726 2259 3
544 2693 2259 3
545 2550 2259 3
546 2550 2259 3
547 2550 2259 3
548 2550 2259 3
549 2550 2259 3
550 2606 2259 3
551 2709 2259 3
552 2677 2259 3
553 2705 2259 3
554 2682 2259 3
555 2699 2259 3
556 2744 2259 3
557 2736 2259 3
558 2743 2259 3
559 2863 2259 3
560 2677 2259 3
561 2706 2259 3
562 2677 2259 3
563 2706 2259 3
564 2702 2259 3
565 2703 2259 3
566 2737 2259 3
567 2736 2259 3
568 2693 2259 3
569 2608 2259 3
570 2502 2259 3
571 2499 2259 3
572 2502 2259 3
573 2501 2259 3
574 2502 2259 3
575 2499 2259 3
576 2503 2259 3
577 2499 2259 3
578 2503 2259 3
579 2556 2259 3
580 2503 2259 3
581 2604 2259 3
582 2630 2259 3
583 2469 2259 3
584 2343 2259 3
585 2271 2259 3
586 2271 2259 3
587 2196 2196 3 relocate
587 2196 2196 3
588 2188 2188 3 swap
588 2188 2188 3
589 2196 2188 3
590 2249 2188 3
591 2196 2188 3
592 2265 2188 3
593 2196 2188 3
594 2265 2188 3
595 2259 2188 3
596 2188 2188 3
597 2259 2188 3
598 2308 2188 3
599 2263 2188 3
600 2188 2188 3
601 2196 2188 3
602 2217 2188 3
603 2270 2188 3
604 2217 2188 3
605 2286 2188 3
606 2217 2188 3
607 2286 2188 3
608 2335 2188 3
609 2292 2188 3
610 2263 2188 3
611 2259 2188 3
612 2230 2188 3
613 2259 2188 3
614 2230 2188 3
615 2259 2188 3
616 2332 2188 3
617 2259 2188 3
618 2332 2188 3
619 2332 2188 3
620 2361 2188 3
621 2450 2188 3
622 2470 2188 3
623 2569 2188 3
624 2670 2188 3
625 2801 2188 3
626 2942 2188 3
627 2921 2188 3
628 2912 2188 3
629 2941 2188 3
630 3108 2188 3
631 2925 2188 3
632 2896 2188 3
633 2925 2188 3
634 2948 2188 3
635 2948 2188 3
636 2904 2188 3
637 2904 2188 3
638 2887 2188 3
639 2879 2188 3
640 2765 2188 3
641 2878 2188 3
642 2765 2188 3
643 2878 2188 3
644 2878 2188 3
645 2594 2188 3
646 2578 2188 3
647 2600 2188 3
648 2663 2188 3
649 2663 2188 3
650 2692 2188 3
651 2732 2188 3
652 2692 2188 3
653 2758 2188 3
654 2688 2188 3
655 2659 2188 3
656 2510 2188 3
657 2580 2188 3
658 2581 2188 3
659 2580 2188 3
660 2595 2188 3
661 2580 2188 3
662 2646 2188 3
663 2654 2188 3
664 2580 2188 3
665 2646 2188 3
666 2654 2188 3
667 2721 2188 3
668 2825 2188 3
669 2960 2188 3
670 2996 2188 3
671 2825 2188 3
672 2960 2188 3
673 2996 2188 3
674 3062 2188 3
675 2930 2188 3
676 2759 2188 3
677 2655 2188 3
678 2514 2188 3
679 2452 2188 3
680 2448 2188 3
681 2449 2188 3
682 2448 2188 3
683 2449 2188 3
684 2448 2188 3
685 2449 2188 3
686 2464 2188 3
687 2449 2188 3
688 2464 2188 3
689 2492 2188 3
690 2491 2188 3
691 2476 2188 3
692 2448 2188 3
693 2470 2188 3
694 2448 2188 3
695 2452 2188 3
696 2448 2188 3
697 2452 2188 3
698 2502 2188 3
699 2555 2188 3
700 2502 2188 3
701 2604 2188 3
702 2676 2188 3
703 2623 2188 3
704 2649 2188 3
705 2502 2188 3
706 2612 2188 3
707 2502 2188 3
708 2623 2188 3
709 2721 2188 3
710 2856 2188 3
711 2892 2188 3
712 2721 2188 3
713 2856 2188 3
714 2892 2188 3
715 2982 2188 3
716 2954 2188 3
717 3076 2188 3
718 2855 2188 3
719 2908 2188 3
720 2980 2188 3
721 2908 2188 3
722 3035 2188 3
723 2682 2188 3
724 2676 2188 3
725 2682 2188 3
726 2676 2188 3
727 2682 2188 3
728 2704 2188 3
729 2707 2188 3
730 2704 2188 3
731 2817 2188 3
732 2889 2188 3
733 2817 2188 3
734 2939 2188 3
735 2837 2188 3
736 2901 2188 3
737 2837 2188 3
738 2926 2188 3
739 2837 2188 3
740 2926 2188 3
741 2951 2188 3
742 3046 2188 3
743 3040 2188 3
744 2895 2188 3
745 2787 2188 3
746 2674 2188 3
747 2646 2188 3
748 2590 2188 3
749 2596 2188 3
750 2590 2188 3
751 2567 2188 3
752 2567 2188 3
753 2567 2188 3
754 2567 2188 3
755 2567 2188 3
756 2570 2188 3
757 2567 2188 3
758 2570 2188 3
759 2589 2188 3
760 2632 2188 3
761 2589 2188 3
762 2632 2188 3
763 2637 2188 3
764 2650 2188 3
765 2645 2188 3
766 2591 2188 3
767 2564 2188 3
768 2564 2188 3
769 2591 2188 3
770 2591 2188 3
771 2645 2188 3
772 2602 2188 3
773 2564 2188 3
774 2564 2188 3
775 2564 2188 3
776 2602 2188 3
777 2666 2188 3
778 2770 2188 3
779 2872 2188 3
780 2874 2188 3
781 2821 2188 3
782 2815 2188 3
783 2821 2188 3
784 2815 2188 3
785 2821 2188 3
786 2918 2188 3
787 2774 2188 3
788 2761 2188 3
789 2774 2188 3
790 2768 2188 3
791 2774 2188 3
792 2657 2188 3
793 2710 2188 3
794 2657 2188 3
795 2710 2188 3
796 2657 2188 3
797 2746 2188 3
798 2657 2188 3
799 2763 2188 3
800 2614 2188 3
801 2421 2188 3
802 2276 2188 3
803 2295 2188 3
804 2276 2188 3
805 2302 2188 3
806 2276 2188 3
807 2302 2188 3
808 2355 2188 3
809 2302 2188 3
810 2391 2188 3
811 2493 2188 3
812 2463 2188 3
813 2404 2188 3
814 2411 2188 3
815 2457 2188 3
816 2621 2188 3
817 2701 2188 3
818 2621 2188 3
819 2790 2188 3
820 2554 2188 3
821 2624 2188 3
822 2554 2188 3
823 2624 2188 3
824 2784 2188 3
825 2554 2188 3
826 2450 2188 3
827 2348 2188 3
828 2290 2188 3
829 2343 2188 3
830 2290 2188 3
831 2348 2188 3
832 2418 2188 3
833 2348 2188 3
834 2450 2188 3
835 2549 2188 3
836 2650 2188 3
837 2649 2188 3
838 2348 2188 3
839 2471 2188 3
840 2302 2188 3
841 2321 2188 3
842 2302 2188 3
843 2404 2188 3
844 2302 2188 3
845 2404 2188 3
846 2411 2188 3
847 2457 2188 3
848 2601 2188 3
849 2765 2188 3
850 2845 2188 3
851 2838 2188 3
852 2891 2188 3
853 2874 2188 3
854 2959 2188 3
855 3019 2188 3
856 2874 2188 3
857 3004 2188 3
858 2951 2188 3
859 3004 2188 3
860 2874 2188 3
861 2959 2188 3
862 3019 2188 3
863 3105 2188 3
864 3149 2188 3
865 3216 2188 3
866 2986 2188 3
867 2771 2188 3
868 2763 2188 3
869 2643 2188 3
870 2449 2188 3
871 2385 2188 3
872 2377 2188 3
873 2385 2188 3
874 2406 2188 3
875 2508 2188 3
876 2406 2188 3
877 2508 2188 3
878 2406 2188 3
879 2534 2188 3
880 2385 2188 3
881 2449 2188 3
882 2385 2188 3
883 2449 2188 3
884 2451 2188 3
885 2457 2188 3
886 2626 2188 3
887 2571 2188 3
888 2814 2188 3
889 2810 2188 3
890 2811 2188 3
891 2571 2188 3
892 2773 2188 3
893 2773 2188 3
894 2765 2188 3
895 2792 2188 3
896 2907 2188 3
897 3053 2188 3
898 3059 2188 3
899 2907 2188 3
900 2673 2188 3
901 2673 2188 3
902 2571 2188 3
903 2624 2188 3
904 2571 2188 3
905 2626 2188 3
906 2457 2188 3
907 2510 2188 3
908 2457 2188 3
909 2520 2188 3
910 2457 2188 3
911 2559 2188 3
912 2457 2188 3
913 2606 2188 3
914 2457 2188 3
915 2449 2188 3
916 2385 2188 3
917 2377 2188 3
918 2385 2188 3
919 2406 2188 3
920 2451 2188 3
921 2457 2188 3
922 2451 2188 3
923 2457 2188 3
924 2559 2188 3
925 2559 2188 3
926 2658 2188 3
927 2759 2188 3
928 2886 2188 3
929 2770 2188 3
930 2743 2188 3
931 2726 2188 3
932 2743 2188 3
933 2764 2188 3
934 2760 2188 3
935 2698 2188 3
936 2725 2188 3
937 2698 2188 3
938 2743 2188 3
939 2777 2188 3
940 2690 2188 3
941 2657 2188 3
942 2661 2188 3
943 2634 2188 3
944 2505 2188 3
945 2498 2188 3
946 2499 2188 3
947 2498 2188 3
948 2494 2188 3
949 2499 2188 3
950 2503 2188 3
951 2556 2188 3
952 2605 2188 3
953 2503 2188 3
954 2604 2188 3
955 2630 2188 3
956 2469 2188 3
957 2415 2188 3
958 2416 2188 3
959 2407 2188 3
960 2407 2188 3
961 2407 2188 3
962 2407 2188 3
963 2432 2188 3
964 2259 2188 3
965 2230 2188 3
966 2238 2188 3
967 2259 2188 3
968 2288 2188 3
969 2259 2188 3
970 2288 2188 3
971 2341 2188 3
972 2288 2188 3
973 2360 2188 3
974 2364 2188 3
975 2286 2188 3
976 2217 2188 3
977 2188 2188 3
978 2196 2188 3
979 2217 2188 3
980 2270 2188 3
981 2217 2188 3
982 2286 2188 3
983 2335 2188 3
984 2292 2188 3
985 2217 2188 3
986 2286 2188 3
987 2335 2188 3
988 2424 2188 3
989 2455 2188 3
990 2426 2188 3
991 2434 2188 3
992 2426 2188 3
993 2435 2188 3
994 2513 2188 3
995 2473 2188 3
996 2469 2188 3
997 2440 2188 3
998 2497 2188 3
999 2440 2188 3
1000 2480 2188 3
1001 2440 2188 3
1002 2513 2188 3
1003 2440 2188 3
1004 2513 2188 3
1005 2513 2188 3
1006 2441 2188 3
1007 2470 2188 3
1008 2479 2188 3
1009 2449 2188 3
1010 2470 2188 3
1011 2569 2188 3
1012 2670 2188 3
1013 2801 2188 3
1014 2942 2188 3
1015 2971 2188 3
1016 3130 2188 3
1017 3260 2188 3
1018 3082 2188 3
1019 2941 2188 3
1020 2882 2188 3
1021 2991 2188 3
1022 2882 2188 3
1023 2991 2188 3
1024 3007 2188 3
1025 3050 2188 3
1026 3163 2188 3
1027 3156 2188 3
1028 2970 2188 3
1029 2813 2188 3
1030 2768 2188 3
1031 2795 2188 3
1032 2800 2188 3
1033 2795 2188 3
1034 2843 2188 3
1035 2843 2188 3
1036 2842 2188 3
1037 2815 2188 3
1038 2829 2188 3
1039 2815 2188 3
1040 2882 2188 3
1041 2815 2188 3
1042 2882 2188 3
1043 2881 2188 3
1044 2811 2188 3
1045 2838 2188 3
1046 2811 2188 3
1047 2838 2188 3
1048 2811 2188 3
1049 2855 2188 3
1050 2804 2188 3
1051 2789 2188 3
1052 2789 2188 3
1053 2778 2188 3
1054 2778 2188 3
1055 2778 2188 3
1056 2778 2188 3
1057 2778 2188 3
1058 2794 2188 3
1059 2778 2188 3
1060 2805 2188 3
1061 2801 2188 3
1062 2774 2188 3
1063 2774 2188 3
1064 2785 2188 3
1065 2785 2188 3
1066 2812 2188 3
1067 2816 2188 3
1068 2821 2188 3
1069 2777 2188 3
1070 2750 2188 3
1071 2750 2188 3
1072 2750 2188 3
1073 2688 2188 3
1074 2683 2188 3
1075 2699 2188 3
1076 2713 2188 3
1077 2683 2188 3
1078 2706 2188 3
1079 2683 2188 3
1080 2710 2188 3
1081 2683 2188 3
1082 2710 2188 3
1083 2683 2188 3
1084 2712 2188 3
1085 2567 2188 3
1086 2583 2188 3
1087 2567 2188 3
1088 2590 2188 3
1089 2567 2188 3
1090 2594 2188 3
1091 2567 2188 3
1092 2594 2188 3
1093 2590 2188 3
1094 2563 2188 3
1095 2579 2188 3
1096 2563 2188 3
1097 2586 2188 3
1098 2563 2188 3
1099 2590 2188 3
1100 2563 2188 3
1101 2590 2188 3
1102 2594 2188 3
1103 2599 2188 3
1104 2628 2188 3
1105 2615 2188 3
1106 2586 2188 3
1107 2559 2188 3
1108 2531 2188 3
1109 2508 2188 3
1110 2531 2188 3
1111 2553 2188 3
1112 2553 2188 3
1113 2464 2188 3
1114 2442 2188 3
1115 2419 2188 3
1116 2442 2188 3
1117 2464 2188 3
1118 2470 2188 3
1119 2470 2188 3
1120 2512 2188 3
1121 2490 2188 3
1122 2414 2188 3
1123 2414 2188 3
1124 2414 2188 3
1125 2414 2188 3
1126 2414 2188 3
1127 2422 2188 3
1128 2271 2188 3
1129 2196 2188 3
1130 2188 2188 3
1131 2196 2188 3
1132 2217 2188 3
1133 2270 2188 3
1134 2217 2188 3
1135 2286 2188 3
1136 2259 2188 3
1137 2188 2188 3
1138 2241 2188 3
1139 2188 2188 3
1140 2259 2188 3
1141 2308 2188 3
1142 2263 2188 3
1143 2263 2188 3
1144 2301 2188 3
1145 2373 2188 3
1146 2393 2188 3
1147 2363 2188 3
1148 2452 2188 3
1149 2418 2188 3
1150 2517 2188 3
1151 2551 2188 3
1152 2574 2188 3
1153 2725 2188 3
1154 2574 2188 3
1155 2725 2188 3
1156 2752 2188 3
1157 2739 2188 3
1158 2717 2188 3
1159 2715 2188 3
1160 2716 2188 3
1161 2743 2188 3
1162 2565 2188 3
1163 2704 2188 3
1164 2679 2188 3
1165 2620 2188 3
1166 2645 2188 3
1167 2709 2188 3
1168 2842 2188 3
1169 2980 2188 3
1170 3044 2188 3
1171 2986 2188 3
1172 3016 2188 3
1173 3168 2188 3
1174 3185 2188 3
1175 3274 2188 3
1176 3178 2188 3
1177 3098 2188 3
1178 2956 2188 3
1179 2892 2188 3
1180 3012 2188 3
1181 2892 2188 3
1182 3012 2188 3
1183 3149 2188 3
1184 3144 2188 3
1185 3149 2188 3
1187 3249 2188 3
1188 3220 2188 3
1189 3242 2188 3
1190 3242 2188 3
1191 3229 2188 3
1192 3161 2188 3
1193 3109 2188 3
1194 2943 2188 3
1195 2983 2188 3
1196 3075 2188 3
1197 2981 2188 3
1198 2941 2188 3
1199 2929 2188 3
1200 2910 2188 3
1201 2916 2188 3
1202 2892 2188 3
1203 2892 2188 3
1204 2892 2188 3
1205 2892 2188 3
1206 2892 2188 3
1207 2898 2188 3
1208 2636 2188 3
1209 2606 2188 3
1210 2617 2188 3
1211 2584 2188 3
1212 2600 2188 3
1213 2584 2188 3
1214 2603 2188 3
1215 2584 2188 3
1216 2613 2188 3
1217 2646 2188 3
1218 2616 2188 3
1219 2617 2188 3
1220 2646 2188 3
1221 2616 2188 3
1222 2633 2188 3
1223 2675 2188 3
1224 2633 2188 3
1225 2675 2188 3
1226 2702 2188 3
1227 2674 2188 3
1228 2674 2188 3
1229 2663 2188 3
1230 2636 2188 3
1231 2663 2188 3
1232 2692 2188 3
1233 2663 2188 3
1234 2724 2188 3
1235 2681 2188 3
1236 2636 2188 3
1237 2681 2188 3
1238 2643 2188 3
1239 2672 2188 3
1240 2643 2188 3
1241 2680 2188 3
1242 2576 2188 3
1243 2523 2188 3
1244 2524 2188 3
1245 2523 2188 3
1246 2524 2188 3
1247 2523 2188 3
1248 2524 2188 3
1249 2538 2188 3
1250 2524 2188 3
1251 2539 2188 3
1252 2524 2188 3
1253 2539 2188 3
1254 2538 2188 3
1255 2348 2188 3
1256 2356 2188 3
1257 2348 2188 3
1258 2377 2188 3
1259 2430 2188 3
1260 2377 2188 3
1261 2452 2188 3
1262 2377 2188 3
1263 2478 2188 3
1264 2592 2188 3
1265 2470 2188 3
1266 2572 2188 3
1267 2423 2188 3
1268 2348 2188 3
1269 2356 2188 3
1270 2377 2188 3
1271 2452 2188 3
1272 2452 2188 3
1273 2548 2188 3
1274 2603 2188 3
1275 2459 2188 3
1276 2410 2188 3
1277 2389 2188 3
1278 2389 2188 3
1279 2360 2188 3
1280 2354 2188 3
1281 2360 2188 3
1282 2381 2188 3
1283 2434 2188 3
1284 2381 2188 3
1285 2459 2188 3
1286 2413 2188 3
1287 2384 2188 3
1288 2383 2188 3
1289 2354 2188 3
1290 2381 2188 3
1291 2459 2188 3
1292 2473 2188 3
1293 2459 2188 3
1294 2548 2188 3
1295 2518 2188 3
1296 2519 2188 3
1297 2548 2188 3
1298 2687 2188 3
1299 2793 2188 3
1300 2923 2188 3
1301 2809 2188 3
1302 2808 2188 3
1303 2817 2188 3
1304 2923 2188 3
1305 2793 2188 3
1306 2687 2188 3
1307 2793 2188 3
1308 2944 2188 3
1309 2838 2188 3
1310 2983 2188 3
1311 2838 2188 3
1312 2983 2188 3
1313 3152 2188 3
1314 2930 2188 3
1315 2809 2188 3
1316 2905 2188 3
1317 2809 2188 3
1318 2905 2188 3
1319 2902 2188 3
1320 2924 2188 3
1321 2864 2188 3
1322 2972 2188 3
1323 2999 2188 3
1324 2972 2188 3
1325 2999 2188 3
1326 3000 2188 3
1327 3121 2188 3
1328 3243 2188 3
1329 3121 2188 3
1330 3243 2188 3
1331 3328 2188 3
1332 3306 2188 3
1333 3185 2188 3
1334 3001 2188 3
1335 3086 2188 3
1336 3173 2188 3
1337 3219 2188 3
1338 3258 2188 3
1339 3305 2188 3
1340 3373 2188 3
1341 3204 2188 3
1342 3289 2188 3
1343 3141 2188 3
1344 2967 2188 3
1345 3116 2188 3
1346 3112 2188 3
1347 3130 2188 3
1348 3112 2188 3
1349 3294 2188 3
1350 3035 2188 3
1351 2821 2188 3
1352 2628 2188 3
1353 2434 2188 3
1354 2391 2188 3
1355 2365 2188 3
1356 2357 2188 3
1357 2365 2188 3
1358 2386 2188 3
1359 2412 2188 3
1360 2386 2188 3
1361 2412 2188 3
1362 2465 2188 3
1363 2412 2188 3
1364 2501 2188 3
1365 2603 2188 3
1366 2603 2188 3
1367 2603 2188 3
1368 2501 2188 3
1369 2609 2188 3
1370 2583 2188 3
1371 2555 2188 3
1372 2580 2188 3
1373 2729 2188 3
1374 2743 2188 3
1375 2737 2188 3
1376 2839 2188 3
1377 2839 2188 3
1378 2682 2188 3
1379 2809 2188 3
1380 2682 2188 3
1381 2809 2188 3
1382 2838 2188 3
1383 2839 2188 3
1384 2809 2188 3
1385 2809 2188 3
1386 2915 2188 3
1387 3025 2188 3
1388 3140 2188 3
1389 3145 2188 3
1390 3126 2188 3
1391 3006 2188 3
1392 3025 2188 3
1393 3006 2188 3
1394 3122 2188 3
1395 3126 2188 3
1396 3122 2188 3
1397 3126 2188 3
1398 3146 2188 3
1399 3126 2188 3
1400 3248 2188 3
1401 3301 2188 3
1402 3151 2188 3
1403 3181 2188 3
1404 3128 2188 3
1405 3181 2188 3
1406 3128 2188 3
1407 3248 2188 3
1408 3373 2188 3
1409 3486 2188 3
1410 3326 2188 3
1411 3126 2188 3
1412 3274 2188 3
1413 3278 2188 3
1414 3276 2188 3
1415 3170 2188 3
1416 3158 2188 3
1417 3006 2188 3
1418 3154 2188 3
1419 3158 2188 3
1420 3351 2188 3
1421 3323 2188 3
1422 3425 2188 3
1423 3399 2188 3
1424 3389 2188 3
1425 3124 2188 3
1426 3094 2188 3
1427 2924 2188 3
1428 2925 2188 3
1429 2924 2188 3
1430 2937 2188 3
1431 2924 2188 3
1432 2937 2188 3
1433 2966 2188 3
1434 2864 2188 3
1435 2835 2188 3
1436 2851 2188 3
1437 2864 2188 3
1438 2883 2188 3
1439 2913 2188 3
1440 2826 2188 3
1441 2687 2188 3
1442 2658 2188 3
1443 2639 2188 3
1444 2639 2188 3
1445 2618 2188 3
1446 2637 2188 3
1447 2658 2188 3
1448 2685 2188 3
1449 2685 2188 3
1450 2566 2188 3
1451 2537 2188 3
1452 2518 2188 3
1453 2537 2188 3
1454 2557 2188 3
1455 2537 2188 3
1456 2558 2188 3
1457 2587 2188 3
1458 2558 2188 3
1459 2645 2188 3
1460 2558 2188 3
1461 2673 2188 3
1462 2794 2188 3
1463 2774 2188 3
1464 2883 2188 3
1465 2927 2188 3
1466 3001 2188 3
1467 2958 2188 3
1468 2788 2188 3
1469 2758 2188 3
1470 2725 2188 3
1471 2702 2188 3
1472 2702 2188 3
1473 2725 2188 3
1474 2702 2188 3
1475 2729 2188 3
1476 2702 2188 3
1477 2757 2188 3
1478 2702 2188 3
1479 2762 2188 3
1480 2830 2188 3
1481 2817 2188 3
1482 2800 2188 3
1483 2813 2188 3
1484 2800 2188 3
1485 2749 2188 3
1486 2771 2188 3
1487 2777 2188 3
1488 2719 2188 3
1489 2733 2188 3
1490 2719 2188 3
1491 2749 2188 3
1492 2719 2188 3
1493 2772 2188 3
1494 2865 2188 3
1495 2977 2188 3
1496 3082 2188 3
1497 3011 2188 3
1498 3007 2188 3
1499 2933 2188 3
1500 2743 2188 3
1501 2690 2188 3
1502 2690 2188 3
1503 2690 2188 3
1504 2690 2188 3
1505 2690 2188 3
1506 2701 2188 3
1507 2673 2188 3
1508 2615 2188 3
1509 2584 2188 3
1510 2600 2188 3
1511 2584 2188 3
1512 2603 2188 3
1513 2632 2188 3
1514 2665 2188 3
1515 2632 2188 3
1516 2668 2188 3
1517 2641 2188 3
1518 2668 2188 3
1519 2728 2188 3
1520 2758 2188 3
1521 2757 2188 3
1522 2759 2188 3
1523 2760 2188 3
1524 2777 2188 3
1525 2722 2188 3
1526 2749 2188 3
1527 2722 2188 3
1528 2749 2188 3
1529 2778 2188 3
1530 2832 2188 3
1531 2878 2188 3
1532 2921 2188 3
1533 2783 2188 3
1534 2656 2188 3
1535 2626 2188 3
1536 2502 2188 3
1537 2383 2188 3
1538 2357 2188 3
1539 2365 2188 3
1540 2357 2188 3
1541 2383 2188 3
1542 2357 2188 3
1543 2386 2188 3
1544 2439 2188 3
1545 2386 2188 3
1546 2475 2188 3
1547 2350 2188 3
1548 2321 2188 3
1549 2329 2188 3
1550 2350 2188 3
1551 2403 2188 3
1552 2350 2188 3
1553 2452 2188 3
1554 2452 2188 3
1555 2452 2188 3
1556 2350 2188 3
1557 2452 2188 3
1558 2551 2188 3
1559 2551 2188 3
1560 2552 2188 3
1561 2560 2188 3
1562 2661 2188 3
1563 2802 2188 3
1564 2971 2188 3
1565 2916 2188 3
1566 3149 2188 3
1567 3163 2188 3
1568 3149 2188 3
1569 3163 2188 3
1570 3155 2188 3
1571 3226 2188 3
1572 3133 2188 3
1573 3164 2188 3
1574 3163 2188 3
1575 2930 2188 3
1576 2730 2188 3
1577 2721 2188 3
1578 2727 2188 3
1579 2721 2188 3
1580 2727 2188 3
1581 2730 2188 3
1582 2735 2188 3
1583 2721 2188 3
1584 2729 2188 3
1585 2721 2188 3
1586 2730 2188 3
1587 2744 2188 3
1588 2797 2188 3
1589 2796 2188 3
1590 2797 2188 3
1591 2859 2188 3
1592 2868 2188 3
1593 2868 2188 3
1594 2902 2188 3
1595 2829 2188 3
1596 2927 2188 3
1597 2806 2188 3
1598 2905 2188 3
1599 2905 2188 3
1600 2914 2188 3
1601 2905 2188 3
1602 3001 2188 3
1603 2852 2188 3
1604 2756 2188 3
1605 2703 2188 3
1606 2694 2188 3
1607 2694 2188 3
1608 2694 2188 3
1609 2694 2188 3
1610 2694 2188 3
1611 2702 2188 3
1612 2703 2188 3
1613 2756 2188 3
1614 2996 2188 3
1615 3154 2188 3
1616 3176 2188 3
1617 3154 2188 3
1618 3190 2188 3
1619 3405 2188 3
1620 3430 2188 3
1621 3425 2188 3
1622 3537 2188 3
1623 3380 2188 3
1624 3402 2188 3
1625 3363 2188 3
1626 3217 2188 3
1627 3221 2188 3
1628 3114 2188 3
1629 3118 2188 3
1630 2892 2188 3
1631 2947 2188 3
1632 2778 2188 3
1633 2672 2188 3
1634 2619 2188 3
1635 2603 2188 3
1636 2603 2188 3
1637 2456 2188 3
1638 2463 2188 3
1639 2456 2188 3
1640 2475 2188 3
1641 2504 2188 3
1642 2403 2188 3
1643 2360 2188 3
1644 2285 2188 3
1645 2277 2188 3
1646 2285 2188 3
1647 2306 2188 3
1649 2306 2188 3
1650 2277 2188 3
1651 2285 2188 3
1652 2306 2188 3
1653 2359 2188 3
1654 2306 2188 3
1655 2375 2188 3
1656 2306 2188 3
1657 2381 2188 3
1658 2381 2188 3
1659 2453 2188 3
1660 2473 2188 3
1661 2444 2188 3
1662 2444 2188 3
1663 2368 2188 3
1664 2397 2188 3
1665 2368 2188 3
1666 2476 2188 3
1667 2368 2188 3
1668 2374 2188 3
1669 2452 2188 3
1670 2452 2188 3
1671 2475 2188 3
1672 2466 2188 3
1673 2388 2188 3
1674 2523 2188 3
1675 2644 2188 3
1676 2466 2188 3
1677 2438 2188 3
1678 2365 2188 3
1679 2302 2188 3
1680 2321 2188 3
1681 2302 2188 3
1682 2355 2188 3
1683 2302 2188 3
1684 2404 2188 3
1685 2517 2188 3
1686 2597 2188 3
1687 2590 2188 3
1688 2593 2188 3
1689 2647 2188 3
1690 2688 2188 3
1691 2647 2188 3
1692 2759 2188 3
1693 2760 2188 3
1694 2801 2188 3
1695 2800 2188 3
1696 2706 2188 3
1697 2791 2188 3
1698 2833 2188 3
1699 2850 2188 3
1700 2705 2188 3
1701 2670 2188 3
1702 2626 2188 3
1703 2670 2188 3
1704 2705 2188 3
1705 2706 2188 3
1706 2791 2188 3
1707 2833 2188 3
1708 2851 2188 3
1709 2998 2188 3
1710 3113 2188 3
1711 3168 2188 3
1712 3269 2188 3
1713 3153 2188 3
1714 3051 2188 3
1715 2749 2188 3
1716 2604 2188 3
1717 2601 2188 3
1718 2415 2188 3
1720 2348 2188 3
1721 2290 2188 3
1723 2201 2188 3
1724 2254 2188 3
1725 2201 2188 3
1726 2254 2188 3
1727 2343 2188 3
1728 2401 2188 3
1729 2343 2188 3
1730 2445 2188 3
1731 2343 2188 3
1732 2454 2188 3
1733 2254 2188 3
1734 2356 2188 3
1735 2254 2188 3
1736 2356 2188 3
1737 2254 2188 3
1738 2375 2188 3
1739 2498 2188 3
1740 2329 2188 3
1741 2442 2188 3
1742 2329 2188 3
1743 2455 2188 3
1744 2329 2188 3
1745 2355 2188 3
1746 2374 2188 3
1747 2464 2188 3
1748 2475 2188 3
1749 2348 2188 3
1750 2374 2188 3
1751 2464 2188 3
1752 2599 2188 3
1753 2707 2188 3
1754 2847 2188 3
1755 2843 2188 3
1756 2847 2188 3
1757 3011 2188 3
1758 2989 2188 3
1759 2968 2188 3
1760 2996 2188 3
1761 2930 2188 3
1762 2858 2188 3
1763 2665 2188 3
1764 2690 2188 3
1765 2661 2188 3
1766 2665 2188 3
1767 2661 2188 3
1768 2665 2188 3
1769 2694 2188 3
1770 2665 2188 3
1771 2690 2188 3
1772 2661 2188 3
1773 2734 2188 3
1774 2532 2188 3
1775 2561 2188 3
1776 2532 2188 3
1777 2561 2188 3
1778 2540 2188 3
1779 2600 2188 3
1780 2540 2188 3
1781 2600 2188 3
1782 2540 2188 3
1783 2604 2188 3
1784 2743 2188 3
1785 2830 2188 3
1786 2834 2188 3
1787 2551 2188 3
1788 2547 2188 3
1789 2487 2188 3
1790 2340 2188 3
1791 2238 2188 3
1792 2230 2188 3
1793 2238 2188 3
1794 2259 2188 3
1795 2304 2188 3
1796 2310 2188 3
1797 2412 2188 3
1798 2310 2188 3
1799 2412 2188 3
1800 2310 2188 3
1801 2302 2188 3
1802 2238 2188 3
1803 2230 2188 3
1804 2238 2188 3
1805 2259 2188 3
1806 2304 2188 3
1807 2310 2188 3
1808 2363 2188 3
1809 2310 2188 3
1810 2412 2188 3
1811 2412 2188 3
1812 2412 2188 3
1813 2504 2188 3
1814 2431 2188 3
1815 2310 2188 3
1816 2416 2188 3
1817 2399 2188 3
1818 2416 2188 3
1819 2310 2188 3
1820 2431 2188 3
1821 2504 2188 3
1822 2504 2188 3
1823 2513 2188 3
1824 2504 2188 3
1825 2500 2188 3
1826 2550 2188 3
1827 2626 2188 3
1828 2580 2188 3
1829 2459 2188 3
1830 2310 2188 3
1831 2412 2188 3
1832 2412 2188 3
1833 2433 2188 3
1834 2412 2188 3
1835 2433 2188 3
1836 2505 2188 3
1837 2629 2188 3
1838 2737 2188 3
1839 2629 2188 3
1840 2737 2188 3
1841 2733 2188 3
1842 2625 2188 3
1843 2629 2188 3
1844 2761 2188 3
1845 2847 2188 3
1846 2703 2188 3
1847 2792 2188 3
1848 2815 2188 3
1849 2956 2188 3
1850 3125 2188 3
1851 2956 2188 3
1852 3140 2188 3
1853 3162 2188 3
1854 2876 2188 3
1855 2889 2188 3
1856 2861 2188 3
1857 2885 2188 3
1858 2861 2188 3
1859 2885 2188 3
1860 2889 2188 3
1861 3028 2188 3
1862 3081 2188 3
1863 3198 2188 3
1864 3081 2188 3
1866 3632 2188 3
1867 3621 2188 3
1868 3619 2188 3
1869 3189 2188 3
1870 3301 2188 3
1871 3003 2188 3
1872 3190 2188 3
1873 3264 2188 3
1874 3190 2188 3
1875 3003 2188 3
1876 2973 2188 3
1877 2920 2188 3
1878 2648 2188 3
1879 2527 2188 3
1880 2580 2188 3
1881 2527 2188 3
1882 2582 2188 3
1883 2413 2188 3
1884 2466 2188 3
1885 2413 2188 3
1886 2515 2188 3
1887 2413 2188 3
1888 2515 2188 3
1889 2413 2188 3
1890 2534 2188 3
1891 2643 2188 3
1892 2687 2188 3
1894 2686 2188 3
1895 2679 2188 3
1896 2685 2188 3
1897 2679 2188 3
1898 2741 2188 3
1899 2679 2188 3
1900 2778 2188 3
1901 2722 2188 3
1902 2721 2188 3
1903 2767 2188 3
1904 2859 2188 3
1905 2893 2188 3
1906 2884 2188 3
1907 2762 2188 3
1908 2575 2188 3
1909 2576 2188 3
1910 2605 2188 3
1911 2501 2188 3
1912 2399 2188 3
1913 2420 2188 3
1915 2507 2188 3
1916 2385 2188 3
1917 2277 2188 3
1918 2285 2188 3
1919 2277 2188 3
1920 2330 2188 3
1921 2277 2188 3
1922 2348 2188 3
1923 2277 2188 3
1924 2352 2188 3
1925 2352 2188 3
1926 2381 2188 3
1927 2381 2188 3
1928 2306 2188 3
1929 2375 2188 3
1930 2424 2188 3
1931 2455 2188 3
1932 2451 2188 3
1933 2408 2188 3
1934 2333 2188 3
1935 2341 2188 3
1936 2333 2188 3
1937 2342 2188 3
1938 2456 2188 3
1939 2435 2188 3
1940 2321 2188 3
1941 2312 2188 3
1942 2320 2188 3
1943 2321 2188 3
1944 2342 2188 3
1945 2321 2188 3
1946 2342 2188 3
1947 2417 2188 3
1948 2426 2188 3
1949 2469 2188 3
1950 2426 2188 3
1951 2396 2188 3
1953 2321 2188 3
1954 2312 2188 3
1955 2304 2188 3
1956 2312 2188 3
1957 2320 2188 3
1958 2321 2188 3
1959 2342 2188 3
1960 2395 2188 3
1961 2509 2188 3
1962 2395 2188 3
1963 2470 2188 3
1964 2470 2188 3
1965 2513 2188 3
1966 2470 2188 3
1967 2513 2188 3
1968 2543 2188 3
1969 2516 2188 3
1970 2563 2188 3
1971 2636 2188 3
1972 2563 2188 3
1973 2636 2188 3
1974 2590 2188 3
1975 2699 2188 3
1976 2735 2188 3
1977 2810 2188 3
1978 2949 2188 3
1979 2948 2188 3
1980 2927 2188 3
1981 2908 2188 3
1982 2918 2188 3
1983 3024 2188 3
1984 2875 2188 3
1985 3026 2188 3
1986 2806 2188 3
1987 3005 2188 3
1988 2806 2188 3
1989 3015 2188 3
1990 3011 2188 3
1991 3003 2188 3
1992 2999 2188 3
1993 2851 2188 3
1994 2851 2188 3
1995 2702 2188 3
1996 2702 2188 3
1997 2736 2188 3
1998 2837 2188 3
1999 2943 2188 3
2000 2910 2188 3
2001 2911 2188 3
2002 2823 2188 3
2003 2795 2188 3
2004 2724 2188 3
2005 2731 2188 3
2006 2687 2188 3
2007 2709 2188 3
2008 2649 2188 3
2009 2693 2188 3
2010 2649 2188 3
2011 2697 2188 3
2012 2649 2188 3
2013 2697 2188 3
2014 2884 2188 3
2015 2877 2188 3
2016 2926 2188 3
2017 2888 2188 3
2018 2982 2188 3
2019 2837 2188 3
2020 2692 2188 3
2021 2692 2188 3
2022 2633 2188 3
2023 2607 2188 3
2024 2544 2188 3
2025 2491 2188 3
2026 2505 2188 3
2027 2491 2188 3
2028 2505 2188 3
2029 2566 2188 3
2030 2391 2188 3
2031 2444 2188 3
2032 2391 2188 3
2033 2454 2188 3
2034 2391 2188 3
2035 2466 2188 3
2036 2555 2188 3
2037 2480 2188 3
2038 2588 2188 3
2039 2589 2188 3
2040 2664 2188 3
2041 2803 2188 3
2042 2802 2188 3
2043 2781 2188 3
2044 2802 2188 3
2045 2781 2188 3
2046 2887 2188 3
2047 3051 2188 3
2048 2887 2188 3
2049 2906 2188 3
2050 2866 2188 3
2051 2837 2188 3
2052 2866 2188 3
2053 2837 2188 3
2054 2866 2188 3
2055 2838 2188 3
2056 2805 2188 3
2057 2838 2188 3
2058 2840 2188 3
2059 2647 2188 3
2060 2594 2188 3
2061 2565 2188 3
2062 2539 2188 3
2063 2542 2188 3
2064 2539 2188 3
2065 2556 2188 3
2066 2582 2188 3
2067 2635 2188 3
2068 2582 2188 3
2069 2635 2188 3
2070 2684 2188 3
2071 2754 2188 3
2072 2881 2188 3
2073 2841 2188 3
2074 2714 2188 3
2075 2618 2188 3
2076 2569 2188 3
2077 2593 2188 3
2078 2520 2188 3
2079 2469 2188 3
2080 2452 2188 3
2081 2455 2188 3
2082 2469 2188 3
2083 2520 2188 3
2084 2613 2188 3
2085 2758 2188 3
2086 2761 2188 3
2087 2925 2188 3
2088 2780 2188 3
2089 2752 2188 3
2090 2625 2188 3
2091 2641 2188 3
2092 2558 2188 3
2093 2452 2188 3
2094 2467 2188 3
2095 2285 2188 3
2096 2277 2188 3
2097 2306 2188 3
2098 2359 2188 3
2099 2306 2188 3
2100 2277 2188 3
2101 2285 2188 3
2102 2306 2188 3
2103 2359 2188 3
2104 2306 2188 3
2105 2375 2188 3
2106 2306 2188 3
2107 2381 2188 3
2108 2352 2188 3
2109 2277 2188 3
2110 2330 2188 3
2111 2277 2188 3
2112 2348 2188 3
2113 2397 2188 3
2114 2383 2188 3
2115 2354 2188 3
2116 2381 2188 3
2117 2459 2188 3
2118 2413 2188 3
2119 2427 2188 3
2121 2547 2188 3
2122 2547 2188 3
2123 2518 2188 3
2124 2517 2188 3
2125 2518 2188 3
2126 2517 2188 3
2127 2525 2188 3
2128 2517 2188 3
2129 2526 2188 3
2130 2625 2188 3
2131 2672 2188 3
2132 2632 2188 3
2133 2572 2188 3
2134 2587 2188 3
2135 2805 2188 3
2136 2856 2188 3
2137 2925 2188 3
2138 2889 2188 3
2139 2730 2188 3
2140 2956 2188 3
2141 3022 2188 3
2142 3138 2188 3
2143 3121 2188 3
2144 2846 2188 3
2145 2726 2188 3
2146 2867 2188 3
2147 3057 2188 3
2148 2928 2188 3
2149 2826 2188 3
2150 2889 2188 3
2151 2826 2188 3
2152 2893 2188 3
2153 2826 2188 3
2154 2893 2188 3
2155 2893 2188 3
2156 2760 2188 3
2157 2837 2188 3
2158 2744 2188 3
2159 2743 2188 3
2160 2663 2188 3
2161 2684 2188 3
2162 2663 2188 3
2163 2692 2188 3
2164 2554 2188 3
2165 2538 2188 3
2166 2546 2188 3
2167 2554 2188 3
2168 2546 2188 3
2169 2554 2188 3
2170 2550 2188 3
2171 2554 2188 3
2172 2550 2188 3
2173 2554 2188 3
2174 2579 2188 3
2175 2553 2188 3
2176 2545 2188 3
2177 2545 2188 3
2178 2545 2188 3
2179 2553 2188 3
2180 2545 2188 3
2181 2553 2188 3
2182 2579 2188 3
2183 2575 2188 3
2184 2575 2188 3
2185 2550 2188 3
2186 2551 2188 3
2187 2550 2188 3
2188 2551 2188 3
2189 2555 2188 3
2190 2551 2188 3
2191 2555 2188 3
2192 2551 2188 3
2193 2582 2188 3
2194 2551 2188 3
2195 2604 2188 3
2196 2657 2188 3
2197 2706 2188 3
2198 2745 2188 3
2199 2706 2188 3
2200 2763 2188 3
2201 2762 2188 3
2202 2660 2188 3
2203 2686 2188 3
2204 2660 2188 3
2205 2689 2188 3
2206 2725 2188 3
2207 2689 2188 3
2208 2751 2188 3
2209 2791 2188 3
2210 2857 2188 3
2211 2796 2188 3
2212 2775 2188 3
2213 2775 2188 3
2214 2776 2188 3
2215 2775 2188 3
2216 2828 2188 3
2217 2898 2188 3
2218 2952 2188 3
2219 3038 2188 3
2220 2957 2188 3
2221 2928 2188 3
2222 2918 2188 3
2223 2795 2188 3
2224 2741 2188 3
2225 2671 2188 3
2226 2717 2188 3
2227 2671 2188 3
2228 2717 2188 3
2229 2702 2188 3
2230 2644 2188 3
2231 2697 2188 3
2232 2755 2188 3
2233 2747 2188 3
2234 2755 2188 3
2235 2783 2188 3
2236 2747 2188 3
2237 2783 2188 3
2238 2853 2188 3
2239 2932 2188 3
2240 2893 2188 3
2241 2947 2188 3
2242 3060 2188 3
2243 3147 2188 3
2244 3060 2188 3
2245 3147 2188 3
2246 3146 2188 3
2247 2947 2188 3
2248 3060 2188 3
2249 3173 2188 3
2250 2994 2188 3
2251 2858 2188 3
2252 2702 2188 3
2253 2629 2188 3
2254 2549 2188 3
2255 2513 2188 3
2256 2521 2188 3
2257 2498 2188 3
2258 2521 2188 3
2259 2513 2188 3
2260 2531 2188 3
2261 2513 2188 3
2262 2531 2188 3
2263 2513 2188 3
2264 2549 2188 3
2265 2594 2188 3
2266 2594 2188 3
2267 2617 2188 3
2268 2642 2188 3
2269 2646 2188 3
2270 2617 2188 3
2271 2642 2188 3
2272 2646 2188 3
2273 2711 2188 3
2274 2646 2188 3
2275 2711 2188 3
2276 2689 2188 3
2277 2711 2188 3
2278 2689 2188 3
2279 2711 2188 3
2280 2777 2188 3
2281 2775 2188 3
2282 2626 2188 3
2283 2610 2188 3
2284 2587 2188 3
2285 2467 2188 3
2286 2452 2188 3
2287 2448 2188 3
2288 2449 2188 3
2289 2453 2188 3
2290 2452 2188 3
2291 2467 2188 3
2292 2452 2188 3
2293 2467 2188 3
2294 2463 2188 3
2295 2448 2188 3
2296 2449 2188 3
2297 2448 2188 3
2298 2452 2188 3
2299 2448 2188 3
2300 2452 2188 3
2301 2475 2188 3
2302 2552 2188 3
2303 2543 2188 3
2304 2411 2188 3
2305 2413 2188 3
2306 2411 2188 3
2307 2413 2188 3
2308 2411 2188 3
2309 2413 2188 3
2310 2466 2188 3
2311 2413 2188 3
2312 2515 2188 3
2313 2413 2188 3
2314 2515 2188 3
2315 2587 2188 3
2316 2583 2188 3
2317 2706 2188 3
2318 2692 2188 3
2319 2522 2188 3
2320 2536 2188 3
2321 2522 2188 3
2322 2536 2188 3
2323 2413 2188 3
2324 2534 2188 3
2325 2413 2188 3
2326 2411 2188 3
2327 2299 2188 3
2328 2352 2188 3
2329 2299 2188 3
2330 2374 2188 3
2331 2299 2188 3
2332 2374 2188 3
2333 2375 2188 3
2334 2420 2188 3
2335 2375 2188 3
2336 2420 2188 3
2337 2417 2188 3
2338 2388 2188 3
2339 2417 2188 3
2340 2426 2188 3
2341 2534 2188 3
2342 2426 2188 3
2343 2534 2188 3
2344 2526 2188 3
2346 2475 2188 3
2347 2563 2188 3
2348 2539 2188 3
2349 2563 2188 3
2350 2539 2188 3
2351 2567 2188 3
2352 2654 2188 3
2353 2632 2188 3
2354 2454 2188 3
2355 2562 2188 3
2356 2454 2188 3
2357 2575 2188 3
2358 2597 2188 3
2359 2575 2188 3
2360 2597 2188 3
2361 2575 2188 3
2362 2627 2188 3
2363 2365 2188 3
2364 2414 2188 3
2365 2365 2188 3
2366 2414 2188 3
2367 2414 2188 3
2368 2414 2188 3
2369 2422 2188 3
2370 2314 2188 3
2371 2271 2188 3
2372 2196 2188 3
2373 2188 2188 3
2374 2196 2188 3
2375 2217 2188 3
2376 2270 2188 3
2377 2217 2188 3
2378 2286 2188 3
2379 2259 2188 3
2380 2188 2188 3
2381 2241 2188 3
2382 2188 2188 3
2383 2259 2188 3
2384 2308 2188 3
2385 2263 2188 3
2386 2263 2188 3
2387 2301 2188 3
2388 2373 2188 3
2389 2462 2188 3
2390 2571 2188 3
2391 2607 2188 3
2392 2620 2188 3
2393 2789 2188 3
2394 2700 2188 3
2395 2869 2188 3
2396 2873 2188 3
2397 2843 2188 3
2398 2918 2188 3
2399 2872 2188 3
2400 2788 2188 3
2401 2629 2188 3
2402 2442 2188 3
2403 2419 2188 3
2404 2442 2188 3
2405 2491 2188 3
2406 2475 2188 3
2407 2419 2188 3
2408 2472 2188 3
2409 2419 2188 3
2410 2475 2188 3
2411 2471 2188 3
2412 2442 2188 3
2413 2471 2188 3
2414 2475 2188 3
2415 2484 2188 3
2416 2475 2188 3
2417 2491 2188 3
2418 2580 2188 3
2419 2411 2188 3
2420 2395 2188 3
2421 2339 2188 3
2422 2392 2188 3
2423 2339 2188 3
2424 2395 2188 3
2425 2404 2188 3
2426 2395 2188 3
2427 2339 2188 3
2428 2460 2188 3
2429 2339 2188 3
2430 2460 2188 3
2431 2339 2188 3
2432 2460 2188 3
2433 2411 2188 3
2434 2510 2188 3
2435 2616 2188 3
2436 2510 2188 3
2437 2533 2188 3
2438 2654 2188 3
2439 2681 2188 3
2440 2805 2188 3
2441 2810 2188 3
2442 2662 2188 3
2443 2641 2188 3
2444 2648 2188 3
2445 2641 2188 3
2446 2733 2188 3
2447 2740 2188 3
2448 2733 2188 3
2449 2813 2188 3
2450 2976 2188 3
2451 3114 2188 3
2452 3255 2188 3
2453 3292 2188 3
2454 3324 2188 3
2455 3299 2188 3
2456 3305 2188 3
2457 3394 2188 3
2458 3389 2188 3
2459 3329 2188 3
2460 3330 2188 3
2461 3387 2188 3
2462 3384 2188 3
2463 3227 2188 3
2464 3080 2188 3
2465 3047 2188 3
2466 3046 2188 3
2467 2853 2188 3
2468 2865 2188 3
2469 2853 2188 3
2470 2865 2188 3
2471 2976 2188 3
2472 2950 2188 3
2473 2928 2188 3
2474 2927 2188 3
2475 2782 2188 3
2476 2709 2188 3
2477 2686 2188 3
2478 2679 2188 3
2479 2680 2188 3
2480 2679 2188 3
2481 2683 2188 3
2482 2692 2188 3
2483 2693 2188 3
2484 2694 2188 3
2485 2698 2188 3
2486 2693 2188 3
2487 2703 2188 3
2488 2689 2188 3
2489 2693 2188 3
2490 2710 2188 3
2491 2693 2188 3
2492 2693 2188 3
2493 2692 2188 3
2494 2709 2188 3
2495 2692 2188 3
2496 2715 2188 3
2497 2716 2188 3
2498 2743 2188 3
2499 2715 2188 3
2500 2716 2188 3
2501 2743 2188 3
2502 2779 2188 3
2503 2810 2188 3
2504 2779 2188 3
2505 2802 2188 3
2506 2783 2188 3
2507 2783 2188 3
2508 2838 2188 3
2509 2787 2188 3
2510 2760 2188 3
2511 2760 2188 3
2512 2707 2188 3
2513 2680 2188 3
2514 2680 2188 3
2515 2652 2188 3
2516 2629 2188 3
2517 2625 2188 3
2518 2622 2188 3
2519 2625 2188 3
2520 2622 2188 3
2521 2629 2188 3
2522 2648 2188 3
2523 2629 2188 3
2524 2652 2188 3
2525 2678 2188 3
2526 2678 2188 3
2527 2678 2188 3
2528 2680 2188 3
2529 2698 2188 3
2530 2594 2188 3
2531 2497 2188 3
2532 2497 2188 3
2533 2497 2188 3
2534 2516 2188 3
2535 2497 2188 3
2536 2497 2188 3
2537 2497 2188 3
2538 2497 2188 3
2539 2497 2188 3
2540 2570 2188 3
2541 2605 2188 3
2542 2570 2188 3
2543 2657 2188 3
2544 2570 2188 3
2545 2657 2188 3
2546 2570 2188 3
2547 2674 2188 3
2548 2703 2188 3
2549 2601 2188 3
2550 2583 2188 3
2551 2547 2188 3
2552 2555 2188 3
2553 2532 2188 3
2554 2532 2188 3
2555 2532 2188 3
2557 2532 2188 3
2558 2532 2188 3
2559 2532 2188 3
2560 2551 2188 3
2561 2532 2188 3
2562 2555 2188 3
2563 2547 2188 3
2564 2565 2188 3
2565 2547 2188 3
2566 2565 2188 3
2567 2547 2188 3
2568 2575 2188 3
2569 2469 2188 3
2570 2469 2188 3
2571 2469 2188 3
2572 2477 2188 3
2573 2454 2188 3
2574 2477 2188 3
2575 2469 2188 3
2576 2482 2188 3
2577 2507 2188 3
2578 2388 2188 3
2579 2359 2188 3
2580 2359 2188 3
2581 2360 2188 3
2582 2364 2188 3
2583 2379 2188 3
2584 2364 2188 3
2585 2379 2188 3
2586 2375 2188 3
2587 2360 2188 3
2588 2364 2188 3
Priority 1: 0.8
Priority 2: 0.96
///////////////////
Feasible
Solution Cost: 2188
--------------
Route 0:

LOCATION | CUSTOMER
0 1000
16 20
2 6
28 23
28 0
28 1
28 3
3 7
20 22
4 8
26 13
0 1000
Max capacity: 150 Load:140
--------------
--------------
Route 1:

LOCATION | CUSTOMER
0 1000
27 18
27 21
27 19
27 2
8 12
0 1000
Max capacity: 150 Load:71
--------------
--------------
Route 2:

LOCATION | CUSTOMER
0 1000
1 5
30 16
26 24
26 14
29 17
29 10
29 4
29 11
29 15
5 9
0 1000
Max capacity: 150 Load:150
--------------
Solution Cost: 2188
Priority 1: 0.8
Priority 2: 0.96
///////////////////
Restart: 7
0 2850 1.7976931348623157E+308 0
1 2791 1.7976931348623157E+308 0
2 2766 1.7976931348623157E+308 0
3 2744 1.7976931348623157E+308 0
4 2655 1.7976931348623157E+308 0
5 2537 1.7976931348623157E+308 0
6 2416 1.7976931348623157E+308 0
7 2408 1.7976931348623157E+308 0
8 2408 1.7976931348623157E+308 0
9 2377 2377 3 flip
9 2377 2377 3
10 2369 2369 3 swap
10 2369 2369 3
11 2377 2369 3
12 2398 2369 3
13 2428 2369 3
14 2259 2259 3 flip
14 2259 2259 3
15 2230 2230 3 swap
15 2230 2230 3
16 2238 2230 3
17 2259 2230 3
18 2312 2230 3
19 2259 2230 3
20 2323 2230 3
21 2259 2230 3
22 2323 2230 3
23 2304 2230 3
24 2259 2230 3
25 2304 2230 3
26 2310 2230 3
27 2399 2230 3
28 2501 2230 3
29 2399 2230 3
30 2501 2230 3
31 2501 2230 3
32 2501 2230 3
33 2515 2230 3
34 2587 2230 3
35 2515 2230 3
36 2632 2230 3
37 2583 2230 3
38 2581 2230 3
39 2583 2230 3
40 2413 2230 3
41 2411 2230 3
42 2413 2230 3
43 2534 2230 3
44 2413 2230 3
45 2534 2230 3
46 2587 2230 3
47 2696 2230 3
48 2740 2230 3
49 2794 2230 3
50 2824 2230 3
51 2882 2230 3
52 2824 2230 3
53 2882 2230 3
54 2886 2230 3
55 2617 2230 3
56 2741 2230 3
57 2815 2230 3
58 2917 2230 3
59 2909 2230 3
60 2909 2230 3
61 2869 2230 3
62 2797 2230 3
63 2679 2230 3
64 2665 2230 3
65 2662 2230 3
66 2679 2230 3
67 2787 2230 3
68 2662 2230 3
69 2645 2230 3
70 2662 2230 3
71 2819 2230 3
72 2662 2230 3
73 2819 2230 3
74 2674 2230 3
75 2645 2230 3
76 2639 2230 3
77 2586 2230 3
78 2560 2230 3
79 2574 2230 3
80 2560 2230 3
81 2574 2230 3
82 2560 2230 3
83 2574 2230 3
84 2600 2230 3
85 2604 2230 3
86 2496 2230 3
87 2482 2230 3
88 2496 2230 3
89 2482 2230 3
90 2496 2230 3
91 2549 2230 3
92 2496 2230 3
93 2598 2230 3
94 2496 2230 3
95 2598 2230 3
96 2607 2230 3
97 2607 2230 3
98 2501 2230 3
99 2399 2230 3
100 2420 2230 3
101 2399 2230 3
102 2420 2230 3
103 2399 2230 3
104 2277 2230 3
105 2285 2230 3
106 2306 2230 3
107 2359 2230 3
108 2306 2230 3
109 2375 2230 3
110 2306 2230 3
111 2381 2230 3
112 2381 2230 3
113 2453 2230 3
114 2473 2230 3
115 2444 2230 3
116 2444 2230 3
117 2368 2230 3
118 2397 2230 3
119 2368 2230 3
120 2476 2230 3
121 2368 2230 3
122 2517 2230 3
123 2368 2230 3
124 2517 2230 3
125 2638 2230 3
126 2444 2230 3
127 2444 2230 3
128 2497 2230 3
Customer 1: 13
B1 ID: 16 D1 ID: 17
Customer 2: 14
B2 ID: 19 D2 ID: 18
-----
Route 1 Before: 50,16,24,31,49,27,13,11,22,4,9,50
Route 2 Before: 50,6,46,1,0,3,7,41,8,19,50
-----
---------
Route 1 After: 50,17,24,31,49,27,13,11,22,4,9,50
Route 2 After: 50,6,46,1,0,3,7,41,8,18,50
---------
Priority swap cost contribution: 65
129 2562 2230 3
130 2548 2230 3
131 2678 2230 3
132 2678 2230 3
133 2600 2230 3
134 2449 2230 3
135 2527 2230 3
136 2449 2230 3
137 2600 2230 3
138 2769 2230 3
139 2714 2230 3
140 2917 2230 3
141 2693 2230 3
142 2748 2230 3
143 2693 2230 3
144 2908 2230 3
145 3110 2230 3
146 3100 2230 3
147 3131 2230 3
148 3170 2230 3
149 3257 2230 3
150 3170 2230 3
151 2968 2230 3
152 2753 2230 3
153 2782 2230 3
154 2743 2230 3
155 2700 2230 3
156 2607 2230 3
157 2488 2230 3
158 2489 2230 3
159 2488 2230 3
160 2497 2230 3
161 2488 2230 3
162 2518 2230 3
163 2488 2230 3
164 2531 2230 3
165 2488 2230 3
166 2531 2230 3
167 2584 2230 3
168 2531 2230 3
169 2586 2230 3
170 2417 2230 3
171 2368 2230 3
172 2417 2230 3
173 2368 2230 3
174 2417 2230 3
175 2374 2230 3
176 2375 2230 3
177 2383 2230 3
178 2374 2230 3
179 2427 2230 3
180 2374 2230 3
181 2473 2230 3
182 2592 2230 3
183 2473 2230 3
184 2659 2230 3
185 2473 2230 3
186 2699 2230 3
187 2834 2230 3
188 2817 2230 3
189 2703 2230 3
190 2732 2230 3
191 2703 2230 3
192 2660 2230 3
193 2399 2230 3
194 2285 2230 3
195 2277 2230 3
196 2330 2230 3
197 2277 2230 3
198 2335 2230 3
199 2277 2230 3
200 2352 2230 3
201 2277 2230 3
202 2306 2230 3
203 2381 2230 3
204 2374 2230 3
205 2299 2230 3
206 2374 2230 3
207 2543 2230 3
208 2374 2230 3
209 2564 2230 3
210 2794 2230 3
211 2780 2230 3
212 2784 2230 3
213 2811 2230 3
214 2882 2230 3
215 2854 2230 3
216 2777 2230 3
217 2877 2230 3
218 2777 2230 3
219 2881 2230 3
220 2810 2230 3
221 2811 2230 3
222 2788 2230 3
223 2784 2230 3
224 2788 2230 3
225 2648 2230 3
226 2595 2230 3
227 2568 2230 3
228 2563 2230 3
229 2579 2230 3
230 2578 2230 3
231 2592 2230 3
232 2593 2230 3
233 2563 2230 3
234 2579 2230 3
235 2601 2230 3
236 2608 2230 3
237 2635 2230 3
238 2606 2230 3
239 2579 2230 3
240 2606 2230 3
241 2612 2230 3
242 2595 2230 3
243 2568 2230 3
244 2584 2230 3
245 2568 2230 3
246 2595 2230 3
247 2599 2230 3
248 2649 2230 3
249 2599 2230 3
250 2655 2230 3
251 2510 2230 3
252 2483 2230 3
253 2483 2230 3
254 2478 2230 3
255 2494 2230 3
256 2508 2230 3
257 2478 2230 3
258 2505 2230 3
259 2478 2230 3
260 2505 2230 3
261 2478 2230 3
262 2507 2230 3
263 2550 2230 3
264 2507 2230 3
265 2550 2230 3
266 2523 2230 3
267 2478 2230 3
268 2494 2230 3
269 2478 2230 3
270 2523 2230 3
271 2478 2230 3
272 2532 2230 3
273 2627 2230 3
274 2521 2230 3
275 2419 2230 3
276 2442 2230 3
277 2419 2230 3
278 2492 2230 3
279 2419 2230 3
280 2521 2230 3
281 2523 2230 3
282 2523 2230 3
283 2555 2230 3
284 2489 2230 3
285 2436 2230 3
286 2407 2230 3
287 2436 2230 3
288 2414 2230 3
289 2414 2230 3
290 2414 2230 3
291 2422 2230 3
292 2375 2230 3
293 2388 2230 3
294 2375 2230 3
295 2422 2230 3
296 2375 2230 3
297 2427 2230 3
298 2196 2196 3 two opt
298 2196 2196 3
299 2188 2188 3 swap
299 2188 2188 3
300 2196 2188 3
301 2188 2188 3
302 2217 2188 3
303 2270 2188 3
304 2217 2188 3
305 2286 2188 3
306 2217 2188 3
307 2292 2188 3
308 2263 2188 3
309 2188 2188 3
310 2241 2188 3
311 2188 2188 3
312 2263 2188 3
313 2263 2188 3
314 2271 2188 3
315 2314 2188 3
316 2403 2188 3
317 2502 2188 3
318 2580 2188 3
319 2459 2188 3
320 2480 2188 3
321 2581 2188 3
322 2666 2188 3
323 2673 2188 3
324 2704 2188 3
325 2700 2188 3
326 2708 2188 3
327 2700 2188 3
328 2709 2188 3
329 2782 2188 3
330 2709 2188 3
331 2848 2188 3
332 2849 2188 3
333 2848 2188 3
334 2954 2188 3
335 3123 2188 3
336 2930 2188 3
337 2890 2188 3
338 2721 2188 3
339 2803 2188 3
340 2665 2188 3
341 2721 2188 3
342 2665 2188 3
343 2738 2188 3
344 2665 2188 3
345 2738 2188 3
346 2747 2188 3
347 2738 2188 3
348 2882 2188 3
349 3033 2188 3
350 2813 2188 3
351 2792 2188 3
352 2892 2188 3
353 2778 2188 3
354 2748 2188 3
355 2587 2188 3
356 2429 2188 3
357 2423 2188 3
358 2537 2188 3
359 2423 2188 3
360 2550 2188 3
361 2423 2188 3
362 2550 2188 3
363 2537 2188 3
364 2658 2188 3
365 2537 2188 3
366 2658 2188 3
367 2537 2188 3
368 2706 2188 3
369 2537 2188 3
370 2795 2188 3
371 2817 2188 3
372 3032 2188 3
373 2986 2188 3
374 2982 2188 3
375 2729 2188 3
376 2484 2188 3
377 2196 2188 3
378 2188 2188 3
379 2217 2188 3
380 2270 2188 3
381 2217 2188 3
382 2286 2188 3
383 2217 2188 3
384 2292 2188 3
385 2263 2188 3
386 2188 2188 3
387 2241 2188 3
388 2188 2188 3
389 2263 2188 3
390 2263 2188 3
391 2271 2188 3
392 2314 2188 3
393 2317 2188 3
394 2444 2188 3
395 2317 2188 3
396 2444 2188 3
397 2518 2188 3
398 2536 2188 3
399 2558 2188 3
400 2691 2188 3
401 2558 2188 3
402 2691 2188 3
403 2704 2188 3
404 2677 2188 3
405 2526 2188 3
406 2393 2188 3
407 2526 2188 3
408 2462 2188 3
409 2584 2188 3
410 2453 2188 3
411 2380 2188 3
412 2259 2188 3
413 2230 2188 3
414 2238 2188 3
415 2259 2188 3
416 2288 2188 3
417 2259 2188 3
418 2380 2188 3
419 2453 2188 3
420 2462 2188 3
421 2603 2188 3
422 2772 2188 3
423 2603 2188 3
424 2777 2188 3
425 2728 2188 3
426 2741 2188 3
427 2915 2188 3
428 3129 2188 3
429 3167 2188 3
430 3038 2188 3
431 2936 2188 3
432 2951 2188 3
433 2936 2188 3
434 2951 2188 3
435 2957 2188 3
436 2948 2188 3
437 2904 2188 3
438 2909 2188 3
439 2701 2188 3
440 2680 2188 3
441 2683 2188 3
442 2758 2188 3
443 2571 2188 3
444 2596 2188 3
445 2571 2188 3
446 2596 2188 3
447 2571 2188 3
448 2700 2188 3
449 2592 2188 3
450 2554 2188 3
451 2238 2188 3
452 2230 2188 3
453 2238 2188 3
454 2259 2188 3
455 2288 2188 3
456 2259 2188 3
457 2288 2188 3
458 2259 2188 3
459 2312 2188 3
460 2259 2188 3
461 2348 2188 3
462 2456 2188 3
463 2456 2188 3
464 2427 2188 3
465 2457 2188 3
466 2578 2188 3
467 2527 2188 3
468 2578 2188 3
469 2651 2188 3
470 2790 2188 3
471 2789 2188 3
472 2895 2188 3
473 2874 2188 3
474 2760 2188 3
475 2789 2188 3
476 2895 2188 3
477 3025 2188 3
478 2805 2188 3
479 2691 2188 3
480 2805 2188 3
481 2938 2188 3
482 3066 2188 3
483 2984 2188 3
484 2791 2188 3
485 2796 2188 3
486 2762 2188 3
487 2660 2188 3
488 2713 2188 3
489 2716 2188 3
490 2713 2188 3
491 2737 2188 3
492 2702 2188 3
493 2649 2188 3
494 2620 2188 3
495 2603 2188 3
496 2490 2188 3
497 2490 2188 3
498 2436 2188 3
499 2331 2188 3
500 2406 2188 3
501 2331 2188 3
502 2453 2188 3
503 2555 2188 3
504 2555 2188 3
505 2631 2188 3
506 2631 2188 3
507 2667 2188 3
508 2655 2188 3
509 2566 2188 3
510 2453 2188 3
511 2560 2188 3
512 2515 2188 3
513 2532 2188 3
514 2515 2188 3
515 2532 2188 3
516 2577 2188 3
517 2657 2188 3
518 2665 2188 3
519 2684 2188 3
520 2527 2188 3
521 2519 2188 3
522 2457 2188 3
523 2398 2188 3
524 2395 2188 3
525 2398 2188 3
526 2395 2188 3
527 2412 2188 3
528 2465 2188 3
529 2412 2188 3
530 2501 2188 3
531 2603 2188 3
532 2501 2188 3
533 2609 2188 3
534 2501 2188 3
535 2603 2188 3
536 2603 2188 3
537 2612 2188 3
538 2603 2188 3
539 2699 2188 3
540 2678 2188 3
541 2678 2188 3
542 2438 2188 3
543 2365 2188 3
544 2302 2188 3
545 2321 2188 3
546 2302 2188 3
547 2355 2188 3
548 2302 2188 3
549 2404 2188 3
550 2411 2188 3
551 2445 2188 3
552 2482 2188 3
553 2511 2188 3
554 2384 2188 3
555 2410 2188 3
556 2500 2188 3
557 2546 2188 3
558 2564 2188 3
559 2422 2188 3
560 2295 2188 3
561 2276 2188 3
562 2302 2188 3
563 2276 2188 3
564 2302 2188 3
565 2404 2188 3
566 2374 2188 3
567 2451 2188 3
568 2408 2188 3
569 2451 2188 3
570 2408 2188 3
571 2480 2188 3
572 2454 2188 3
573 2454 2188 3
574 2562 2188 3
575 2454 2188 3
576 2568 2188 3
577 2655 2188 3
578 2753 2188 3
579 2632 2188 3
580 2691 2188 3
581 2804 2188 3
582 2921 2188 3
583 2815 2188 3
584 2749 2188 3
585 2619 2188 3
586 2633 2188 3
587 2606 2188 3
588 2633 2188 3
589 2606 2188 3
590 2635 2188 3
591 2776 2188 3
592 2535 2188 3
593 2521 2188 3
594 2535 2188 3
595 2662 2188 3
596 2776 2188 3
597 2755 2188 3
598 2633 2188 3
599 2629 2188 3
600 2602 2188 3
601 2606 2188 3
602 2602 2188 3
603 2610 2188 3
604 2624 2188 3
605 2632 2188 3
606 2633 2188 3
607 2650 2188 3
608 2610 2188 3
609 2637 2188 3
610 2629 2188 3
611 2602 2188 3
612 2610 2188 3
613 2637 2188 3
614 2663 2188 3
615 2637 2188 3
616 2690 2188 3
617 2747 2188 3
618 2620 2188 3
619 2567 2188 3
620 2571 2188 3
621 2469 2188 3
622 2452 2188 3
623 2455 2188 3
624 2469 2188 3
625 2520 2188 3
626 2469 2188 3
627 2522 2188 3
628 2469 2188 3
629 2558 2188 3
630 2660 2188 3
631 2651 2188 3
632 2549 2188 3
633 2651 2188 3
634 2651 2188 3
635 2651 2188 3
636 2660 2188 3
637 2759 2188 3
638 2860 2188 3
639 2945 2188 3
640 3064 2188 3
641 3034 2188 3
642 2978 2188 3
643 2862 2188 3
644 2861 2188 3
645 2901 2188 3
646 2861 2188 3
647 2818 2188 3
648 2549 2188 3
649 2651 2188 3
650 2549 2188 3
651 2651 2188 3
652 2549 2188 3
653 2718 2188 3
654 2549 2188 3
655 2735 2188 3
656 2744 2188 3
657 2735 2188 3
658 2751 2188 3
659 2735 2188 3
660 2751 2188 3
661 2766 2188 3
662 2435 2188 3
663 2486 2188 3
664 2435 2188 3
665 2510 2188 3
666 2435 2188 3
667 2510 2188 3
668 2511 2188 3
669 2660 2188 3
670 2651 2188 3
671 2510 2188 3
672 2435 2188 3
673 2510 2188 3
674 2435 2188 3
675 2486 2188 3
676 2435 2188 3
677 2488 2188 3
678 2435 2188 3
679 2510 2188 3
680 2435 2188 3
681 2549 2188 3
682 2435 2188 3
683 2510 2188 3
684 2511 2188 3
685 2603 2188 3
686 2632 2188 3
687 2658 2188 3
688 2632 2188 3
689 2672 2188 3
690 2590 2188 3
691 2467 2188 3
692 2420 2188 3
693 2375 2188 3
694 2374 2188 3
695 2299 2188 3
696 2352 2188 3
697 2299 2188 3
698 2388 2188 3
699 2299 2188 3
700 2411 2188 3
701 2413 2188 3
702 2500 2188 3
703 2413 2188 3
704 2534 2188 3
705 2560 2188 3
706 2729 2188 3
707 2560 2188 3
708 2731 2188 3
709 2735 2188 3
710 2836 2188 3
711 2940 2188 3
712 2834 2188 3
713 2778 2188 3
714 2614 2188 3
715 2742 2188 3
716 2751 2188 3
717 2945 2188 3
718 3140 2188 3
719 3088 2188 3
720 3049 2188 3
721 3026 2188 3
722 2963 2188 3
723 2961 2188 3
724 2950 2188 3
725 2942 2188 3
726 2832 2188 3
727 2826 2188 3
728 2797 2188 3
729 2808 2188 3
730 2797 2188 3
731 2808 2188 3
732 2814 2188 3
733 2808 2188 3
734 2833 2188 3
735 2837 2188 3
736 2821 2188 3
737 2808 2188 3
738 2836 2188 3
739 2808 2188 3
740 2836 2188 3
741 2849 2188 3
742 2919 2188 3
743 2849 2188 3
744 2919 2188 3
745 2920 2188 3
746 2919 2188 3
747 2985 2188 3
748 3065 2188 3
749 3126 2188 3
750 2926 2188 3
751 2794 2188 3
752 2736 2188 3
753 2671 2188 3
754 2643 2188 3
755 2620 2188 3
756 2602 2188 3
757 2531 2188 3
758 2518 2188 3
759 2520 2188 3
760 2454 2188 3
761 2477 2188 3
762 2454 2188 3
763 2520 2188 3
764 2454 2188 3
765 2527 2188 3
766 2538 2188 3
767 2518 2188 3
768 2531 2188 3
769 2547 2188 3
770 2518 2188 3
771 2538 2188 3
772 2567 2188 3
773 2538 2188 3
774 2567 2188 3
775 2649 2188 3
776 2502 2188 3
777 2431 2188 3
778 2378 2188 3
779 2363 2188 3
780 2359 2188 3
781 2360 2188 3
782 2359 2188 3
783 2360 2188 3
784 2359 2188 3
785 2363 2188 3
786 2359 2188 3
787 2363 2188 3
788 2364 2188 3
789 2379 2188 3
790 2364 2188 3
791 2379 2188 3
792 2408 2188 3
793 2477 2188 3
794 2408 2188 3
795 2477 2188 3
796 2497 2188 3
797 2583 2188 3
798 2587 2188 3
799 2583 2188 3
800 2612 2188 3
801 2495 2188 3
802 2580 2188 3
803 2436 2188 3
804 2391 2188 3
805 2332 2188 3
806 2332 2188 3
807 2230 2188 3
808 2238 2188 3
809 2230 2188 3
810 2259 2188 3
811 2304 2188 3
812 2310 2188 3
813 2302 2188 3
814 2238 2188 3
815 2259 2188 3
816 2238 2188 3
817 2291 2188 3
818 2238 2188 3
819 2302 2188 3
820 2310 2188 3
821 2302 2188 3
822 2310 2188 3
823 2399 2188 3
824 2457 2188 3
825 2399 2188 3
826 2391 2188 3
827 2327 2188 3
828 2319 2188 3
829 2327 2188 3
830 2347 2188 3
831 2368 2188 3
832 2391 2188 3
833 2393 2188 3
834 2348 2188 3
835 2401 2188 3
836 2348 2188 3
837 2412 2188 3
838 2393 2188 3
839 2399 2188 3
840 2501 2188 3
841 2399 2188 3
842 2501 2188 3
843 2501 2188 3
844 2501 2188 3
845 2501 2188 3
846 2510 2188 3
847 2501 2188 3
848 2515 2188 3
849 2576 2188 3
850 2572 2188 3
851 2543 2188 3
852 2544 2188 3
853 2613 2188 3
854 2544 2188 3
855 2613 2188 3
856 2651 2188 3
857 2651 2188 3
858 2611 2188 3
859 2627 2188 3
860 2554 2188 3
861 2582 2188 3
862 2579 2188 3
863 2610 2188 3
864 2602 2188 3
865 2610 2188 3
866 2602 2188 3
867 2611 2188 3
868 2632 2188 3
869 2722 2188 3
870 2708 2188 3
871 2608 2188 3
872 2644 2188 3
873 2608 2188 3
874 2664 2188 3
875 2519 2188 3
876 2490 2188 3
877 2490 2188 3
878 2490 2188 3
879 2490 2188 3
880 2505 2188 3
881 2536 2188 3
882 2505 2188 3
883 2538 2188 3
884 2577 2188 3
885 2538 2188 3
886 2578 2188 3
887 2653 2188 3
888 2578 2188 3
889 2692 2188 3
890 2547 2188 3
891 2546 2188 3
892 2547 2188 3
893 2563 2188 3
894 2599 2188 3
895 2563 2188 3
896 2653 2188 3
897 2649 2188 3
898 2519 2188 3
899 2494 2188 3
900 2465 2188 3
901 2465 2188 3
902 2465 2188 3
903 2359 2188 3
904 2360 2188 3
905 2359 2188 3
906 2363 2188 3
907 2364 2188 3
908 2379 2188 3
909 2364 2188 3
910 2379 2188 3
911 2375 2188 3
912 2360 2188 3
913 2364 2188 3
914 2389 2188 3
915 2359 2188 3
916 2360 2188 3
917 2375 2188 3
918 2360 2188 3
919 2375 2188 3
920 2421 2188 3
921 2446 2188 3
922 2466 2188 3
923 2519 2188 3
924 2466 2188 3
925 2539 2188 3
926 2628 2188 3
927 2656 2188 3
928 2653 2188 3
929 2674 2188 3
930 2645 2188 3
931 2674 2188 3
932 2677 2188 3
933 2753 2188 3
934 2717 2188 3
935 2475 2188 3
936 2354 2188 3
937 2346 2188 3
938 2354 2188 3
939 2374 2188 3
940 2427 2188 3
941 2374 2188 3
942 2449 2188 3
943 2448 2188 3
944 2399 2188 3
945 2441 2188 3
946 2490 2188 3
947 2487 2188 3
948 2586 2188 3
949 2737 2188 3
950 2764 2188 3
951 2737 2188 3
953 2851 2188 3
954 2878 2188 3
955 3022 2188 3
956 3214 2188 3
957 3367 2188 3
958 3560 2188 3
959 3367 2188 3
960 3560 2188 3
961 3529 2188 3
962 3144 2188 3
963 3226 2188 3
964 3248 2188 3
965 3214 2188 3
966 3206 2188 3
967 3214 2188 3
968 3206 2188 3
969 3228 2188 3
970 3270 2188 3
971 3382 2188 3
972 3240 2188 3
973 3176 2188 3
974 3134 2188 3
975 2883 2188 3
976 2798 2188 3
977 2798 2188 3
978 2798 2188 3
979 2798 2188 3
980 2798 2188 3
981 2799 2188 3
982 2798 2188 3
983 2814 2188 3
984 2820 2188 3
985 2827 2188 3
986 2854 2188 3
987 2825 2188 3
988 2829 2188 3
989 2858 2188 3
990 2909 2188 3
991 2942 2188 3
992 2869 2188 3
993 2886 2188 3
994 2748 2188 3
995 2703 2188 3
996 2686 2188 3
997 2686 2188 3
998 2686 2188 3
999 2686 2188 3
1000 2702 2188 3
1001 2708 2188 3
1002 2725 2188 3
1004 2611 2188 3
1005 2588 2188 3
1006 2588 2188 3
1007 2572 2188 3
1008 2572 2188 3
1009 2595 2188 3
1010 2594 2188 3
1011 2621 2188 3
1012 2594 2188 3
1013 2621 2188 3
1014 2617 2188 3
1015 2590 2188 3
1016 2568 2188 3
1017 2568 2188 3
1018 2585 2188 3
1019 2584 2188 3
1020 2590 2188 3
1021 2617 2188 3
1022 2590 2188 3
1023 2617 2188 3
1024 2621 2188 3
1025 2674 2188 3
1026 2621 2188 3
1027 2690 2188 3
1028 2686 2188 3
1029 2598 2188 3
1030 2368 2188 3
1031 2299 2188 3
1032 2352 2188 3
1033 2299 2188 3
1034 2368 2188 3
1035 2417 2188 3
1036 2368 2188 3
1037 2417 2188 3
1038 2374 2188 3
1039 2299 2188 3
1040 2374 2188 3
1041 2375 2188 3
1042 2383 2188 3
1043 2374 2188 3
1044 2299 2188 3
1045 2374 2188 3
1046 2299 2188 3
1047 2374 2188 3
1048 2543 2188 3
1049 2374 2188 3
1050 2299 2188 3
1051 2352 2188 3
1052 2299 2188 3
1053 2368 2188 3
1055 2422 2188 3
1056 2299 2188 3
1057 2374 2188 3
1058 2299 2188 3
1059 2374 2188 3
1060 2375 2188 3
1061 2420 2188 3
1062 2375 2188 3
1063 2420 2188 3
1064 2417 2188 3
1065 2388 2188 3
1066 2523 2188 3
1067 2388 2188 3
1068 2523 2188 3
1069 2388 2188 3
1070 2557 2188 3
1071 2388 2188 3
1072 2601 2188 3
1073 2576 2188 3
1074 2580 2188 3
1075 2507 2188 3
1076 2440 2188 3
1077 2319 2188 3
1078 2327 2188 3
1079 2319 2188 3
1080 2339 2188 3
1081 2368 2188 3
1082 2391 2188 3
1083 2461 2188 3
1084 2387 2188 3
1085 2347 2188 3
1086 2368 2188 3
1087 2347 2188 3
1088 2387 2188 3
1089 2461 2188 3
1090 2387 2188 3
1091 2461 2188 3
1092 2563 2188 3
1093 2593 2188 3
1094 2589 2188 3
1095 2581 2188 3
1096 2585 2188 3
1097 2585 2188 3
1098 2593 2188 3
1099 2616 2188 3
1100 2607 2188 3
1101 2438 2188 3
1102 2365 2188 3
1103 2384 2188 3
1104 2365 2188 3
1105 2438 2188 3
1106 2546 2188 3
1107 2659 2188 3
1108 2833 2188 3
1109 2731 2188 3
1110 2833 2188 3
1111 3043 2188 3
1112 3032 2188 3
1113 2774 2188 3
1114 2596 2188 3
1115 2466 2188 3
1116 2541 2188 3
1117 2466 2188 3
1118 2579 2188 3
1119 2596 2188 3
1120 2718 2188 3
1121 2596 2188 3
1122 2658 2188 3
1123 2836 2188 3
1124 2852 2188 3
1125 2744 2188 3
1126 2652 2188 3
1127 2415 2188 3
1128 2302 2188 3
1129 2321 2188 3
1130 2374 2188 3
1131 2321 2188 3
1132 2384 2188 3
1133 2321 2188 3
1134 2411 2188 3
1135 2510 2188 3
1136 2411 2188 3
1137 2321 2188 3
1138 2415 2188 3
1139 2517 2188 3
1140 2648 2188 3
1141 2724 2188 3
1142 2701 2188 3
1143 2571 2188 3
1144 2495 2188 3
1145 2495 2188 3
1146 2420 2188 3
1147 2525 2188 3
1148 2542 2188 3
1149 2609 2188 3
1150 2524 2188 3
1151 2495 2188 3
1152 2488 2188 3
1153 2302 2188 3
1154 2355 2188 3
1155 2302 2188 3
1156 2365 2188 3
1157 2302 2188 3
1158 2404 2188 3
1159 2302 2188 3
1160 2404 2188 3
1161 2503 2188 3
1162 2404 2188 3
1163 2302 2188 3
1164 2415 2188 3
1165 2584 2188 3
1166 2348 2188 3
1167 2290 2188 3
1168 2343 2188 3
1169 2290 2188 3
1170 2392 2188 3
1171 2290 2188 3
1172 2392 2188 3
1173 2290 2188 3
1174 2401 2188 3
1175 2201 2188 3
1176 2254 2188 3
1177 2201 2188 3
1178 2303 2188 3
1179 2201 2188 3
1180 2303 2188 3
1181 2201 2188 3
1182 2322 2188 3
1183 2508 2188 3
1184 2322 2188 3
1185 2508 2188 3
1186 2322 2188 3
1187 2511 2188 3
1188 2322 2188 3
1189 2201 2188 3
1190 2290 2188 3
1191 2401 2188 3
1192 2290 2188 3
1193 2411 2188 3
1194 2484 2188 3
1195 2615 2188 3
1196 2484 2188 3
1197 2480 2188 3
1198 2581 2188 3
1199 2391 2188 3
1200 2201 2188 3
1201 2254 2188 3
1202 2201 2188 3
1203 2290 2188 3
1204 2348 2188 3
1205 2418 2188 3
1206 2348 2188 3
1207 2418 2188 3
1208 2520 2188 3
1209 2418 2188 3
1210 2541 2188 3
1211 2418 2188 3
1212 2576 2188 3
1213 2651 2188 3
1214 2797 2188 3
1215 2520 2188 3
1216 2418 2188 3
1217 2520 2188 3
1218 2418 2188 3
1219 2520 2188 3
1220 2619 2188 3
1221 2779 2188 3
1222 2769 2188 3
1223 2583 2188 3
1224 2677 2188 3
1225 2539 2188 3
1226 2595 2188 3
1227 2539 2188 3
1228 2595 2188 3
1229 2649 2188 3
1230 2348 2188 3
1231 2201 2188 3
1232 2303 2188 3
1233 2201 2188 3
1234 2303 2188 3
1235 2201 2188 3
1236 2322 2188 3
1237 2445 2188 3
1238 2276 2188 3
1239 2295 2188 3
1240 2276 2188 3
1241 2349 2188 3
1242 2462 2188 3
1243 2542 2188 3
1245 2647 2188 3
1246 2640 2188 3
1247 2601 2188 3
1248 2580 2188 3
1249 2553 2188 3
1250 2499 2188 3
1251 2394 2188 3
1252 2415 2188 3
1253 2309 2188 3
1254 2188 2188 3
1255 2196 2188 3
1256 2188 2188 3
1257 2217 2188 3
1258 2286 2188 3
1259 2259 2188 3
1260 2286 2188 3
1261 2364 2188 3
1262 2338 2188 3
1263 2452 2188 3
1264 2505 2188 3
1265 2505 2188 3
1266 2484 2188 3
1267 2602 2188 3
1268 2598 2188 3
1269 2598 2188 3
1270 2480 2188 3
1271 2553 2188 3
1272 2480 2188 3
1273 2553 2188 3
1274 2549 2188 3
1275 2328 2188 3
1276 2257 2188 3
1277 2265 2188 3
1278 2286 2188 3
1279 2339 2188 3
1280 2286 2188 3
1281 2355 2188 3
1282 2404 2188 3
1283 2355 2188 3
1284 2404 2188 3
1285 2361 2188 3
1286 2286 2188 3
1287 2361 2188 3
1288 2288 2188 3
1289 2259 2188 3
1290 2230 2188 3
1291 2238 2188 3
1292 2230 2188 3
1293 2259 2188 3
1294 2288 2188 3
1295 2292 2188 3
1296 2217 2188 3
1297 2188 2188 3
1298 2196 2188 3
1299 2217 2188 3
1300 2270 2188 3
1301 2217 2188 3
1302 2286 2188 3
1303 2335 2188 3
1304 2286 2188 3
1305 2375 2188 3
1306 2483 2188 3
1307 2375 2188 3
1308 2544 2188 3
1309 2523 2188 3
1310 2523 2188 3
1311 2710 2188 3
1312 2809 2188 3
1313 2896 2188 3
1314 2888 2188 3
1315 2850 2188 3
1316 2873 2188 3
1317 2974 2188 3
1318 2972 2188 3
1319 3076 2188 3
1320 2800 2188 3
1321 2807 2188 3
1322 2800 2188 3
1323 2856 2188 3
1324 2800 2188 3
1325 2856 2188 3
1326 2969 2188 3
1327 3023 2188 3
1328 3025 2188 3
1329 3112 2188 3
1330 3273 2188 3
1331 3243 2188 3
1332 3145 2188 3
1333 2984 2188 3
1334 2965 2188 3
1335 3126 2188 3
1336 2965 2188 3
1337 3126 2188 3
1338 3026 2188 3
1339 2728 2188 3
1340 2539 2188 3
1341 2401 2188 3
1342 2382 2188 3
1343 2382 2188 3
1344 2382 2188 3
1345 2382 2188 3
1346 2382 2188 3
1347 2401 2188 3
1348 2471 2188 3
1349 2525 2188 3
1350 2471 2188 3
1351 2401 2188 3
1352 2343 2188 3
1353 2201 2188 3
1354 2254 2188 3
1355 2201 2188 3
1356 2303 2188 3
1357 2201 2188 3
1358 2303 2188 3
1359 2395 2188 3
1360 2391 2188 3
1361 2468 2188 3
1362 2448 2188 3
1363 2379 2188 3
1364 2448 2188 3
1365 2526 2188 3
1366 2652 2188 3
1367 2671 2188 3
1368 2720 2188 3
1369 2645 2188 3
1370 2757 2188 3
1371 2467 2188 3
1372 2201 2188 3
1373 2303 2188 3
1374 2201 2188 3
1375 2303 2188 3
1376 2201 2188 3
1377 2322 2188 3
1378 2445 2188 3
1379 2276 2188 3
1380 2295 2188 3
1381 2276 2188 3
1382 2349 2188 3
1383 2356 2188 3
1384 2456 2188 3
1385 2504 2188 3
1386 2714 2188 3
1387 2685 2188 3
1388 2728 2188 3
1389 2704 2188 3
1390 2814 2188 3
1391 2932 2188 3
1392 2819 2188 3
1393 2860 2188 3
1394 2816 2188 3
1395 2586 2188 3
1396 2545 2188 3
1397 2586 2188 3
1398 2545 2188 3
1399 2586 2188 3
1400 2585 2188 3
1401 2491 2188 3
1402 2488 2188 3
1403 2495 2188 3
1404 2524 2188 3
1405 2541 2188 3
1406 2585 2188 3
1407 2686 2188 3
1408 2400 2188 3
1409 2502 2188 3
1410 2400 2188 3
1411 2513 2188 3
1412 2671 2188 3
1413 2513 2188 3
1414 2682 2188 3
1415 2446 2188 3
1416 2578 2188 3
1417 2348 2188 3
1418 2418 2188 3
1419 2578 2188 3
1420 2690 2188 3
1421 2685 2188 3
1422 2863 2188 3
1423 2816 2188 3
1424 2582 2188 3
1425 2413 2188 3
1426 2343 2188 3
1427 2285 2188 3
1428 2277 2188 3
1429 2285 2188 3
1430 2306 2188 3
1431 2359 2188 3
1432 2306 2188 3
1433 2375 2188 3
1434 2394 2188 3
1435 2443 2188 3
1436 2394 2188 3
1437 2562 2188 3
1438 2555 2188 3
1439 2556 2188 3
1440 2564 2188 3
1441 2600 2188 3
1442 2613 2188 3
1443 2675 2188 3
1444 2844 2188 3
1445 2789 2188 3
1446 2972 2188 3
1447 2871 2188 3
1448 2967 2188 3
1449 2908 2188 3
1450 2862 2188 3
1451 2738 2188 3
1452 2630 2188 3
1453 2685 2188 3
1454 2630 2188 3
1455 2731 2188 3
1457 2774 2188 3
1458 2890 2188 3
1459 2774 2188 3
1460 2964 2188 3
1461 3190 2188 3
1462 3277 2188 3
1463 3008 2188 3
1464 2982 2188 3
1465 2868 2188 3
1466 2982 2188 3
1467 3055 2188 3
1469 3280 2188 3
1470 3065 2188 3
1471 3092 2188 3
1472 3096 2188 3
Customer 1: 12
B1 ID: 15 D1 ID: 14
Customer 2: 14
B2 ID: 19 D2 ID: 18
-----
Route 1 Before: 50,15,49,4,27,13,11,23,9,50
Route 2 Before: 50,20,6,1,0,3,7,41,17,8,19,50
-----
---------
Route 1 After: 50,14,49,4,27,13,11,23,9,50
Route 2 After: 50,20,6,1,0,3,7,41,17,8,18,50
---------
Priority swap cost contribution: 116
1473 3212 2188 3
1474 3241 2188 3
1475 3260 2188 3
1476 3378 2188 3
1477 3434 2188 3
1478 3650 2188 3
1479 3487 2188 3
1480 3650 2188 3
1481 3777 2188 3
1482 3718 2188 3
1483 3740 2188 3
1484 3486 2188 3
1485 3649 2188 3
1486 3717 2188 3
1487 3740 2188 3
1488 3744 2188 3
1489 3881 2188 3
1490 3861 2188 3
1491 3778 2188 3
1492 3792 2188 3
1493 3786 2188 3
1494 3757 2188 3
1495 3760 2188 3
1496 3757 2188 3
1497 3763 2188 3
1498 3749 2188 3
1499 3778 2188 3
1500 3562 2188 3
1501 3388 2188 3
1502 3244 2188 3
1503 3104 2188 3
1504 3009 2188 3
1505 2961 2188 3
1507 2753 2188 3
1508 2739 2188 3
1509 2487 2188 3
1510 2491 2188 3
1511 2487 2188 3
1512 2495 2188 3
1513 2487 2188 3
1514 2513 2188 3
1515 2513 2188 3
1516 2542 2188 3
1517 2542 2188 3
1518 2516 2188 3
1519 2546 2188 3
1520 2377 2188 3
1521 2348 2188 3
1522 2356 2188 3
1523 2377 2188 3
1524 2430 2188 3
1525 2377 2188 3
1526 2452 2188 3
1527 2377 2188 3
1528 2452 2188 3
1529 2452 2188 3
1530 2423 2188 3
1531 2423 2188 3
1532 2348 2188 3
1533 2377 2188 3
1534 2478 2188 3
1535 2592 2188 3
1536 2470 2188 3
1537 2621 2188 3
1538 2823 2188 3
1539 2837 2188 3
1540 2823 2188 3
1541 2837 2188 3
1542 2873 2188 3
1543 2958 2188 3
1544 2804 2188 3
1545 2753 2188 3
1546 2804 2188 3
1547 2926 2188 3
1548 2804 2188 3
1549 2926 2188 3
1550 3014 2188 3
1551 3181 2188 3
1553 3400 2188 3
1554 3302 2188 3
1555 3244 2188 3
1556 3217 2188 3
1557 3167 2188 3
1558 3189 2188 3
1559 3167 2188 3
1560 3217 2188 3
1561 3215 2188 3
1562 3213 2188 3
1563 3212 2188 3
1564 3214 2188 3
1565 3212 2188 3
1566 3214 2188 3
1567 3222 2188 3
1568 3124 2188 3
1569 3141 2188 3
1570 3124 2188 3
1571 3147 2188 3
1572 3124 2188 3
1573 3149 2188 3
1574 3124 2188 3
1575 2911 2188 3
1576 2875 2188 3
1577 2867 2188 3
1578 2850 2188 3
1579 2855 2188 3
1580 2863 2188 3
1581 2872 2188 3
1582 2882 2188 3
1583 2872 2188 3
1584 2891 2188 3
1585 2872 2188 3
1586 2899 2188 3
1587 2886 2188 3
1588 2922 2188 3
1589 2947 2188 3
1590 3049 2188 3
1591 3076 2188 3
1592 3074 2188 3
1593 3066 2188 3
1594 2964 2188 3
1595 2980 2188 3
1596 2877 2188 3
1597 2852 2188 3
1598 2681 2188 3
1599 2643 2188 3
1600 2590 2188 3
1601 2582 2188 3
1602 2582 2188 3
1603 2523 2188 3
1604 2520 2188 3
1605 2523 2188 3
1606 2537 2188 3
1607 2590 2188 3
1608 2537 2188 3
1609 2626 2188 3
1610 2714 2188 3
1611 2520 2188 3
1612 2512 2188 3
1613 2461 2188 3
1614 2454 2188 3
1615 2329 2188 3
1616 2321 2188 3
1617 2329 2188 3
1618 2350 2188 3
1619 2403 2188 3
1620 2350 2188 3
1621 2452 2188 3
1622 2452 2188 3
1623 2452 2188 3
1624 2551 2188 3
1625 2452 2188 3
1626 2350 2188 3
1627 2478 2188 3
1628 2499 2188 3
1629 2574 2188 3
1630 2574 2188 3
1631 2696 2188 3
1632 2574 2188 3
1633 2696 2188 3
1634 2766 2188 3
1635 2553 2188 3
1636 2553 2188 3
1637 2431 2188 3
1638 2329 2188 3
1639 2350 2188 3
1640 2329 2188 3
1641 2350 2188 3
1642 2491 2188 3
1643 2350 2188 3
1644 2491 2188 3
1645 2660 2188 3
1646 2491 2188 3
1647 2681 2188 3
1648 2350 2188 3
1649 2452 2188 3
1650 2350 2188 3
1651 2321 2188 3
1652 2329 2188 3
1653 2350 2188 3
1654 2403 2188 3
1655 2350 2188 3
1656 2452 2188 3
1657 2350 2188 3
1658 2452 2188 3
1659 2452 2188 3
1660 2452 2188 3
1661 2548 2188 3
1662 2544 2188 3
1663 2573 2188 3
1664 2544 2188 3
1665 2621 2188 3
1666 2544 2188 3
1667 2501 2188 3
1668 2475 2188 3
1669 2350 2188 3
1670 2452 2188 3
1671 2553 2188 3
1672 2478 2188 3
1673 2329 2188 3
1674 2382 2188 3
1675 2329 2188 3
1676 2431 2188 3
1677 2329 2188 3
1678 2350 2188 3
1679 2470 2188 3
1680 2639 2188 3
1681 2470 2188 3
1682 2672 2188 3
1683 2672 2188 3
1684 2686 2188 3
1686 2686 2188 3
1687 2672 2188 3
1688 2699 2188 3
1689 2720 2188 3
1690 2897 2188 3
1691 2899 2188 3
1692 2926 2188 3
1693 2720 2188 3
1694 2899 2188 3
1695 2897 2188 3
1696 2924 2188 3
1697 2937 2188 3
1698 2933 2188 3
1699 2909 2188 3
1700 2937 2188 3
1701 2909 2188 3
1702 2937 2188 3
1703 3017 2188 3
1704 3004 2188 3
1705 2977 2188 3
1706 3013 2188 3
1707 3127 2188 3
1708 3186 2188 3
1709 3256 2188 3
1710 3256 2188 3
1711 3269 2188 3
1712 3256 2188 3
1713 3283 2188 3
1714 3257 2188 3
1715 3265 2188 3
1716 3332 2188 3
1717 3222 2188 3
1718 3214 2188 3
1719 3215 2188 3
1720 3214 2188 3
1721 3222 2188 3
1722 3336 2188 3
1723 3222 2188 3
1724 3344 2188 3
1725 3052 2188 3
1726 3006 2188 3
1727 2793 2188 3
1728 2615 2188 3
1729 2623 2188 3
1730 2601 2188 3
1731 2593 2188 3
1732 2556 2188 3
1733 2555 2188 3
1734 2559 2188 3
1735 2419 2188 3
1736 2366 2188 3
1737 2374 2188 3
1738 2366 2188 3
1739 2395 2188 3
1740 2427 2188 3
1741 2442 2188 3
1742 2427 2188 3
1743 2442 2188 3
1744 2502 2188 3
1745 2377 2188 3
1746 2348 2188 3
1747 2356 2188 3
1748 2377 2188 3
1749 2452 2188 3
1750 2452 2188 3
1751 2423 2188 3
1752 2423 2188 3
1753 2348 2188 3
1754 2377 2188 3
1755 2452 2188 3
1756 2453 2188 3
1757 2604 2188 3
1758 2753 2188 3
1759 2744 2188 3
1760 2642 2188 3
1761 2811 2188 3
1762 2642 2188 3
1763 2832 2188 3
1764 2703 2188 3
1765 2350 2188 3
1766 2321 2188 3
1767 2329 2188 3
1768 2350 2188 3
1769 2403 2188 3
1770 2350 2188 3
1771 2452 2188 3
1772 2350 2188 3
1773 2475 2188 3
1774 2501 2188 3
1775 2475 2188 3
1776 2513 2188 3
1777 2639 2188 3
1778 2727 2188 3
1779 2628 2188 3
1780 2584 2188 3
1781 2350 2188 3
1782 2452 2188 3
1783 2350 2188 3
1784 2452 2188 3
1785 2453 2188 3
1786 2549 2188 3
1787 2659 2188 3
1788 2460 2188 3
1789 2584 2188 3
1790 2511 2188 3
1791 2612 2188 3
1792 2485 2188 3
1793 2669 2188 3
1794 2485 2188 3
1795 2669 2188 3
1796 2485 2188 3
1797 2687 2188 3
1798 2601 2188 3
1799 2419 2188 3
1800 2389 2188 3
1801 2389 2188 3
1802 2360 2188 3
1803 2354 2188 3
1804 2360 2188 3
1805 2381 2188 3
1806 2410 2188 3
1807 2381 2188 3
1808 2434 2188 3
1809 2381 2188 3
1810 2459 2188 3
1811 2413 2188 3
1812 2384 2188 3
1813 2383 2188 3
1814 2354 2188 3
1815 2381 2188 3
1816 2459 2188 3
1817 2459 2188 3
1818 2473 2188 3
1819 2381 2188 3
1820 2352 2188 3
1821 2352 2188 3
1822 2277 2188 3
1823 2285 2188 3
1824 2277 2188 3
1825 2306 2188 3
1826 2359 2188 3
1827 2306 2188 3
1829 2427 2188 3
1830 2442 2188 3
1831 2427 2188 3
1832 2442 2188 3
1833 2556 2188 3
1834 2725 2188 3
1835 2556 2188 3
1836 2725 2188 3
1837 2739 2188 3
1838 2770 2188 3
1839 2778 2188 3
1840 2779 2188 3
1841 2739 2188 3
1842 2783 2188 3
1843 2774 2188 3
1844 2791 2188 3
1845 2774 2188 3
1846 2817 2188 3
1847 2826 2188 3
1848 2932 2188 3
1849 2847 2188 3
1850 2961 2188 3
1851 3014 2188 3
1852 3063 2188 3
1853 3014 2188 3
1854 3068 2188 3
1855 2949 2188 3
1856 3009 2188 3
1857 2929 2188 3
1858 2957 2188 3
1859 2876 2188 3
1860 2929 2188 3
1861 3035 2188 3
1862 2929 2188 3
1863 2995 2188 3
1864 3167 2188 3
1865 3340 2188 3
1866 3313 2188 3
1867 3304 2188 3
1868 3303 2188 3
1869 3330 2188 3
1870 3303 2188 3
1871 3339 2188 3
1872 3303 2188 3
1873 3357 2188 3
1874 3379 2188 3
1875 3239 2188 3
1876 3171 2188 3
1877 2989 2188 3
1878 2923 2188 3
1879 2870 2188 3
1880 2817 2188 3
1881 2678 2188 3
1882 2664 2188 3
1883 2470 2188 3
1884 2491 2188 3
1885 2470 2188 3
1886 2491 2188 3
1887 2377 2188 3
1888 2348 2188 3
1889 2356 2188 3
1890 2377 2188 3
1891 2430 2188 3
1892 2377 2188 3
1893 2452 2188 3
1894 2377 2188 3
1895 2491 2188 3
1896 2593 2188 3
1897 2593 2188 3
1898 2602 2188 3
1899 2453 2188 3
1900 2423 2188 3
1901 2452 2188 3
1902 2482 2188 3
1903 2578 2188 3
1904 2482 2188 3
1905 2581 2188 3
1906 2682 2188 3
1907 2804 2188 3
1908 2953 2188 3
1909 2812 2188 3
1910 2908 2188 3
1911 2899 2188 3
1912 2937 2188 3
1913 2850 2188 3
1914 2928 2188 3
1915 3050 2188 3
1916 2928 2188 3
1917 3050 2188 3
1918 2929 2188 3
1919 2999 2188 3
1920 2990 2188 3
1921 3117 2188 3
1922 2971 2188 3
1923 3043 2188 3
1925 3043 2188 3
1926 2869 2188 3
1927 2843 2188 3
1928 2771 2188 3
1929 2770 2188 3
1930 2771 2188 3
1931 2833 2188 3
1932 2771 2188 3
1933 2843 2188 3
1934 2958 2188 3
1935 2843 2188 3
1936 2958 2188 3
1938 2958 2188 3
1939 3070 2188 3
1940 3086 2188 3
1941 3164 2188 3
1942 3178 2188 3
1943 3214 2188 3
1944 3059 2188 3
1945 3045 2188 3
1946 2843 2188 3
1947 2984 2188 3
1948 3108 2188 3
1949 3055 2188 3
1950 2861 2188 3
1951 2620 2188 3
1952 2543 2188 3
1953 2445 2188 3
1954 2471 2188 3
1955 2524 2188 3
1956 2471 2188 3
1957 2573 2188 3
1958 2471 2188 3
1959 2573 2188 3
1960 2574 2188 3
1961 2573 2188 3
1962 2574 2188 3
1963 2423 2188 3
1964 2321 2188 3
1965 2329 2188 3
1966 2321 2188 3
1967 2350 2188 3
1968 2403 2188 3
1969 2350 2188 3
1970 2452 2188 3
1971 2452 2188 3
1972 2551 2188 3
1973 2652 2188 3
1974 2779 2188 3
1975 2750 2188 3
1977 2749 2188 3
1978 2550 2188 3
1979 2431 2188 3
1980 2329 2188 3
1981 2382 2188 3
1982 2329 2188 3
1983 2431 2188 3
1984 2329 2188 3
1985 2491 2188 3
1986 2470 2188 3
1987 2619 2188 3
1988 2741 2188 3
1989 2770 2188 3
1990 2784 2188 3
1991 2770 2188 3
1992 2784 2188 3
1993 2811 2188 3
1994 2803 2188 3
1995 2656 2188 3
1996 2629 2188 3
1997 2638 2188 3
1998 2665 2188 3
1999 2550 2188 3
2000 2656 2188 3
2001 2550 2188 3
2002 2660 2188 3
2003 2550 2188 3
2004 2660 2188 3
2005 2775 2188 3
2006 2780 2188 3
2007 2775 2188 3
2008 2780 2188 3
2009 2902 2188 3
2010 3040 2188 3
2011 3044 2188 3
2012 2986 2188 3
2013 3044 2188 3
2014 3148 2188 3
2015 3314 2188 3
2016 3305 2188 3
2017 3461 2188 3
2018 3296 2188 3
2019 3286 2188 3
2020 3292 2188 3
2021 3328 2188 3
2022 3306 2188 3
2023 3328 2188 3
2024 3354 2188 3
2025 3067 2188 3
2026 2873 2188 3
2027 2527 2188 3
2028 2535 2188 3
2029 2527 2188 3
2030 2556 2188 3
2031 2609 2188 3
2032 2556 2188 3
2033 2652 2188 3
2034 2459 2188 3
2035 2386 2188 3
2036 2357 2188 3
2037 2365 2188 3
2038 2386 2188 3
2039 2412 2188 3
2040 2386 2188 3
2041 2412 2188 3
2042 2465 2188 3
2043 2412 2188 3
2044 2501 2188 3
2045 2609 2188 3
2046 2501 2188 3
2047 2603 2188 3
2048 2501 2188 3
2049 2670 2188 3
2050 2615 2188 3
2051 2786 2188 3
2052 2786 2188 3
2053 2786 2188 3
2054 2786 2188 3
2055 2787 2188 3
2056 2791 2188 3
2057 2666 2188 3
2058 2665 2188 3
2059 2665 2188 3
2060 2665 2188 3
2061 2666 2188 3
2062 2767 2188 3
2063 2879 2188 3
2064 2767 2188 3
2065 2879 2188 3
2066 2914 2188 3
2068 3050 2188 3
2069 3046 2188 3
2070 3061 2188 3
2071 3046 2188 3
2072 3097 2188 3
2073 3105 2188 3
2074 3097 2188 3
2075 3105 2188 3
2076 3120 2188 3
2077 3176 2188 3
2078 3298 2188 3
2079 3444 2188 3
2080 3422 2188 3
2081 3444 2188 3
2082 3422 2188 3
2083 3450 2188 3
2084 3568 2188 3
2085 3548 2188 3
2086 3535 2188 3
2087 3470 2188 3
2088 3408 2188 3
2089 3381 2188 3
2090 3359 2188 3
2091 3360 2188 3
2092 3359 2188 3
2093 3367 2188 3
2094 3389 2188 3
2095 3395 2188 3
2096 3389 2188 3
2097 3395 2188 3
2098 3416 2188 3
2099 3411 2188 3
2100 3140 2188 3
2101 2900 2188 3
2102 2862 2188 3
2103 2845 2188 3
2104 2704 2188 3
2105 2705 2188 3
2106 2704 2188 3
2107 2713 2188 3
2108 2712 2188 3
2109 2735 2188 3
2110 2566 2188 3
2111 2569 2188 3
2112 2566 2188 3
2113 2578 2188 3
2114 2566 2188 3
2115 2578 2188 3
2116 2566 2188 3
2117 2595 2188 3
2118 2596 2188 3
2119 2566 2188 3
2120 2599 2188 3
2121 2590 2188 3
2122 2633 2188 3
2123 2634 2188 3
2124 2522 2188 3
2125 2522 2188 3
2126 2321 2188 3
2127 2329 2188 3
2128 2321 2188 3
2129 2350 2188 3
2130 2403 2188 3
2131 2350 2188 3
2132 2452 2188 3
2133 2350 2188 3
2134 2452 2188 3
2135 2452 2188 3
2136 2548 2188 3
2137 2586 2188 3
2138 2715 2188 3
2139 2642 2188 3
2140 2510 2188 3
2141 2483 2188 3
2142 2513 2188 3
2143 2612 2188 3
2144 2493 2188 3
2145 2463 2188 3
2146 2438 2188 3
2147 2438 2188 3
2148 2365 2188 3
2149 2386 2188 3
2150 2412 2188 3
2151 2386 2188 3
2152 2512 2188 3
2153 2531 2188 3
2154 2633 2188 3
2155 2531 2188 3
2156 2655 2188 3
2157 2531 2188 3
2158 2655 2188 3
2159 2756 2188 3
2160 2811 2188 3
2161 2921 2188 3
2162 3035 2188 3
2163 2921 2188 3
2164 3035 2188 3
2165 3112 2188 3
2166 3069 2188 3
2167 3112 2188 3
2168 3227 2188 3
2169 3209 2188 3
2170 3093 2188 3
2171 3050 2188 3
2172 3093 2188 3
2173 3193 2188 3
2175 3117 2188 3
2176 2995 2188 3
2177 2761 2188 3
2178 2684 2188 3
2179 2655 2188 3
2180 2655 2188 3
2181 2383 2188 3
2182 2357 2188 3
2183 2365 2188 3
2184 2357 2188 3
2185 2383 2188 3
2186 2357 2188 3
2187 2386 2188 3
2188 2439 2188 3
2189 2386 2188 3
2190 2475 2188 3
2191 2350 2188 3
2192 2321 2188 3
2193 2329 2188 3
2194 2350 2188 3
2195 2403 2188 3
2196 2350 2188 3
2197 2452 2188 3
2198 2452 2188 3
2199 2452 2188 3
2200 2350 2188 3
2201 2452 2188 3
2202 2452 2188 3
2203 2453 2188 3
2204 2452 2188 3
2205 2461 2188 3
2206 2562 2188 3
2207 2431 2188 3
2208 2550 2188 3
2209 2431 2188 3
2210 2550 2188 3
2211 2656 2188 3
2212 2760 2188 3
2213 2892 2188 3
2214 2907 2188 3
2215 2892 2188 3
2216 2943 2188 3
2217 2951 2188 3
2218 2943 2188 3
2219 2951 2188 3
2220 2966 2188 3
2221 3066 2188 3
2222 3232 2188 3
2223 3346 2188 3
2224 3181 2188 3
2225 3067 2188 3
2226 3181 2188 3
2227 3327 2188 3
2228 3305 2188 3
2229 3327 2188 3
2230 3305 2188 3
2231 3333 2188 3
2232 3471 2188 3
2233 3458 2188 3
2234 3398 2188 3
2235 3269 2188 3
2236 3211 2188 3
2237 3199 2188 3
2238 3193 2188 3
2239 3171 2188 3
2240 3057 2188 3
2241 3034 2188 3
2242 3038 2188 3
2243 3034 2188 3
2244 3055 2188 3
2245 3077 2188 3
2246 3055 2188 3
2247 3077 2188 3
2248 3055 2188 3
2250 3054 2188 3
2251 2891 2188 3
2252 2868 2188 3
2253 2868 2188 3
2254 2845 2188 3
2255 2829 2188 3
2256 2827 2188 3
2257 2827 2188 3
2258 2827 2188 3
2259 2829 2188 3
2260 2833 2188 3
2261 2830 2188 3
2262 2759 2188 3
2263 2705 2188 3
2264 2650 2188 3
2265 2650 2188 3
2266 2650 2188 3
2267 2650 2188 3
2268 2650 2188 3
2269 2662 2188 3
2270 2650 2188 3
2271 2662 2188 3
2272 2676 2188 3
2273 2699 2188 3
2274 2676 2188 3
2275 2731 2188 3
2276 2676 2188 3
2277 2753 2188 3
2278 2676 2188 3
2279 2753 2188 3
2280 2774 2188 3
2281 2856 2188 3
2282 2738 2188 3
2283 2656 2188 3
2284 2638 2188 3
2285 2622 2188 3
2286 2608 2188 3
2287 2606 2188 3
2288 2606 2188 3
2289 2606 2188 3
2290 2606 2188 3
2291 2606 2188 3
2292 2608 2188 3
2293 2622 2188 3
2294 2608 2188 3
2295 2624 2188 3
2296 2637 2188 3
2297 2655 2188 3
2298 2693 2188 3
2299 2655 2188 3
Priority 1: 0.8
Priority 2: 0.96
///////////////////
Feasible
Solution Cost: 2188
--------------
Route 0:

LOCATION | CUSTOMER
0 1000
27 18
27 21
27 19
27 2
8 12
0 1000
Max capacity: 150 Load:71
--------------
--------------
Route 1:

LOCATION | CUSTOMER
0 1000
1 5
30 16
26 24
26 13
29 10
29 4
29 17
29 11
29 15
5 9
0 1000
Max capacity: 150 Load:150
--------------
--------------
Route 2:

LOCATION | CUSTOMER
0 1000
16 20
2 6
28 3
28 0
28 23
28 1
3 7
20 22
4 8
26 14
0 1000
Max capacity: 150 Load:140
--------------
Solution Cost: 2188
Priority 1: 0.8
Priority 2: 0.96
///////////////////
Restart: 8
0 3457 1.7976931348623157E+308 0
1 3168 1.7976931348623157E+308 0
2 3085 1.7976931348623157E+308 0
3 3022 1.7976931348623157E+308 0
4 2963 1.7976931348623157E+308 0
5 2904 1.7976931348623157E+308 0
6 2877 1.7976931348623157E+308 0
7 2804 1.7976931348623157E+308 0
8 2799 1.7976931348623157E+308 0
9 2784 1.7976931348623157E+308 0
10 2780 1.7976931348623157E+308 0
11 2784 1.7976931348623157E+308 0
12 2814 1.7976931348623157E+308 0
13 2670 1.7976931348623157E+308 0
14 2672 1.7976931348623157E+308 0
15 2649 1.7976931348623157E+308 0
16 2664 1.7976931348623157E+308 0
17 2649 1.7976931348623157E+308 0
18 2668 1.7976931348623157E+308 0
19 2652 1.7976931348623157E+308 0
20 2657 1.7976931348623157E+308 0
21 2652 1.7976931348623157E+308 0
22 2657 1.7976931348623157E+308 0
23 2652 1.7976931348623157E+308 0
24 2668 1.7976931348623157E+308 0
25 2626 1.7976931348623157E+308 0
26 2649 1.7976931348623157E+308 0
27 2626 1.7976931348623157E+308 0
28 2653 1.7976931348623157E+308 0
29 2626 1.7976931348623157E+308 0
30 2653 1.7976931348623157E+308 0
31 2648 2648 3 flip
31 2648 2648 3
32 2613 2613 3 relocate
32 2613 2613 3
33 2582 2582 3 relocate
33 2582 2582 3
34 2582 2582 3
35 2555 2555 3 two opt
35 2555 2555 3
36 2574 2555 3
37 2555 2555 3
38 2582 2555 3
39 2555 2555 3
40 2600 2555 3
41 2613 2555 3
42 2597 2555 3
43 2555 2555 3
44 2582 2555 3
45 2582 2555 3
46 2653 2555 3
47 2582 2555 3
48 2653 2555 3
49 2673 2555 3
50 2770 2555 3
51 2786 2555 3
52 2823 2555 3
53 2786 2555 3
54 2828 2555 3
55 2819 2555 3
56 2770 2555 3
57 2796 2555 3
58 2807 2555 3
59 2808 2555 3
60 2704 2555 3
61 2802 2555 3
62 2704 2555 3
63 2806 2555 3
64 2802 2555 3
65 2905 2555 3
66 2845 2555 3
67 2846 2555 3
68 2834 2555 3
69 2845 2555 3
70 2846 2555 3
71 2900 2555 3
72 2960 2555 3
73 3065 2555 3
74 3072 2555 3
75 2920 2555 3
76 2787 2555 3
77 2695 2555 3
78 2593 2555 3
79 2496 2496 3 relocate
79 2496 2496 3
80 2585 2496 3
81 2682 2496 3
82 2784 2496 3
83 2682 2496 3
84 2784 2496 3
85 2778 2496 3
86 2778 2496 3
87 2778 2496 3
88 2861 2496 3
89 2843 2496 3
90 2687 2496 3
91 2641 2496 3
92 2641 2496 3
93 2639 2496 3
94 2597 2496 3
95 2555 2496 3
96 2574 2496 3
97 2555 2496 3
98 2582 2496 3
99 2555 2496 3
100 2582 2496 3
101 2643 2496 3
102 2666 2496 3
103 2643 2496 3
104 2670 2496 3
105 2683 2496 3
106 2683 2496 3
107 2703 2496 3
108 2639 2496 3
109 2619 2496 3
110 2639 2496 3
111 2669 2496 3
112 2639 2496 3
113 2669 2496 3
114 2642 2496 3
115 2604 2496 3
116 2521 2496 3
117 2419 2419 3 two opt
117 2419 2419 3
118 2366 2366 3 swap
118 2366 2366 3
119 2337 2337 3 swap
119 2337 2337 3
120 2346 2337 3
121 2366 2337 3
122 2346 2337 3
123 2399 2337 3
124 2346 2337 3
125 2410 2337 3
126 2346 2337 3
127 2410 2337 3
128 2418 2337 3
129 2507 2337 3
130 2609 2337 3
131 2605 2337 3
132 2556 2337 3
133 2605 2337 3
134 2609 2337 3
135 2609 2337 3
136 2501 2337 3
137 2399 2337 3
138 2420 2337 3
139 2399 2337 3
140 2277 2277 3 swap
140 2277 2277 3
141 2285 2277 3
142 2306 2277 3
143 2359 2277 3
144 2306 2277 3
145 2375 2277 3
146 2306 2277 3
147 2381 2277 3
148 2381 2277 3
149 2453 2277 3
150 2381 2277 3
151 2352 2277 3
152 2352 2277 3
153 2277 2277 3
154 2285 2277 3
155 2277 2277 3
156 2306 2277 3
157 2359 2277 3
158 2306 2277 3
159 2375 2277 3
160 2306 2277 3
161 2381 2277 3
162 2424 2277 3
163 2455 2277 3
164 2426 2277 3
165 2434 2277 3
166 2426 2277 3
167 2435 2277 3
168 2513 2277 3
169 2473 2277 3
170 2469 2277 3
171 2448 2277 3
172 2469 2277 3
173 2509 2277 3
174 2469 2277 3
175 2518 2277 3
176 2259 2259 3 two opt
176 2259 2259 3
177 2230 2230 3 swap
177 2230 2230 3
178 2238 2230 3
179 2259 2230 3
180 2288 2230 3
181 2259 2230 3
182 2288 2230 3
183 2259 2230 3
184 2312 2230 3
185 2259 2230 3
186 2380 2230 3
187 2453 2230 3
188 2380 2230 3
189 2453 2230 3
190 2453 2230 3
191 2542 2230 3
192 2610 2230 3
193 2580 2230 3
194 2462 2230 3
195 2603 2230 3
196 2747 2230 3
197 2861 2230 3
198 2808 2230 3
199 2812 2230 3
200 2910 2230 3
201 3009 2230 3
202 3178 2230 3
203 3009 2230 3
204 3193 2230 3
205 2902 2230 3
206 2929 2230 3
207 3019 2230 3
208 2906 2230 3
209 3019 2230 3
210 3032 2230 3
211 2968 2230 3
212 2974 2230 3
213 3082 2230 3
214 3308 2230 3
215 3335 2230 3
216 3451 2230 3
217 3389 2230 3
218 3262 2230 3
219 3275 2230 3
220 3161 2230 3
221 3131 2230 3
222 3102 2230 3
223 3104 2230 3
224 3102 2230 3
225 2908 2230 3
226 2821 2230 3
227 2813 2230 3
228 2815 2230 3
229 2792 2230 3
230 2771 2230 3
231 2642 2230 3
232 2665 2230 3
233 2642 2230 3
234 2665 2230 3
235 2601 2230 3
236 2572 2230 3
237 2575 2230 3
238 2572 2230 3
239 2575 2230 3
240 2572 2230 3
241 2579 2230 3
242 2602 2230 3
243 2579 2230 3
244 2608 2230 3
245 2661 2230 3
246 2715 2230 3
247 2661 2230 3
248 2715 2230 3
249 2735 2230 3
250 2608 2230 3
251 2701 2230 3
252 2712 2230 3
253 2608 2230 3
254 2701 2230 3
255 2712 2230 3
256 2799 2230 3
257 2710 2230 3
258 2711 2230 3
259 2710 2230 3
260 2816 2230 3
261 2667 2230 3
262 2474 2230 3
263 2329 2230 3
264 2276 2230 3
265 2295 2230 3
266 2276 2230 3
267 2302 2230 3
268 2276 2230 3
269 2349 2230 3
270 2345 2230 3
271 2349 2230 3
272 2356 2230 3
273 2445 2230 3
274 2411 2230 3
275 2321 2230 3
276 2415 2230 3
277 2495 2230 3
278 2415 2230 3
279 2517 2230 3
280 2621 2230 3
281 2810 2230 3
282 2789 2230 3
283 2890 2230 3
284 2789 2230 3
285 2890 2230 3
286 2816 2230 3
287 2515 2230 3
288 2534 2230 3
289 2515 2230 3
290 2617 2230 3
291 2863 2230 3
292 2814 2230 3
293 2792 2230 3
294 2662 2230 3
295 2556 2230 3
296 2503 2230 3
297 2556 2230 3
298 2609 2230 3
299 2597 2230 3
300 2544 2230 3
301 2530 2230 3
302 2530 2230 3
303 2378 2230 3
304 2363 2230 3
305 2364 2230 3
306 2363 2230 3
307 2359 2230 3
308 2360 2230 3
309 2364 2230 3
310 2379 2230 3
311 2364 2230 3
312 2379 2230 3
313 2375 2230 3
314 2360 2230 3
315 2359 2230 3
316 2363 2230 3
317 2378 2230 3
318 2363 2230 3
319 2378 2230 3
320 2374 2230 3
321 2359 2230 3
322 2363 2230 3
323 2416 2230 3
324 2363 2230 3
325 2452 2230 3
326 2475 2230 3
327 2453 2230 3
328 2481 2230 3
329 2453 2230 3
330 2468 2230 3
331 2539 2230 3
332 2468 2230 3
333 2539 2230 3
334 2559 2230 3
335 2586 2230 3
336 2617 2230 3
337 2625 2230 3
338 2586 2230 3
339 2659 2230 3
340 2615 2230 3
341 2497 2230 3
342 2477 2230 3
343 2408 2230 3
344 2393 2230 3
345 2363 2230 3
346 2378 2230 3
347 2363 2230 3
348 2465 2230 3
349 2363 2230 3
350 2465 2230 3
351 2537 2230 3
352 2533 2230 3
353 2447 2230 3
354 2467 2230 3
355 2447 2230 3
356 2544 2230 3
357 2592 2230 3
358 2447 2230 3
359 2552 2230 3
360 2447 2230 3
361 2552 2230 3
362 2554 2230 3
363 2555 2230 3
364 2557 2230 3
365 2575 2230 3
366 2602 2230 3
367 2574 2230 3
368 2575 2230 3
369 2602 2230 3
370 2695 2230 3
371 2681 2230 3
372 2729 2230 3
373 2681 2230 3
374 2729 2230 3
375 2584 2230 3
376 2378 2230 3
377 2363 2230 3
378 2364 2230 3
379 2363 2230 3
380 2359 2230 3
381 2360 2230 3
382 2364 2230 3
383 2379 2230 3
384 2364 2230 3
385 2379 2230 3
386 2375 2230 3
387 2360 2230 3
388 2359 2230 3
389 2363 2230 3
390 2378 2230 3
391 2363 2230 3
392 2378 2230 3
393 2374 2230 3
394 2359 2230 3
395 2363 2230 3
396 2416 2230 3
397 2363 2230 3
398 2452 2230 3
399 2480 2230 3
400 2582 2230 3
401 2583 2230 3
402 2555 2230 3
403 2453 2230 3
404 2468 2230 3
405 2453 2230 3
406 2468 2230 3
407 2524 2230 3
408 2379 2230 3
409 2364 2230 3
410 2379 2230 3
411 2364 2230 3
412 2379 2230 3
413 2450 2230 3
414 2470 2230 3
415 2497 2230 3
416 2583 2230 3
417 2587 2230 3
418 2672 2230 3
419 2518 2230 3
420 2528 2230 3
421 2436 2230 3
422 2425 2230 3
423 2361 2230 3
424 2340 2230 3
425 2340 2230 3
426 2238 2230 3
427 2230 2230 3
428 2238 2230 3
429 2259 2230 3
430 2312 2230 3
431 2259 2230 3
432 2323 2230 3
433 2259 2230 3
434 2323 2230 3
435 2304 2230 3
436 2259 2230 3
437 2304 2230 3
438 2310 2230 3
439 2399 2230 3
440 2501 2230 3
441 2515 2230 3
442 2524 2230 3
443 2596 2230 3
444 2616 2230 3
445 2738 2230 3
446 2607 2230 3
447 2534 2230 3
448 2413 2230 3
449 2515 2230 3
450 2413 2230 3
451 2466 2230 3
452 2413 2230 3
453 2515 2230 3
454 2413 2230 3
455 2515 2230 3
456 2524 2230 3
457 2515 2230 3
458 2587 2230 3
459 2515 2230 3
460 2614 2230 3
461 2706 2230 3
462 2807 2230 3
463 2930 2230 3
464 2638 2230 3
465 2537 2230 3
466 2503 2230 3
467 2404 2230 3
468 2302 2230 3
469 2321 2230 3
470 2302 2230 3
471 2355 2230 3
472 2302 2230 3
473 2365 2230 3
474 2391 2230 3
475 2365 2230 3
476 2438 2230 3
477 2546 2230 3
478 2438 2230 3
479 2365 2230 3
480 2463 2230 3
481 2404 2230 3
482 2302 2230 3
483 2415 2230 3
484 2584 2230 3
485 2348 2230 3
486 2290 2230 3
487 2343 2230 3
488 2290 2230 3
489 2348 2230 3
490 2418 2230 3
491 2348 2230 3
492 2526 2230 3
493 2552 2230 3
494 2553 2230 3
495 2552 2230 3
496 2691 2230 3
497 2638 2230 3
498 2348 2230 3
499 2450 2230 3
500 2348 2230 3
501 2450 2230 3
502 2348 2230 3
503 2526 2230 3
504 2552 2230 3
505 2691 2230 3
506 2795 2230 3
507 2797 2230 3
508 2884 2230 3
509 2797 2230 3
510 2991 2230 3
511 3216 2230 3
512 3218 2230 3
513 3465 2230 3
514 3470 2230 3
515 3740 2230 3
516 3719 2230 3
517 3461 2230 3
518 3291 2230 3
519 3201 2230 3
520 3141 2230 3
521 3156 2230 3
522 3141 2230 3
523 3004 2230 3
524 2930 2230 3
525 2802 2230 3
526 2692 2230 3
527 2654 2230 3
528 2461 2230 3
529 2388 2230 3
530 2359 2230 3
531 2359 2230 3
532 2360 2230 3
533 2364 2230 3
534 2379 2230 3
535 2364 2230 3
536 2379 2230 3
537 2375 2230 3
538 2360 2230 3
539 2364 2230 3
540 2389 2230 3
541 2359 2230 3
542 2363 2230 3
543 2378 2230 3
544 2408 2230 3
545 2461 2230 3
546 2408 2230 3
547 2477 2230 3
548 2408 2230 3
549 2477 2230 3
550 2497 2230 3
551 2583 2230 3
552 2587 2230 3
553 2672 2230 3
554 2518 2230 3
555 2528 2230 3
556 2483 2230 3
557 2463 2230 3
558 2391 2230 3
559 2332 2230 3
560 2332 2230 3
561 2230 2230 3
562 2238 2230 3
563 2230 2230 3
564 2259 2230 3
565 2304 2230 3
566 2310 2230 3
567 2302 2230 3
568 2238 2230 3
569 2259 2230 3
570 2238 2230 3
571 2291 2230 3
572 2238 2230 3
573 2302 2230 3
574 2310 2230 3
575 2302 2230 3
576 2310 2230 3
577 2399 2230 3
578 2457 2230 3
579 2527 2230 3
580 2633 2230 3
581 2619 2230 3
582 2633 2230 3
583 2735 2230 3
584 2744 2230 3
585 2843 2230 3
586 2944 2230 3
587 3052 2230 3
588 3051 2230 3
589 3034 2230 3
590 3051 2230 3
591 3042 2230 3
592 2741 2230 3
593 2843 2230 3
594 2843 2230 3
595 2834 2230 3
596 2732 2230 3
597 2834 2230 3
598 2794 2230 3
599 2692 2230 3
600 2717 2230 3
601 2609 2230 3
602 2662 2230 3
603 2609 2230 3
604 2710 2230 3
605 2589 2230 3
606 2609 2230 3
607 2711 2230 3
608 2686 2230 3
609 2637 2230 3
610 2686 2230 3
611 2686 2230 3
612 2565 2230 3
613 2594 2230 3
614 2565 2230 3
615 2618 2230 3
616 2565 2230 3
617 2673 2230 3
618 2565 2230 3
619 2734 2230 3
620 2738 2230 3
621 2747 2230 3
622 2869 2230 3
623 3018 2230 3
624 2738 2230 3
625 2776 2230 3
626 2649 2230 3
627 2576 2230 3
628 2407 2230 3
629 2460 2230 3
630 2407 2230 3
631 2496 2230 3
632 2598 2230 3
633 2496 2230 3
634 2604 2230 3
635 2600 2230 3
636 2549 2230 3
637 2600 2230 3
638 2631 2230 3
639 2617 2230 3
640 2625 2230 3
641 2586 2230 3
642 2535 2230 3
643 2549 2230 3
644 2535 2230 3
645 2549 2230 3
646 2535 2230 3
647 2549 2230 3
648 2535 2230 3
649 2549 2230 3
650 2651 2230 3
651 2594 2230 3
652 2666 2230 3
653 2670 2230 3
654 2679 2230 3
655 2788 2230 3
656 2824 2230 3
657 2837 2230 3
658 2955 2230 3
659 2922 2230 3
660 2921 2230 3
661 2894 2230 3
662 3033 2230 3
663 2805 2230 3
664 2814 2230 3
665 2797 2230 3
666 2824 2230 3
667 2797 2230 3
668 2927 2230 3
669 3068 2230 3
670 3293 2230 3
671 3078 2230 3
672 3077 2230 3
673 3078 2230 3
674 3077 2230 3
675 2939 2230 3
676 2881 2230 3
677 2858 2230 3
678 2869 2230 3
679 2858 2230 3
680 2916 2230 3
681 2858 2230 3
682 2929 2230 3
683 2799 2230 3
684 2795 2230 3
685 2818 2230 3
686 2781 2230 3
687 2741 2230 3
688 2737 2230 3
689 2737 2230 3
690 2592 2230 3
691 2598 2230 3
692 2592 2230 3
693 2598 2230 3
694 2592 2230 3
695 2606 2230 3
696 2606 2230 3
697 2602 2230 3
698 2610 2230 3
699 2614 2230 3
700 2605 2230 3
701 2632 2230 3
702 2505 2230 3
703 2476 2230 3
704 2505 2230 3
705 2476 2230 3
706 2529 2230 3
707 2476 2230 3
708 2565 2230 3
709 2673 2230 3
710 2565 2230 3
711 2686 2230 3
712 2717 2230 3
713 2717 2230 3
714 2725 2230 3
715 2726 2230 3
716 2735 2230 3
717 2832 2230 3
718 2735 2230 3
719 2832 2230 3
Customer 1: 24
B1 ID: 48 D1 ID: 49
Customer 2: 16
B2 ID: 25 D2 ID: 24
-----
Route 1 Before: 50,27,4,19,17,31,22,11,25,48,50
Route 2 Before: 50,27,4,19,17,31,22,11,25,48,50
-----
---------
Route 1 After: 50,27,4,19,17,31,22,11,24,49,50
Route 2 After: 50,27,4,19,17,31,22,11,24,49,50
---------
Priority swap cost contribution: 30
720 2862 2230 3
721 2822 2230 3
722 2750 2230 3
723 2721 2230 3
724 2590 2230 3
725 2590 2230 3
726 2488 2230 3
727 2509 2230 3
728 2488 2230 3
729 2509 2230 3
730 2488 2230 3
731 2509 2230 3
733 2489 2230 3
734 2468 2230 3
735 2346 2230 3
736 2354 2230 3
737 2374 2230 3
738 2395 2230 3
739 2435 2230 3
740 2488 2230 3
741 2435 2230 3
742 2500 2230 3
743 2439 2230 3
744 2375 2230 3
745 2428 2230 3
746 2375 2230 3
747 2444 2230 3
748 2375 2230 3
749 2444 2230 3
750 2375 2230 3
751 2346 2230 3
752 2354 2230 3
753 2374 2230 3
754 2395 2230 3
755 2448 2230 3
756 2395 2230 3
757 2470 2230 3
758 2395 2230 3
759 2470 2230 3
760 2441 2230 3
761 2366 2230 3
762 2395 2230 3
763 2435 2230 3
764 2500 2230 3
765 2497 2230 3
766 2500 2230 3
767 2614 2230 3
768 2744 2230 3
769 2913 2230 3
770 2744 2230 3
771 2924 2230 3
772 2941 2230 3
773 2721 2230 3
774 2783 2230 3
775 2562 2230 3
776 2368 2230 3
777 2277 2230 3
778 2285 2230 3
779 2306 2230 3
780 2359 2230 3
781 2306 2230 3
782 2375 2230 3
783 2348 2230 3
784 2361 2230 3
785 2410 2230 3
786 2361 2230 3
787 2510 2230 3
788 2679 2230 3
789 2510 2230 3
790 2697 2230 3
791 2510 2230 3
792 2697 2230 3
793 2796 2230 3
794 3014 2230 3
795 3204 2230 3
796 3430 2230 3
797 3439 2230 3
798 3466 2230 3
799 3266 2230 3
800 3257 2230 3
801 3108 2230 3
802 3208 2230 3
803 3108 2230 3
804 3226 2230 3
805 3108 2230 3
806 3257 2230 3
807 3266 2230 3
808 3287 2230 3
809 3333 2230 3
810 3467 2230 3
811 3440 2230 3
812 3177 2230 3
813 3204 2230 3
814 3177 2230 3
815 3204 2230 3
816 3203 2230 3
817 3176 2230 3
818 3177 2230 3
819 3176 2230 3
820 3203 2230 3
821 3283 2230 3
822 3203 2230 3
823 3284 2230 3
824 3203 2230 3
825 3067 2230 3
826 2988 2230 3
827 2800 2230 3
828 2718 2230 3
829 2667 2230 3
830 2610 2230 3
831 2580 2230 3
832 2551 2230 3
833 2454 2230 3
834 2477 2230 3
835 2454 2230 3
836 2520 2230 3
837 2454 2230 3
838 2520 2230 3
839 2454 2230 3
840 2527 2230 3
841 2614 2230 3
842 2614 2230 3
843 2627 2230 3
844 2614 2230 3
845 2627 2230 3
846 2644 2230 3
847 2669 2230 3
848 2514 2230 3
849 2441 2230 3
850 2388 2230 3
851 2359 2230 3
852 2359 2230 3
853 2360 2230 3
854 2359 2230 3
855 2374 2230 3
856 2359 2230 3
857 2374 2230 3
858 2375 2230 3
859 2404 2230 3
860 2389 2230 3
861 2418 2230 3
862 2393 2230 3
863 2389 2230 3
864 2389 2230 3
865 2462 2230 3
866 2547 2230 3
867 2462 2230 3
868 2547 2230 3
869 2591 2230 3
870 2680 2230 3
871 2708 2230 3
872 2704 2230 3
873 2713 2230 3
874 2576 2230 3
875 2693 2230 3
876 2576 2230 3
877 2693 2230 3
878 2744 2230 3
879 2701 2230 3
880 2804 2230 3
881 2802 2230 3
882 2789 2230 3
883 2791 2230 3
884 2864 2230 3
885 2944 2230 3
886 2949 2230 3
887 3035 2230 3
888 2949 2230 3
889 3035 2230 3
890 3101 2230 3
891 3100 2230 3
892 2898 2230 3
893 2973 2230 3
894 2786 2230 3
895 2822 2230 3
896 2786 2230 3
897 2950 2230 3
Customer 1: 16
B1 ID: 24 D1 ID: 25
Customer 2: 15
B2 ID: 22 D2 ID: 21
-----
Route 1 Before: 50,19,24,4,13,27,22,17,10,50
Route 2 Before: 50,19,24,4,13,27,22,17,10,50
-----
---------
Route 1 After: 50,19,25,4,13,27,21,17,10,50
Route 2 After: 50,19,25,4,13,27,21,17,10,50
---------
Priority swap cost contribution: -9
898 2941 2230 3
899 2790 2230 3
900 2737 2230 3
901 2715 2230 3
902 2505 2230 3
903 2558 2230 3
904 2505 2230 3
905 2585 2230 3
906 2505 2230 3
907 2592 2230 3
908 2505 2230 3
909 2585 2230 3
910 2599 2230 3
911 2679 2230 3
912 2599 2230 3
913 2686 2230 3
914 2726 2230 3
915 2745 2230 3
916 2736 2230 3
917 2837 2230 3
918 2716 2230 3
919 2666 2230 3
920 2724 2230 3
921 2787 2230 3
922 2666 2230 3
923 2730 2230 3
924 2666 2230 3
925 2730 2230 3
926 2738 2230 3
927 2797 2230 3
928 2696 2230 3
929 2566 2230 3
930 2562 2230 3
931 2558 2230 3
932 2562 2230 3
933 2558 2230 3
934 2562 2230 3
935 2566 2230 3
936 2570 2230 3
937 2566 2230 3
938 2575 2230 3
939 2583 2230 3
940 2558 2230 3
941 2550 2230 3
942 2541 2230 3
943 2482 2230 3
944 2496 2230 3
945 2482 2230 3
946 2496 2230 3
947 2482 2230 3
948 2496 2230 3
949 2549 2230 3
950 2496 2230 3
951 2598 2230 3
952 2496 2230 3
953 2598 2230 3
954 2628 2230 3
955 2700 2230 3
956 2720 2230 3
957 2700 2230 3
958 2808 2230 3
959 2804 2230 3
960 2968 2230 3
961 2804 2230 3
962 2968 2230 3
963 2839 2230 3
964 2718 2230 3
965 2767 2230 3
966 2718 2230 3
967 2767 2230 3
968 2828 2230 3
969 2908 2230 3
970 2828 2230 3
971 2914 2230 3
972 2833 2230 3
973 2913 2230 3
974 3015 2230 3
975 2913 2230 3
976 2775 2230 3
977 2665 2230 3
978 2636 2230 3
979 2607 2230 3
980 2611 2230 3
981 2554 2230 3
982 2558 2230 3
983 2550 2230 3
984 2541 2230 3
985 2482 2230 3
986 2496 2230 3
987 2482 2230 3
988 2496 2230 3
989 2549 2230 3
990 2496 2230 3
991 2598 2230 3
992 2496 2230 3
993 2604 2230 3
994 2496 2230 3
995 2598 2230 3
996 2607 2230 3
997 2590 2230 3
998 2607 2230 3
999 2598 2230 3
1000 2496 2230 3
1001 2598 2230 3
1002 2628 2230 3
1003 2700 2230 3
1004 2720 2230 3
1005 2700 2230 3
1006 2720 2230 3
1007 2769 2230 3
1008 2539 2230 3
1009 2611 2230 3
1010 2631 2230 3
1011 2611 2230 3
1012 2631 2230 3
1013 2755 2230 3
1014 2724 2230 3
1015 2697 2230 3
1016 2767 2230 3
1017 2697 2230 3
1018 2767 2230 3
1019 2908 2230 3
1020 2794 2230 3
1021 2767 2230 3
1022 2908 2230 3
1023 2667 2230 3
1024 2811 2230 3
1025 2919 2230 3
1026 2825 2230 3
1027 2797 2230 3
1028 2811 2230 3
1029 2980 2230 3
1030 2967 2230 3
1031 3084 2230 3
1032 3044 2230 3
1033 2930 2230 3
1034 2929 2230 3
1035 2935 2230 3
1036 2922 2230 3
1037 2935 2230 3
1038 2977 2230 3
1039 2935 2230 3
1040 2977 2230 3
1041 2974 2230 3
1042 2943 2230 3
1043 2988 2230 3
1044 2978 2230 3
1045 2986 2230 3
1046 3007 2230 3
1047 2668 2230 3
1048 2660 2230 3
1049 2538 2230 3
1050 2480 2230 3
1051 2479 2230 3
1052 2293 2230 3
1053 2346 2230 3
1054 2293 2230 3
1055 2368 2230 3
1056 2293 2230 3
1057 2382 2230 3
1058 2490 2230 3
1059 2486 2230 3
1060 2435 2230 3
1061 2486 2230 3
1062 2517 2230 3
1063 2518 2230 3
1064 2526 2230 3
1065 2527 2230 3
1066 2602 2230 3
1067 2562 2230 3
1068 2533 2230 3
1069 2532 2230 3
1070 2508 2230 3
1071 2512 2230 3
1072 2486 2230 3
1073 2512 2230 3
1074 2552 2230 3
1075 2601 2230 3
1076 2700 2230 3
1077 2841 2230 3
1078 2700 2230 3
1079 2841 2230 3
1080 2903 2230 3
1081 2973 2230 3
1082 2933 2230 3
1083 2987 2230 3
1084 2963 2230 3
1085 2991 2230 3
1086 2962 2230 3
1087 2894 2230 3
1088 2918 2230 3
1089 2893 2230 3
Customer 1: 16
B1 ID: 25 D1 ID: 24
Customer 2: 15
B2 ID: 21 D2 ID: 22
-----
Route 1 Before: 50,25,11,17,19,21,13,4,48,9,50
Route 2 Before: 50,25,11,17,19,21,13,4,48,9,50
-----
---------
Route 1 After: 50,24,11,17,19,22,13,4,48,9,50
Route 2 After: 50,24,11,17,19,22,13,4,48,9,50
---------
Priority swap cost contribution: 131
1090 3024 2230 3
1091 2753 2230 3
1092 2778 2230 3
1093 2753 2230 3
1094 2778 2230 3
1095 2753 2230 3
1096 2793 2230 3
1097 2661 2230 3
1098 2660 2230 3
1099 2722 2230 3
1100 2792 2230 3
1101 2660 2230 3
1102 2801 2230 3
1103 2950 2230 3
1104 2844 2230 3
1105 2940 2230 3
1106 2941 2230 3
1107 3055 2230 3
1108 3163 2230 3
1109 3098 2230 3
1110 3072 2230 3
1111 3064 2230 3
1112 3100 2230 3
1113 3030 2230 3
1114 3022 2230 3
1115 3030 2230 3
1116 3022 2230 3
1117 3030 2230 3
1118 3030 2230 3
1119 3039 2230 3
1120 3030 2230 3
1121 3088 2230 3
1122 3101 2230 3
1123 2842 2230 3
1124 2712 2230 3
1125 2604 2230 3
1126 2600 2230 3
1127 2494 2230 3
1128 2498 2230 3
1129 2541 2230 3
1130 2498 2230 3
1131 2541 2230 3
1132 2537 2230 3
1133 2494 2230 3
1134 2498 2230 3
1135 2551 2230 3
1136 2498 2230 3
1137 2580 2230 3
1138 2378 2230 3
1139 2363 2230 3
1140 2364 2230 3
1141 2363 2230 3
1142 2359 2230 3
1143 2360 2230 3
1144 2364 2230 3
1145 2379 2230 3
1146 2364 2230 3
1147 2379 2230 3
1148 2375 2230 3
1149 2360 2230 3
1150 2359 2230 3
1151 2363 2230 3
1152 2378 2230 3
1153 2363 2230 3
1154 2378 2230 3
1155 2374 2230 3
1156 2359 2230 3
1157 2363 2230 3
1158 2416 2230 3
1159 2363 2230 3
1160 2452 2230 3
1161 2475 2230 3
1162 2453 2230 3
1163 2481 2230 3
1164 2453 2230 3
1165 2468 2230 3
1166 2539 2230 3
1167 2468 2230 3
1168 2551 2230 3
1169 2627 2230 3
1170 2606 2230 3
1171 2591 2230 3
1172 2622 2230 3
1173 2611 2230 3
1174 2612 2230 3
1175 2572 2230 3
1176 2591 2230 3
1177 2572 2230 3
1178 2622 2230 3
1179 2687 2230 3
1180 2658 2230 3
1181 2593 2230 3
1182 2658 2230 3
1183 2738 2230 3
1184 2658 2230 3
1185 2739 2230 3
1186 2666 2230 3
1187 2739 2230 3
1188 2666 2230 3
1189 2766 2230 3
1190 2767 2230 3
1191 2884 2230 3
1192 3019 2230 3
1193 3023 2230 3
1194 3036 2230 3
1195 3054 2230 3
1196 3036 2230 3
1197 3072 2230 3
1198 3059 2230 3
1199 3076 2230 3
1200 2955 2230 3
1201 2882 2230 3
1202 2832 2230 3
1203 2814 2230 3
1204 2743 2230 3
1205 2726 2230 3
1206 2713 2230 3
1207 2709 2230 3
1208 2722 2230 3
1209 2709 2230 3
1210 2722 2230 3
1211 2695 2230 3
1212 2682 2230 3
1213 2687 2230 3
1214 2695 2230 3
1215 2708 2230 3
1216 2580 2230 3
1217 2388 2230 3
1218 2359 2230 3
1219 2359 2230 3
1220 2360 2230 3
1221 2364 2230 3
1222 2379 2230 3
1223 2364 2230 3
1224 2379 2230 3
1225 2375 2230 3
1226 2360 2230 3
1227 2364 2230 3
1228 2389 2230 3
1229 2359 2230 3
1230 2363 2230 3
1231 2378 2230 3
1232 2408 2230 3
1233 2461 2230 3
1234 2408 2230 3
1235 2477 2230 3
1236 2408 2230 3
1237 2522 2230 3
1238 2393 2230 3
1239 2482 2230 3
1240 2510 2230 3
1241 2612 2230 3
1242 2510 2230 3
1243 2612 2230 3
1244 2684 2230 3
1245 2631 2230 3
1246 2740 2230 3
1247 2700 2230 3
1248 2614 2230 3
1249 2610 2230 3
1250 2626 2230 3
1251 2610 2230 3
1252 2626 2230 3
1253 2655 2230 3
1254 2424 2230 3
1255 2375 2230 3
1256 2306 2230 3
1257 2277 2230 3
1258 2285 2230 3
1259 2306 2230 3
1260 2359 2230 3
1261 2306 2230 3
1262 2375 2230 3
1263 2390 2230 3
1264 2439 2230 3
1265 2473 2230 3
1266 2443 2230 3
1267 2575 2230 3
1268 2509 2230 3
1269 2518 2230 3
1270 2659 2230 3
1271 2650 2230 3
1272 2548 2230 3
1273 2650 2230 3
1274 2548 2230 3
1275 2413 2230 3
1276 2405 2230 3
1277 2398 2230 3
1278 2277 2230 3
1279 2285 2230 3
1280 2277 2230 3
1281 2306 2230 3
1282 2359 2230 3
1283 2306 2230 3
1284 2375 2230 3
1285 2306 2230 3
1286 2381 2230 3
1287 2381 2230 3
1288 2489 2230 3
1289 2381 2230 3
1290 2360 2230 3
1291 2352 2230 3
1292 2397 2230 3
1293 2499 2230 3
1294 2397 2230 3
1295 2524 2230 3
1296 2503 2230 3
1297 2454 2230 3
1298 2414 2230 3
1299 2490 2230 3
1300 2414 2230 3
1301 2490 2230 3
1302 2490 2230 3
1303 2512 2230 3
1304 2490 2230 3
1305 2512 2230 3
1306 2565 2230 3
1307 2585 2230 3
1308 2691 2230 3
1309 2621 2230 3
1310 2591 2230 3
1311 2349 2230 3
1312 2276 2230 3
1313 2295 2230 3
1314 2276 2230 3
1315 2302 2230 3
1316 2276 2230 3
1317 2302 2230 3
1318 2276 2230 3
1319 2329 2230 3
1320 2276 2230 3
1321 2365 2230 3
1322 2302 2230 3
1323 2404 2230 3
1324 2517 2230 3
1325 2597 2230 3
1326 2590 2230 3
1327 2593 2230 3
1328 2647 2230 3
1329 2593 2230 3
1330 2687 2230 3
1331 2643 2230 3
1332 2590 2230 3
1333 2593 2230 3
1334 2687 2230 3
1335 2670 2230 3
1336 2626 2230 3
1337 2711 2230 3
1338 2771 2230 3
1339 2626 2230 3
1341 2682 2230 3
1342 2703 2230 3
1343 2702 2230 3
1344 2702 2230 3
1345 2702 2230 3
1346 2702 2230 3
1347 2756 2230 3
1348 2626 2230 3
1349 2440 2230 3
1350 2493 2230 3
1351 2440 2230 3
1352 2503 2230 3
1353 2440 2230 3
1354 2515 2230 3
1355 2440 2230 3
1356 2515 2230 3
1357 2516 2230 3
1358 2624 2230 3
1359 2516 2230 3
1360 2685 2230 3
1361 2630 2230 3
1362 2824 2230 3
1363 2820 2230 3
1364 2819 2230 3
1365 2823 2230 3
1366 2819 2230 3
1367 2823 2230 3
1368 3023 2230 3
1369 2823 2230 3
1370 3024 2230 3
1371 2893 2230 3
1372 2789 2230 3
1373 2785 2230 3
1374 2789 2230 3
1375 2845 2230 3
1376 2789 2230 3
1377 2845 2230 3
1378 2847 2230 3
1379 2883 2230 3
1380 2847 2230 3
1381 2893 2230 3
1382 2933 2230 3
1383 2997 2230 3
1384 3091 2230 3
1385 3204 2230 3
1386 3098 2230 3
1387 3204 2230 3
1388 3098 2230 3
1389 3204 2230 3
1390 3332 2230 3
1391 3329 2230 3
1392 3107 2230 3
1393 2931 2230 3
1394 3001 2230 3
1395 3055 2230 3
1396 3029 2230 3
1397 3055 2230 3
1398 3127 2230 3
1399 3168 2230 3
1400 2979 2230 3
1401 2912 2230 3
1402 2979 2230 3
1403 3066 2230 3
1404 3059 2230 3
1406 3083 2230 3
1407 3111 2230 3
1408 3113 2230 3
1409 3093 2230 3
1410 3095 2230 3
1411 3095 2230 3
1412 3144 2230 3
1413 3211 2230 3
1414 3201 2230 3
1415 3098 2230 3
1416 3162 2230 3
1417 3163 2230 3
1418 3107 2230 3
1419 3128 2230 3
1420 3183 2230 3
1421 3128 2230 3
1422 3213 2230 3
1423 3187 2230 3
1424 2952 2230 3
1425 2879 2230 3
1426 2830 2230 3
1427 2806 2230 3
1428 2779 2230 3
1429 2779 2230 3
1430 2783 2230 3
1431 2779 2230 3
1432 2795 2230 3
1433 2794 2230 3
1434 2808 2230 3
1435 2794 2230 3
1436 2808 2230 3
1437 2835 2230 3
1438 2806 2230 3
1439 2810 2230 3
1440 2806 2230 3
1441 2811 2230 3
1442 2850 2230 3
1443 2854 2230 3
1444 2827 2230 3
1445 2804 2230 3
1446 2831 2230 3
1447 2804 2230 3
1448 2831 2230 3
1449 2868 2230 3
1450 2762 2230 3
1451 2735 2230 3
1452 2719 2230 3
1453 2719 2230 3
1454 2714 2230 3
1455 2730 2230 3
1456 2744 2230 3
1457 2714 2230 3
1458 2741 2230 3
1459 2714 2230 3
1460 2741 2230 3
1461 2714 2230 3
1462 2763 2230 3
1463 2812 2230 3
1464 2810 2230 3
1465 2810 2230 3
1466 2781 2230 3
1467 2777 2230 3
1468 2690 2230 3
1469 2696 2230 3
1470 2690 2230 3
1471 2717 2230 3
1472 2746 2230 3
1473 2688 2230 3
1474 2641 2230 3
1475 2612 2230 3
1476 2616 2230 3
1477 2541 2230 3
1478 2546 2230 3
1479 2541 2230 3
1480 2549 2230 3
1481 2541 2230 3
1483 2427 2230 3
1484 2432 2230 3
1485 2427 2230 3
1486 2435 2230 3
1487 2427 2230 3
1488 2439 2230 3
1489 2468 2230 3
1490 2521 2230 3
1491 2520 2230 3
1492 2521 2230 3
1493 2596 2230 3
1494 2521 2230 3
1495 2596 2230 3
1496 2596 2230 3
1497 2652 2230 3
1498 2623 2230 3
1499 2604 2230 3
1500 2454 2230 3
1502 2398 2230 3
1503 2345 2230 3
1504 2344 2230 3
1505 2345 2230 3
1506 2398 2230 3
1507 2454 2230 3
1508 2398 2230 3
1509 2523 2230 3
1510 2523 2230 3
1511 2451 2230 3
1512 2388 2230 3
1513 2335 2230 3
1514 2343 2230 3
1515 2335 2230 3
1516 2388 2230 3
1517 2451 2230 3
1518 2450 2230 3
1519 2450 2230 3
1520 2456 2230 3
1521 2560 2230 3
1522 2583 2230 3
1523 2677 2230 3
1524 2546 2230 3
1525 2444 2230 3
1526 2418 2230 3
1527 2355 2230 3
1528 2302 2230 3
1529 2355 2230 3
1530 2418 2230 3
1531 2444 2230 3
1532 2463 2230 3
1533 2444 2230 3
1534 2552 2230 3
1535 2444 2230 3
1536 2557 2230 3
1537 2639 2230 3
1538 2557 2230 3
1539 2697 2230 3
1540 2693 2230 3
1541 2697 2230 3
1542 2866 2230 3
1543 2719 2230 3
1544 2483 2230 3
1545 2479 2230 3
1546 2480 2230 3
1547 2484 2230 3
1548 2595 2230 3
1549 2395 2230 3
1550 2391 2230 3
1551 2395 2230 3
1552 2497 2230 3
1553 2395 2230 3
1554 2497 2230 3
1555 2395 2230 3
1556 2516 2230 3
1557 2642 2230 3
1558 2395 2230 3
1559 2484 2230 3
1560 2605 2230 3
1561 2484 2230 3
1562 2642 2230 3
1563 2717 2230 3
1564 2738 2230 3
1565 2794 2230 3
1566 2866 2230 3
1567 3015 2230 3
1568 3121 2230 3
1569 3015 2230 3
1570 3121 2230 3
1571 3239 2230 3
1572 3247 2230 3
1573 3321 2230 3
1574 3413 2230 3
1575 3219 2230 3
1576 3049 2230 3
1577 2945 2230 3
1578 2857 2230 3
1579 2774 2230 3
1580 2512 2230 3
1581 2504 2230 3
1582 2504 2230 3
1583 2310 2230 3
1584 2331 2230 3
1585 2310 2230 3
1586 2331 2230 3
1587 2196 2196 3 swap
1587 2196 2196 3
1588 2188 2188 3 swap
1588 2188 2188 3
1589 2217 2188 3
1590 2270 2188 3
1591 2217 2188 3
1592 2286 2188 3
1593 2217 2188 3
1594 2292 2188 3
1595 2288 2188 3
1596 2259 2188 3
1597 2288 2188 3
1598 2360 2188 3
1599 2380 2188 3
1600 2453 2188 3
1601 2380 2188 3
1602 2453 2188 3
1603 2453 2188 3
1604 2454 2188 3
1605 2424 2188 3
1606 2513 2188 3
1607 2441 2188 3
1608 2540 2188 3
1609 2641 2188 3
1610 2790 2188 3
1611 2921 2188 3
1612 2912 2188 3
1613 3016 2188 3
1614 2960 2188 3
1615 3016 2188 3
1616 3185 2188 3
1617 3174 2188 3
1618 3415 2188 3
1619 3309 2188 3
1620 3415 2188 3
1621 3557 2188 3
1622 3695 2188 3
1623 3920 2188 3
1624 3820 2188 3
1625 3774 2188 3
1626 3776 2188 3
1627 3793 2188 3
1628 3820 2188 3
1629 3793 2188 3
1630 3862 2188 3
1631 3730 2188 3
1632 3726 2188 3
1633 3894 2188 3
1634 3919 2188 3
1635 3941 2188 3
1636 3821 2188 3
1637 3548 2188 3
1638 3468 2188 3
1639 3455 2188 3
1640 3427 2188 3
1641 3428 2188 3
1642 3391 2188 3
1643 3350 2188 3
1644 3293 2188 3
1645 3350 2188 3
1646 3362 2188 3
1647 3378 2188 3
1648 3225 2188 3
1649 3212 2188 3
1650 3029 2188 3
1651 2927 2188 3
1652 2881 2188 3
1653 2881 2188 3
1654 2881 2188 3
1655 2894 2188 3
1656 2910 2188 3
1657 2923 2188 3
1658 2883 2188 3
1659 2854 2188 3
1660 2870 2188 3
1661 2883 2188 3
1662 2902 2188 3
1663 2883 2188 3
1664 2906 2188 3
1665 2861 2188 3
1666 2834 2188 3
1667 2845 2188 3
1668 2676 2188 3
1669 2690 2188 3
1670 2676 2188 3
1671 2695 2188 3
1672 2676 2188 3
1673 2703 2188 3
1674 2733 2188 3
1675 2703 2188 3
1676 2733 2188 3
1677 2732 2188 3
1678 2690 2188 3
1679 2732 2188 3
1680 2732 2188 3
1681 2734 2188 3
1682 2668 2188 3
1683 2615 2188 3
1684 2615 2188 3
1685 2230 2188 3
1686 2238 2188 3
1687 2230 2188 3
1688 2259 2188 3
1689 2304 2188 3
1690 2310 2188 3
1691 2302 2188 3
1692 2238 2188 3
1693 2259 2188 3
1694 2238 2188 3
1695 2291 2188 3
1696 2238 2188 3
1697 2302 2188 3
1698 2310 2188 3
1699 2399 2188 3
1700 2501 2188 3
1701 2501 2188 3
1702 2504 2188 3
1703 2459 2188 3
1704 2479 2188 3
1705 2598 2188 3
1706 2479 2188 3
1707 2598 2188 3
1708 2479 2188 3
1709 2601 2188 3
1710 2641 2188 3
1711 2624 2188 3
1712 2601 2188 3
1713 2600 2188 3
1714 2623 2188 3
1715 2600 2188 3
1716 2623 2188 3
1717 2623 2188 3
1718 2548 2188 3
1719 2536 2188 3
1720 2548 2188 3
1721 2662 2188 3
1722 2764 2188 3
1723 2958 2188 3
1724 2957 2188 3
1725 2682 2188 3
1726 2554 2188 3
1727 2452 2188 3
1728 2448 2188 3
1729 2448 2188 3
1730 2449 2188 3
1731 2453 2188 3
1732 2468 2188 3
1733 2453 2188 3
1734 2468 2188 3
1735 2464 2188 3
1736 2449 2188 3
1737 2453 2188 3
1738 2481 2188 3
1739 2507 2188 3
1740 2560 2188 3
1741 2507 2188 3
1742 2609 2188 3
1743 2612 2188 3
1744 2584 2188 3
1745 2482 2188 3
1746 2452 2188 3
1747 2467 2188 3
1748 2452 2188 3
1749 2467 2188 3
1750 2452 2188 3
1751 2475 2188 3
1752 2453 2188 3
1753 2503 2188 3
1754 2556 2188 3
1755 2503 2188 3
1756 2605 2188 3
1757 2677 2188 3
1758 2697 2188 3
1759 2832 2188 3
1760 2868 2188 3
1761 2697 2188 3
1762 2832 2188 3
1763 2868 2188 3
1764 3006 2188 3
1765 2977 2188 3
1766 2973 2188 3
1767 3002 2188 3
1768 3095 2188 3
1769 3090 2188 3
1770 3100 2188 3
1771 2860 2188 3
1772 2915 2188 3
1773 2943 2188 3
1774 2859 2188 3
1775 2860 2188 3
1776 2859 2188 3
1777 2961 2188 3
1778 2859 2188 3
1779 2961 2188 3
1780 3089 2188 3
1781 3116 2188 3
1782 2961 2188 3
1783 3089 2188 3
1784 3202 2188 3
1785 3293 2188 3
1786 3275 2188 3
1787 3204 2188 3
1788 3155 2188 3
1789 3155 2188 3
1790 3237 2188 3
1791 3334 2188 3
1792 3332 2188 3
1793 3208 2188 3
1794 3156 2188 3
1795 2986 2188 3
1796 2934 2188 3
1797 2904 2188 3
1798 2795 2188 3
1799 2843 2188 3
1800 2793 2188 3
1801 2764 2188 3
1802 2643 2188 3
1803 2652 2188 3
1804 2604 2188 3
1805 2640 2188 3
1806 2631 2188 3
1807 2584 2188 3
1808 2637 2188 3
1809 2584 2188 3
1810 2639 2188 3
1811 2584 2188 3
1812 2639 2188 3
1813 2637 2188 3
1814 2584 2188 3
1815 2554 2188 3
1816 2584 2188 3
1817 2554 2188 3
1818 2584 2188 3
1819 2577 2188 3
1820 2633 2188 3
1821 2577 2188 3
1822 2662 2188 3
1823 2634 2188 3
1824 2611 2188 3
1825 2612 2188 3
1826 2635 2188 3
1827 2696 2188 3
1828 2692 2188 3
1829 2731 2188 3
1830 2691 2188 3
1831 2694 2188 3
1832 2691 2188 3
1833 2705 2188 3
1834 2711 2188 3
1835 2691 2188 3
1836 2746 2188 3
1837 2691 2188 3
1838 2746 2188 3
1839 2747 2188 3
1840 2755 2188 3
1841 2755 2188 3
1842 2632 2188 3
1843 2579 2188 3
1844 2572 2188 3
1845 2575 2188 3
1846 2572 2188 3
1847 2575 2188 3
1848 2579 2188 3
1849 2634 2188 3
1850 2579 2188 3
1851 2634 2188 3
1852 2632 2188 3
1853 2661 2188 3
1854 2632 2188 3
1855 2661 2188 3
1856 2715 2188 3
1857 2808 2188 3
1858 2819 2188 3
1859 2815 2188 3
1860 2528 2188 3
1861 2475 2188 3
1862 2510 2188 3
1863 2475 2188 3
1864 2524 2188 3
1865 2525 2188 3
1866 2417 2188 3
1867 2388 2188 3
1868 2417 2188 3
1869 2420 2188 3
1870 2365 2188 3
1871 2302 2188 3
1872 2321 2188 3
1873 2302 2188 3
1874 2355 2188 3
1875 2302 2188 3
1876 2321 2188 3
1877 2302 2188 3
1878 2365 2188 3
1879 2302 2188 3
1880 2404 2188 3
1881 2411 2188 3
1882 2457 2188 3
1883 2601 2188 3
1884 2657 2188 3
1885 2821 2188 3
1886 2717 2188 3
1887 2616 2188 3
1888 2696 2188 3
1889 2616 2188 3
1890 2717 2188 3
1891 2864 2188 3
1892 2863 2188 3
1893 2747 2188 3
1894 2717 2188 3
1895 2415 2188 3
1896 2495 2188 3
1897 2415 2188 3
1898 2517 2188 3
1899 2415 2188 3
1900 2517 2188 3
1901 2415 2188 3
1902 2584 2188 3
1903 2348 2188 3
1904 2290 2188 3
1905 2392 2188 3
1906 2290 2188 3
1907 2401 2188 3
1908 2290 2188 3
1909 2392 2188 3
1910 2484 2188 3
1911 2615 2188 3
1912 2569 2188 3
1913 2669 2188 3
1914 2569 2188 3
1915 2688 2188 3
1916 2411 2188 3
1917 2290 2188 3
1918 2343 2188 3
1919 2290 2188 3
1920 2392 2188 3
1921 2290 2188 3
1922 2392 2188 3
1923 2502 2188 3
1924 2201 2188 3
1925 2254 2188 3
1926 2201 2188 3
1927 2303 2188 3
1928 2420 2188 3
1929 2322 2188 3
1930 2201 2188 3
1931 2303 2188 3
1932 2420 2188 3
1933 2497 2188 3
1934 2500 2188 3
1935 2526 2188 3
1936 2704 2188 3
1937 2778 2188 3
1938 2756 2188 3
1939 2526 2188 3
1940 2704 2188 3
1941 2841 2188 3
1942 2886 2188 3
1943 2776 2188 3
1944 2765 2188 3
1945 2761 2188 3
1946 2737 2188 3
1947 2737 2188 3
1948 2737 2188 3
1949 2745 2188 3
1950 2719 2188 3
1951 2696 2188 3
1952 2688 2188 3
1953 2696 2188 3
1954 2717 2188 3
1955 2743 2188 3
1956 2714 2188 3
1957 2688 2188 3
1958 2714 2188 3
1959 2693 2188 3
1960 2667 2188 3
1961 2667 2188 3
1962 2667 2188 3
1963 2688 2188 3
1964 2779 2188 3
1965 2790 2188 3
1966 2725 2188 3
1967 2621 2188 3
1968 2530 2188 3
1969 2538 2188 3
1970 2559 2188 3
1971 2582 2188 3
1972 2559 2188 3
1973 2585 2188 3
1974 2556 2188 3
1975 2530 2188 3
1976 2553 2188 3
1977 2530 2188 3
1978 2556 2188 3
1979 2535 2188 3
1980 2509 2188 3
1981 2509 2188 3
1982 2509 2188 3
1983 2530 2188 3
1984 2559 2188 3
1985 2652 2188 3
1986 2391 2188 3
1987 2270 2188 3
1988 2217 2188 3
1989 2188 2188 3
1990 2196 2188 3
1991 2217 2188 3
1992 2270 2188 3
1993 2339 2188 3
1994 2270 2188 3
1995 2345 2188 3
1996 2345 2188 3
1997 2417 2188 3
1998 2437 2188 3
1999 2408 2188 3
2000 2408 2188 3
2001 2332 2188 3
2002 2361 2188 3
2003 2362 2188 3
2004 2391 2188 3
2005 2437 2188 3
2006 2526 2188 3
2007 2519 2188 3
2008 2528 2188 3
2009 2664 2188 3
2010 2790 2188 3
2011 2835 2188 3
2012 2641 2188 3
2013 2641 2188 3
2014 2683 2188 3
2015 2641 2188 3
2016 2683 2188 3
2017 2782 2188 3
2018 2883 2188 3
2019 3093 2188 3
2020 2883 2188 3
2021 2811 2188 3
2022 2749 2188 3
2023 2811 2188 3
2024 3003 2188 3
2025 2803 2188 3
2026 2611 2188 3
2027 2475 2188 3
2028 2413 2188 3
2029 2338 2188 3
2030 2285 2188 3
2031 2277 2188 3
2032 2285 2188 3
2033 2306 2188 3
2034 2359 2188 3
2035 2428 2188 3
2036 2443 2188 3
2037 2492 2188 3
2038 2443 2188 3
2039 2492 2188 3
2040 2526 2188 3
2041 2522 2188 3
2042 2401 2188 3
2043 2372 2188 3
2044 2401 2188 3
2045 2372 2188 3
2046 2401 2188 3
2047 2440 2188 3
2048 2401 2188 3
2049 2457 2188 3
2050 2283 2188 3
2051 2230 2188 3
2052 2238 2188 3
2053 2230 2188 3
2054 2259 2188 3
2055 2288 2188 3
2056 2259 2188 3
2057 2288 2188 3
2058 2259 2188 3
2059 2312 2188 3
2060 2433 2188 3
2061 2506 2188 3
2062 2433 2188 3
2063 2506 2188 3
2064 2506 2188 3
2065 2628 2188 3
2066 2408 2188 3
2067 2497 2188 3
2068 2579 2188 3
2069 2497 2188 3
2070 2536 2188 3
2071 2537 2188 3
2072 2497 2188 3
2073 2537 2188 3
2074 2497 2188 3
2075 2641 2188 3
2076 2641 2188 3
2077 2747 2188 3
2078 2896 2188 3
2079 2887 2188 3
2080 2883 2188 3
2081 2668 2188 3
2082 2776 2188 3
2083 2897 2188 3
2084 2776 2188 3
2085 2945 2188 3
2086 2776 2188 3
2087 2668 2188 3
2088 2776 2188 3
2089 2960 2188 3
2090 3006 2188 3
2091 3028 2188 3
2092 3068 2188 3
2093 3149 2188 3
2094 3126 2188 3
2095 2955 2188 3
2096 3057 2188 3
2097 3178 2188 3
2098 3308 2188 3
2099 3396 2188 3
2100 3144 2188 3
2101 3004 2188 3
2102 2900 2188 3
2103 2879 2188 3
2104 2794 2188 3
2105 2735 2188 3
2106 2684 2188 3
2107 2705 2188 3
2108 2684 2188 3
2109 2710 2188 3
2110 2755 2188 3
2111 2665 2188 3
2112 2645 2188 3
2113 2582 2188 3
2114 2618 2188 3
2116 2692 2188 3
2117 2492 2188 3
2118 2456 2188 3
2119 2482 2188 3
2120 2456 2188 3
2121 2492 2188 3
2122 2538 2188 3
2123 2590 2188 3
2124 2553 2188 3
2125 2624 2188 3
2126 2553 2188 3
2127 2659 2188 3
2128 2586 2188 3
2129 2684 2188 3
2130 2831 2188 3
2131 2492 2188 3
2132 2518 2188 3
2133 2612 2188 3
2134 2714 2188 3
2135 2684 2188 3
2136 2586 2188 3
2137 2755 2188 3
2138 2505 2188 3
2139 2375 2188 3
2140 2312 2188 3
2141 2348 2188 3
2142 2312 2188 3
2143 2375 2188 3
2144 2401 2188 3
2145 2375 2188 3
2146 2415 2188 3
2147 2415 2188 3
2148 2294 2188 3
2149 2313 2188 3
2150 2294 2188 3
2151 2324 2188 3
2152 2201 2188 3
2153 2254 2188 3
2154 2201 2188 3
2155 2290 2188 3
2156 2392 2188 3
2157 2290 2188 3
2158 2392 2188 3
2159 2290 2188 3
2160 2401 2188 3
2161 2201 2188 3
2162 2303 2188 3
2163 2201 2188 3
2164 2303 2188 3
2165 2201 2188 3
2166 2322 2188 3
2167 2448 2188 3
2168 2201 2188 3
2169 2322 2188 3
2170 2201 2188 3
2171 2395 2188 3
2172 2626 2188 3
2173 2622 2188 3
2174 2649 2188 3
2175 2455 2188 3
2176 2428 2188 3
2177 2432 2188 3
2178 2428 2188 3
2179 2432 2188 3
2180 2459 2188 3
2181 2512 2188 3
2182 2601 2188 3
2183 2659 2188 3
2184 2601 2188 3
2185 2703 2188 3
2186 2601 2188 3
2187 2712 2188 3
2188 2512 2188 3
2189 2614 2188 3
2190 2512 2188 3
2191 2614 2188 3
2192 2512 2188 3
2193 2633 2188 3
2194 2704 2188 3
2195 2639 2188 3
2196 2665 2188 3
2197 2639 2188 3
2198 2704 2188 3
2199 2802 2188 3
2200 2861 2188 3
2201 2862 2188 3
2202 2908 2188 3
2203 2929 2188 3
2204 2883 2188 3
2205 2863 2188 3
2206 2883 2188 3
2207 2951 2188 3
2208 2868 2188 3
2209 2699 2188 3
2210 2653 2188 3
2211 2631 2188 3
2212 2614 2188 3
2213 2611 2188 3
2214 2590 2188 3
2215 2367 2188 3
2216 2314 2188 3
2217 2271 2188 3
2218 2263 2188 3
2219 2263 2188 3
2220 2188 2188 3
2221 2196 2188 3
2222 2217 2188 3
2223 2270 2188 3
2224 2217 2188 3
2225 2286 2188 3
2226 2217 2188 3
2227 2286 2188 3
2228 2259 2188 3
2229 2188 2188 3
2230 2217 2188 3
2231 2292 2188 3
2232 2292 2188 3
2233 2381 2188 3
2234 2473 2188 3
2235 2504 2188 3
2236 2512 2188 3
2237 2473 2188 3
2238 2555 2188 3
2239 2581 2188 3
2240 2473 2188 3
2241 2513 2188 3
2242 2473 2188 3
2243 2573 2188 3
2244 2384 2188 3
2245 2363 2188 3
2246 2363 2188 3
2247 2285 2188 3
2248 2363 2188 3
2249 2285 2188 3
2250 2279 2188 3
2251 2285 2188 3
2252 2314 2188 3
2253 2285 2188 3
2254 2314 2188 3
2255 2285 2188 3
2256 2338 2188 3
2257 2285 2188 3
2258 2363 2188 3
2259 2363 2188 3
2260 2452 2188 3
2261 2418 2188 3
2262 2517 2188 3
2263 2418 2188 3
2264 2587 2188 3
2265 2418 2188 3
2266 2590 2188 3
2267 2613 2188 3
2268 2707 2188 3
2269 2576 2188 3
2270 2404 2188 3
2271 2302 2188 3
2272 2321 2188 3
2273 2302 2188 3
2274 2404 2188 3
2275 2503 2188 3
2276 2404 2188 3
2277 2302 2188 3
2278 2415 2188 3
2279 2584 2188 3
2280 2348 2188 3
2281 2290 2188 3
2282 2348 2188 3
2283 2418 2188 3
2284 2348 2188 3
2286 2348 2188 3
2287 2526 2188 3
2288 2552 2188 3
2289 2553 2188 3
2290 2702 2188 3
2291 2693 2188 3
2292 2640 2188 3
2293 2348 2188 3
2294 2450 2188 3
2295 2348 2188 3
2296 2526 2188 3
2297 2552 2188 3
2298 2691 2188 3
2299 2638 2188 3
2300 2348 2188 3
2301 2588 2188 3
2302 2348 2188 3
2303 2588 2188 3
2304 2641 2188 3
2305 2834 2188 3
2306 2739 2188 3
2307 2638 2188 3
2308 2640 2188 3
2309 2542 2188 3
2310 2720 2188 3
2311 2832 2188 3
2312 2834 2188 3
2313 2773 2188 3
2314 2769 2188 3
2315 2796 2188 3
2316 2769 2188 3
2317 2796 2188 3
2318 2795 2188 3
2319 2768 2188 3
2320 2795 2188 3
2321 2967 2188 3
2322 2795 2188 3
2323 3047 2188 3
2324 3041 2188 3
2325 2871 2188 3
2326 2768 2188 3
2327 2597 2188 3
2328 2539 2188 3
2329 2501 2188 3
2330 2448 2188 3
2331 2448 2188 3
2332 2449 2188 3
2333 2453 2188 3
2334 2468 2188 3
2335 2453 2188 3
2336 2468 2188 3
2337 2464 2188 3
2338 2449 2188 3
2339 2453 2188 3
2340 2478 2188 3
2341 2448 2188 3
2342 2449 2188 3
2343 2453 2188 3
2344 2475 2188 3
2345 2544 2188 3
2346 2582 2188 3
2347 2582 2188 3
2348 2542 2188 3
2349 2550 2188 3
2350 2541 2188 3
2351 2482 2188 3
2352 2496 2188 3
2353 2482 2188 3
2354 2496 2188 3
2355 2482 2188 3
2356 2496 2188 3
2357 2598 2188 3
2358 2496 2188 3
2359 2598 2188 3
2360 2607 2188 3
2361 2679 2188 3
2362 2699 2188 3
2363 2679 2188 3
2364 2787 2188 3
2365 2662 2188 3
2366 2784 2188 3
2367 2933 2188 3
2368 2653 2188 3
2369 2600 2188 3
2370 2574 2188 3
2371 2600 2188 3
2372 2653 2188 3
2373 2817 2188 3
2374 2653 2188 3
2375 2817 2188 3
2376 2688 2188 3
2377 2672 2188 3
2378 2674 2188 3
2379 2645 2188 3
2380 2592 2188 3
2381 2566 2188 3
2382 2583 2188 3
2383 2566 2188 3
2384 2583 2188 3
2385 2685 2188 3
2386 2583 2188 3
2387 2752 2188 3
2388 2697 2188 3
2389 2899 2188 3
2390 2870 2188 3
2391 2897 2188 3
2392 2888 2188 3
2393 2874 2188 3
2394 2880 2188 3
2395 2994 2188 3
2396 3142 2188 3
2397 3257 2188 3
2398 3338 2188 3
2399 3442 2188 3
2400 2987 2188 3
2401 2881 2188 3
2402 2824 2188 3
2403 2818 2188 3
2404 2818 2188 3
2405 2818 2188 3
2406 2818 2188 3
2407 2822 2188 3
2408 2703 2188 3
2409 2700 2188 3
2410 2703 2188 3
2411 2717 2188 3
2412 2770 2188 3
2413 2717 2188 3
2414 2772 2188 3
2415 2603 2188 3
2416 2574 2188 3
2417 2560 2188 3
2418 2557 2188 3
2419 2560 2188 3
2420 2574 2188 3
2421 2603 2188 3
2422 2574 2188 3
2423 2603 2188 3
2424 2634 2188 3
2425 2532 2188 3
2426 2518 2188 3
2427 2515 2188 3
2428 2518 2188 3
2429 2526 2188 3
2430 2518 2188 3
2431 2527 2188 3
2432 2541 2188 3
2433 2594 2188 3
2434 2702 2188 3
2435 2580 2188 3
2436 2472 2188 3
2437 2419 2188 3
2438 2410 2188 3
2439 2418 2188 3
2440 2419 2188 3
2441 2427 2188 3
2442 2419 2188 3
2443 2494 2188 3
2444 2419 2188 3
2445 2527 2188 3
2446 2419 2188 3
2447 2540 2188 3
2448 2419 2188 3
2449 2472 2188 3
2450 2641 2188 3
2451 2640 2188 3
2452 2641 2188 3
2453 2645 2188 3
2454 2605 2188 3
2455 2550 2188 3
2456 2686 2188 3
2457 2687 2188 3
2458 2899 2188 3
2459 2864 2188 3
2460 2910 2188 3
2461 3008 2188 3
2462 2925 2188 3
2463 2910 2188 3
2464 2925 2188 3
2465 2937 2188 3
2466 2941 2188 3
2467 2941 2188 3
2468 2858 2188 3
2469 2779 2188 3
2470 2775 2188 3
2471 2838 2188 3
2472 2931 2188 3
2473 2957 2188 3
2474 2779 2188 3
2475 2589 2188 3
2476 2511 2188 3
2477 2466 2188 3
2478 2391 2188 3
2479 2399 2188 3
2480 2391 2188 3
2481 2420 2188 3
2482 2473 2188 3
2483 2420 2188 3
2484 2475 2188 3
2485 2306 2188 3
2486 2277 2188 3
2487 2285 2188 3
2488 2306 2188 3
2489 2359 2188 3
2490 2306 2188 3
2491 2375 2188 3
2492 2306 2188 3
2493 2381 2188 3
2494 2352 2188 3
2495 2277 2188 3
2496 2330 2188 3
2497 2277 2188 3
2498 2335 2188 3
2499 2277 2188 3
2500 2352 2188 3
2501 2352 2188 3
2502 2360 2188 3
2503 2403 2188 3
2504 2502 2188 3
2505 2580 2188 3
2506 2459 2188 3
2507 2480 2188 3
2508 2581 2188 3
2509 2666 2188 3
2510 2774 2188 3
2511 2770 2188 3
2512 2719 2188 3
2513 2770 2188 3
2514 2834 2188 3
2515 2730 2188 3
2516 2672 2188 3
2518 2621 2188 3
2519 2624 2188 3
2520 2625 2188 3
2521 2676 2188 3
2522 2579 2188 3
2523 2701 2188 3
2524 2579 2188 3
2525 2701 2188 3
2526 2692 2188 3
2527 2815 2188 3
2528 2692 2188 3
2529 2847 2188 3
2530 2783 2188 3
2531 2856 2188 3
2532 2970 2188 3
2533 2767 2188 3
2534 2694 2188 3
2535 2698 2188 3
2536 2694 2188 3
2537 2723 2188 3
2538 2796 2188 3
2539 2926 2188 3
2540 2926 2188 3
2541 2655 2188 3
2542 2558 2188 3
2543 2562 2188 3
2544 2558 2188 3
2545 2564 2188 3
2546 2558 2188 3
2547 2614 2188 3
2548 2469 2188 3
2549 2473 2188 3
2550 2365 2188 3
2551 2294 2188 3
2552 2302 2188 3
2553 2355 2188 3
2554 2302 2188 3
2555 2371 2188 3
2556 2386 2188 3
2557 2435 2188 3
2558 2386 2188 3
2559 2435 2188 3
2560 2466 2188 3
2561 2462 2188 3
2562 2463 2188 3
2563 2471 2188 3
2564 2463 2188 3
2565 2472 2188 3
2566 2506 2188 3
2567 2595 2188 3
2568 2651 2188 3
2569 2649 2188 3
2570 2689 2188 3
2571 2650 2188 3
2572 2617 2188 3
2573 2609 2188 3
2574 2617 2188 3
2575 2642 2188 3
2576 2617 2188 3
2577 2656 2188 3
2578 2682 2188 3
2579 2822 2188 3
2580 2850 2188 3
2581 2952 2188 3
2582 2932 2188 3
2583 2606 2188 3
2584 2631 2188 3
2585 2529 2188 3
2586 2631 2188 3
2587 2529 2188 3
2588 2634 2188 3
2589 2520 2188 3
2590 2541 2188 3
2591 2582 2188 3
2592 2560 2188 3
2593 2575 2188 3
2594 2574 2188 3
2595 2575 2188 3
2596 2597 2188 3
2597 2629 2188 3
2598 2597 2188 3
2599 2629 2188 3
2600 2647 2188 3
2601 2616 2188 3
2602 2585 2188 3
2603 2556 2188 3
2604 2587 2188 3
2605 2512 2188 3
2606 2407 2188 3
2607 2482 2188 3
2608 2407 2188 3
2609 2482 2188 3
2610 2457 2188 3
2611 2457 2188 3
2612 2336 2188 3
2613 2365 2188 3
2614 2336 2188 3
2615 2425 2188 3
2616 2533 2188 3
2617 2533 2188 3
2618 2533 2188 3
2619 2533 2188 3
2620 2589 2188 3
2621 2444 2188 3
2622 2336 2188 3
2623 2444 2188 3
2624 2444 2188 3
2625 2444 2188 3
2626 2336 2188 3
2627 2365 2188 3
2628 2263 2188 3
2629 2259 2188 3
2630 2230 2188 3
2631 2238 2188 3
2632 2230 2188 3
2633 2259 2188 3
2634 2288 2188 3
2635 2259 2188 3
2636 2288 2188 3
2637 2341 2188 3
2638 2288 2188 3
2639 2360 2188 3
2640 2364 2188 3
2641 2338 2188 3
2642 2217 2188 3
2643 2188 2188 3
2644 2196 2188 3
2645 2217 2188 3
2646 2270 2188 3
2647 2217 2188 3
2648 2286 2188 3
2649 2375 2188 3
2650 2483 2188 3
2651 2483 2188 3
2652 2492 2188 3
2653 2541 2188 3
2654 2492 2188 3
2655 2649 2188 3
2656 2566 2188 3
2657 2594 2188 3
2658 2615 2188 3
2659 2594 2188 3
2660 2658 2188 3
2661 2587 2188 3
2662 2587 2188 3
2663 2559 2188 3
2664 2558 2188 3
2665 2583 2188 3
2666 2554 2188 3
2667 2555 2188 3
2668 2559 2188 3
2669 2595 2188 3
2670 2559 2188 3
2671 2551 2188 3
2672 2542 2188 3
2673 2542 2188 3
2674 2488 2188 3
2675 2491 2188 3
2676 2505 2188 3
2677 2607 2188 3
2678 2598 2188 3
2679 2636 2188 3
2680 2509 2188 3
2681 2407 2188 3
2682 2509 2188 3
2683 2407 2188 3
2684 2528 2188 3
2685 2559 2188 3
2686 2567 2188 3
2687 2528 2188 3
2688 2652 2188 3
2689 2528 2188 3
2690 2652 2188 3
2691 2667 2188 3
2692 2694 2188 3
2693 2764 2188 3
2694 2878 2188 3
2695 2838 2188 3
2696 2863 2188 3
2697 2990 2188 3
2698 2894 2188 3
2699 2866 2188 3
2700 2722 2188 3
2701 2520 2188 3
2702 2573 2188 3
2703 2520 2188 3
2704 2609 2188 3
2705 2710 2188 3
2706 2589 2188 3
2707 2609 2188 3
2708 2711 2188 3
2709 2609 2188 3
2710 2711 2188 3
2712 2711 2188 3
2713 2609 2188 3
2714 2714 2188 3
2715 2745 2188 3
2716 2609 2188 3
2717 2717 2188 3
2718 2609 2188 3
2719 2711 2188 3
2720 2686 2188 3
2721 2637 2188 3
2722 2666 2188 3
2723 2565 2188 3
2724 2594 2188 3
2725 2598 2188 3
2726 2496 2188 3
2727 2549 2188 3
2728 2496 2188 3
2729 2598 2188 3
2730 2496 2188 3
2731 2604 2188 3
2732 2496 2188 3
2733 2617 2188 3
2734 2670 2188 3
2735 2679 2188 3
2736 2788 2188 3
2737 2824 2188 3
2738 2837 2188 3
2739 2955 2188 3
2740 2922 2188 3
2741 2921 2188 3
2742 2961 2188 3
2743 2899 2188 3
2744 2872 2188 3
2745 2899 2188 3
2746 2872 2188 3
2747 2927 2188 3
2748 2913 2188 3
2749 2941 2188 3
2750 2913 2188 3
2751 2953 2188 3
2752 2967 2188 3
2753 3004 2188 3
2754 2967 2188 3
2755 3004 2188 3
2756 3032 2188 3
2757 3178 2188 3
2758 3151 2188 3
2759 3178 2188 3
2760 3158 2188 3
2761 3087 2188 3
2762 3060 2188 3
2763 3061 2188 3
2764 3044 2188 3
2765 3060 2188 3
2766 3068 2188 3
2767 3081 2188 3
2768 3108 2188 3
2769 3109 2188 3
2770 3095 2188 3
2771 3087 2188 3
2772 3100 2188 3
2773 3121 2188 3
2774 3107 2188 3
2775 2969 2188 3
2776 2576 2188 3
2777 2552 2188 3
2778 2555 2188 3
2779 2569 2188 3
2780 2590 2188 3
2781 2643 2188 3
2782 2590 2188 3
2783 2679 2188 3
2784 2781 2188 3
2785 2624 2188 3
2786 2575 2188 3
2787 2624 2188 3
2788 2603 2188 3
2789 2501 2188 3
2790 2484 2188 3
2791 2487 2188 3
2792 2501 2188 3
2793 2554 2188 3
2794 2501 2188 3
2795 2603 2188 3
2796 2603 2188 3
2797 2699 2188 3
2798 2603 2188 3
2799 2711 2188 3
2800 2603 2188 3
2801 2730 2188 3
2802 2786 2188 3
2803 2787 2188 3
2804 2778 2188 3
2805 2778 2188 3
2806 2659 2188 3
2807 2514 2188 3
2808 2412 2188 3
2809 2398 2188 3
2810 2395 2188 3
2811 2412 2188 3
2812 2465 2188 3
2813 2412 2188 3
2814 2501 2188 3
2815 2603 2188 3
2816 2634 2188 3
2817 2651 2188 3
2818 2695 2188 3
2819 2757 2188 3
2820 2757 2188 3
2821 2404 2188 3
2822 2302 2188 3
2823 2321 2188 3
2824 2302 2188 3
2825 2355 2188 3
2826 2302 2188 3
2827 2365 2188 3
2828 2391 2188 3
2829 2365 2188 3
2830 2438 2188 3
2831 2404 2188 3
2833 2404 2188 3
2834 2302 2188 3
2835 2404 2188 3
2836 2503 2188 3
2837 2616 2188 3
2838 2696 2188 3
2839 2689 2188 3
2840 2688 2188 3
2841 2654 2188 3
2842 2673 2188 3
2843 2676 2188 3
2844 2673 2188 3
2845 2680 2188 3
2846 2701 2188 3
2847 2730 2188 3
2848 2815 2188 3
2849 2875 2188 3
2850 2815 2188 3
2851 2508 2188 3
2852 2457 2188 3
2853 2491 2188 3
2854 2356 2188 3
2855 2295 2188 3
2856 2276 2188 3
2857 2302 2188 3
2858 2276 2188 3
2859 2302 2188 3
2860 2355 2188 3
2861 2302 2188 3
2862 2391 2188 3
2863 2365 2188 3
2864 2302 2188 3
2865 2404 2188 3
2866 2503 2188 3
2867 2604 2188 3
2868 2708 2188 3
2869 2821 2188 3
2870 2990 2188 3
2871 2754 2188 3
2873 2772 2188 3
2874 2669 2188 3
2875 2690 2188 3
2876 2719 2188 3
2877 2789 2188 3
2878 2719 2188 3
2879 2801 2188 3
2880 2663 2188 3
2881 2634 2188 3
2882 2642 2188 3
2883 2663 2188 3
2884 2719 2188 3
2885 2663 2188 3
2886 2719 2188 3
2887 2852 2188 3
2888 2719 2188 3
2889 2852 2188 3
2890 2788 2188 3
2891 2889 2188 3
2892 2910 2188 3
2893 3051 2188 3
2894 3059 2188 3
2895 2839 2188 3
2896 2972 2188 3
2897 2839 2188 3
2898 2972 2188 3
2899 3123 2188 3
2900 3102 2188 3
2901 2818 2188 3
2902 2772 2188 3
2903 2740 2188 3
2904 2613 2188 3
2905 2613 2188 3
2906 2634 2188 3
2907 2704 2188 3
2908 2634 2188 3
2909 2767 2188 3
2910 2634 2188 3
2911 2767 2188 3
2912 2875 2188 3
2913 2902 2188 3
2914 3024 2188 3
2915 2875 2188 3
2916 2767 2188 3
2917 2776 2188 3
2918 2797 2188 3
2919 2733 2188 3
2920 2712 2188 3
2921 2812 2188 3
2922 2949 2188 3
2923 3009 2188 3
2924 3158 2188 3
2925 2917 2188 3
2926 2717 2188 3
2927 2668 2188 3
2928 2659 2188 3
2929 2510 2188 3
2930 2510 2188 3
2931 2471 2188 3
2932 2472 2188 3
2933 2446 2188 3
2934 2454 2188 3
2935 2475 2188 3
2936 2501 2188 3
2937 2472 2188 3
2938 2471 2188 3
2939 2472 2188 3
2940 2472 2188 3
2941 2501 2188 3
2942 2501 2188 3
2943 2475 2188 3
2945 2395 2188 3
2946 2366 2188 3
2947 2374 2188 3
2948 2395 2188 3
2949 2435 2188 3
2950 2395 2188 3
2951 2448 2188 3
2952 2395 2188 3
2953 2470 2188 3
2954 2395 2188 3
2955 2470 2188 3
2956 2469 2188 3
2957 2420 2188 3
2958 2391 2188 3
2959 2420 2188 3
2960 2319 2188 3
2961 2327 2188 3
2962 2319 2188 3
2963 2348 2188 3
2964 2377 2188 3
2965 2381 2188 3
2966 2381 2188 3
2967 2352 2188 3
2968 2397 2188 3
2969 2397 2188 3
2970 2368 2188 3
2971 2444 2188 3
2972 2368 2188 3
2973 2476 2188 3
2974 2368 2188 3
2975 2374 2188 3
2976 2413 2188 3
2977 2343 2188 3
2978 2285 2188 3
2979 2277 2188 3
2980 2285 2188 3
2981 2306 2188 3
2982 2359 2188 3
2983 2306 2188 3
2984 2375 2188 3
2985 2544 2188 3
2986 2642 2188 3
2987 2645 2188 3
2988 2759 2188 3
2989 2857 2188 3
2990 2861 2188 3
2991 2602 2188 3
2992 2500 2188 3
2993 2331 2188 3
2994 2196 2188 3
2995 2188 2188 3
2996 2217 2188 3
2997 2270 2188 3
2998 2217 2188 3
2999 2286 2188 3
3000 2217 2188 3
3001 2188 2188 3
3002 2196 2188 3
3003 2249 2188 3
3004 2196 2188 3
3005 2265 2188 3
3006 2196 2188 3
3007 2265 2188 3
3008 2259 2188 3
3009 2188 2188 3
3010 2241 2188 3
3011 2188 2188 3
3012 2259 2188 3
3013 2308 2188 3
3014 2259 2188 3
3015 2308 2188 3
3016 2263 2188 3
3017 2259 2188 3
3018 2230 2188 3
3019 2259 2188 3
3020 2230 2188 3
3021 2259 2188 3
3022 2230 2188 3
3023 2319 2188 3
3024 2427 2188 3
3025 2319 2188 3
3026 2468 2188 3
3027 2637 2188 3
3028 2637 2188 3
3029 2628 2188 3
3030 2637 2188 3
3032 2882 2188 3
3033 2881 2188 3
3034 2991 2188 3
3035 2648 2188 3
3036 2504 2188 3
3037 2645 2188 3
3038 2504 2188 3
3039 2645 2188 3
3040 2772 2188 3
3041 2648 2188 3
3042 2772 2188 3
3043 2645 2188 3
3044 2819 2188 3
3045 2717 2188 3
3046 2919 2188 3
3047 2678 2188 3
3048 2819 2188 3
3049 2946 2188 3
3050 3061 2188 3
3051 3095 2188 3
3052 2936 2188 3
3053 3084 2188 3
3054 3077 2188 3
3055 3077 2188 3
3056 3066 2188 3
3057 3260 2188 3
3058 3205 2188 3
3059 3166 2188 3
3060 3139 2188 3
3061 3139 2188 3
3062 3138 2188 3
3063 3132 2188 3
3064 3134 2188 3
3065 3151 2188 3
3066 3134 2188 3
3067 3156 2188 3
3068 3132 2188 3
3069 3019 2188 3
3070 3017 2188 3
3071 3023 2188 3
3072 3024 2188 3
3073 3023 2188 3
3074 3024 2188 3
3075 3023 2188 3
3076 3000 2188 3
3077 2994 2188 3
3078 2933 2188 3
3079 2956 2188 3
3080 2921 2188 3
3081 2648 2188 3
3082 2564 2188 3
3083 2568 2188 3
3084 2540 2188 3
3085 2542 2188 3
3086 2519 2188 3
3087 2572 2188 3
3088 2519 2188 3
3089 2555 2188 3
3090 2519 2188 3
3091 2572 2188 3
3092 2592 2188 3
3093 2519 2188 3
3094 2564 2188 3
3095 2511 2188 3
3096 2547 2188 3
3097 2511 2188 3
3098 2565 2188 3
3099 2504 2188 3
3100 2480 2188 3
3101 2457 2188 3
3102 2471 2188 3
3103 2457 2188 3
3104 2493 2188 3
3105 2457 2188 3
3106 2494 2188 3
3107 2457 2188 3
3108 2497 2188 3
3109 2497 2188 3
3110 2570 2188 3
3111 2497 2188 3
3112 2570 2188 3
3113 2570 2188 3
3114 2652 2188 3
3115 2678 2188 3
3116 2778 2188 3
3117 2690 2188 3
3118 2691 2188 3
3119 2673 2188 3
3120 2700 2188 3
3121 2673 2188 3
3122 2700 2188 3
3123 2746 2188 3
3124 2804 2188 3
3125 2879 2188 3
3126 2880 2188 3
3127 2925 2188 3
3128 2922 2188 3
3129 2857 2188 3
3130 2814 2188 3
3131 2799 2188 3
3132 2785 2188 3
3133 2789 2188 3
3134 2821 2188 3
3135 2746 2188 3
3136 2834 2188 3
3137 2923 2188 3
3138 2970 2188 3
3139 2944 2188 3
3140 3089 2188 3
3141 3235 2188 3
3142 3176 2188 3
3143 3129 2188 3
3144 3051 2188 3
3145 2971 2188 3
3146 2970 2188 3
3147 2971 2188 3
3148 2984 2188 3
3149 2971 2188 3
3150 2777 2188 3
3151 2771 2188 3
3152 2714 2188 3
3153 2699 2188 3
3154 2680 2188 3
3155 2678 2188 3
3156 2671 2188 3
3157 2509 2188 3
3158 2529 2188 3
3159 2558 2188 3
3160 2529 2188 3
3161 2558 2188 3
3162 2544 2188 3
3163 2520 2188 3
3165 2497 2188 3
3166 2497 2188 3
3167 2497 2188 3
3168 2516 2188 3
3169 2497 2188 3
3170 2497 2188 3
3171 2497 2188 3
3172 2497 2188 3
3173 2497 2188 3
3174 2525 2188 3
3175 2419 2188 3
3176 2442 2188 3
3177 2419 2188 3
3178 2461 2188 3
3179 2419 2188 3
3180 2492 2188 3
3181 2419 2188 3
3182 2492 2188 3
3183 2419 2188 3
3184 2523 2188 3
3185 2419 2188 3
3186 2523 2188 3
3187 2523 2188 3
3188 2536 2188 3
3189 2552 2188 3
3190 2565 2188 3
3191 2561 2188 3
3192 2548 2188 3
3193 2591 2188 3
3194 2548 2188 3
3195 2591 2188 3
3196 2607 2188 3
3197 2604 2188 3
3198 2636 2188 3
3199 2621 2188 3
3200 2367 2188 3
3201 2314 2188 3
3202 2265 2188 3
3203 2196 2188 3
3204 2188 2188 3
3205 2217 2188 3
3206 2270 2188 3
3207 2217 2188 3
3208 2286 2188 3
3209 2259 2188 3
3210 2188 2188 3
3211 2241 2188 3
3212 2188 2188 3
3213 2259 2188 3
3214 2265 2188 3
3215 2314 2188 3
3216 2271 2188 3
3217 2196 2188 3
3218 2271 2188 3
3219 2267 2188 3
3220 2238 2188 3
3221 2230 2188 3
3222 2238 2188 3
3223 2267 2188 3
3224 2340 2188 3
3225 2265 2188 3
3226 2257 2188 3
3227 2265 2188 3
3228 2286 2188 3
3229 2339 2188 3
3230 2286 2188 3
3231 2350 2188 3
3232 2425 2188 3
3233 2292 2188 3
3234 2263 2188 3
3235 2263 2188 3
3236 2301 2188 3
3237 2271 2188 3
3238 2314 2188 3
3239 2271 2188 3
3240 2314 2188 3
3241 2271 2188 3
3242 2324 2188 3
3243 2271 2188 3
3244 2360 2188 3
3245 2415 2188 3
3246 2559 2188 3
3247 2615 2188 3
3248 2784 2188 3
3249 2615 2188 3
3250 2809 2188 3
3251 2805 2188 3
3252 3028 2188 3
3253 2839 2188 3
3254 2912 2188 3
3255 2885 2188 3
3256 2912 2188 3
3257 3043 2188 3
3258 2912 2188 3
3259 2839 2188 3
3260 2812 2188 3
3261 2839 2188 3
3262 2936 2188 3
3263 2877 2188 3
3264 2909 2188 3
3265 2909 2188 3
3266 2900 2188 3
3267 2909 2188 3
3268 2900 2188 3
3269 2927 2188 3
3270 3000 2188 3
3271 3083 2188 3
3272 3145 2188 3
3273 3000 2188 3
3274 2994 2188 3
3275 2962 2188 3
3276 2907 2188 3
3277 2834 2188 3
3278 2821 2188 3
3279 2752 2188 3
3280 2745 2188 3
3281 2749 2188 3
3282 2745 2188 3
3283 2767 2188 3
3284 2745 2188 3
3285 2767 2188 3
3286 2823 2188 3
3287 2821 2188 3
3288 2823 2188 3
3289 2819 2188 3
3290 2823 2188 3
3291 2819 2188 3
3292 2847 2188 3
3293 2920 2188 3
3294 2847 2188 3
3295 2944 2188 3
3296 3015 2188 3
3297 3136 2188 3
3298 3216 2188 3
3299 3136 2188 3
3300 3012 2188 3
3301 2891 2188 3
3302 2833 2188 3
3303 2729 2188 3
3304 2683 2188 3
3305 2684 2188 3
3306 2683 2188 3
3307 2689 2188 3
3308 2683 2188 3
3309 2690 2188 3
3310 2683 2188 3
3311 2703 2188 3
3312 2736 2188 3
3313 2742 2188 3
3314 2780 2188 3
3315 2680 2188 3
3316 2625 2188 3
3317 2644 2188 3
3318 2625 2188 3
3319 2678 2188 3
3320 2625 2188 3
3321 2680 2188 3
3322 2726 2188 3
3323 2680 2188 3
3324 2726 2188 3
3325 2711 2188 3
3326 2770 2188 3
3327 2711 2188 3
3328 2770 2188 3
3329 2853 2188 3
3330 2827 2188 3
3331 2856 2188 3
3332 2789 2188 3
3333 2706 2188 3
3334 2658 2188 3
3335 2589 2188 3
3336 2516 2188 3
3337 2541 2188 3
3338 2516 2188 3
3339 2541 2188 3
3340 2516 2188 3
3341 2569 2188 3
3342 2580 2188 3
3343 2541 2188 3
3344 2554 2188 3
3345 2584 2188 3
3346 2554 2188 3
3347 2584 2188 3
3348 2577 2188 3
3349 2633 2188 3
3350 2577 2188 3
3351 2638 2188 3
3352 2651 2188 3
3353 2682 2188 3
3354 2683 2188 3
3355 2706 2188 3
3356 2687 2188 3
3357 2717 2188 3
3358 2819 2188 3
3359 2826 2188 3
3361 3191 2188 3
3362 3190 2188 3
3363 3152 2188 3
3364 3152 2188 3
3365 3157 2188 3
3366 3159 2188 3
3367 3166 2188 3
3368 3159 2188 3
3369 3197 2188 3
3370 3193 2188 3
3371 3180 2188 3
3372 3144 2188 3
3373 3139 2188 3
3374 3144 2188 3
3375 3125 2188 3
3376 3102 2188 3
3377 3097 2188 3
3378 3097 2188 3
3379 2787 2188 3
3380 2768 2188 3
3381 2767 2188 3
3382 2629 2188 3
3383 2629 2188 3
3384 2622 2188 3
3385 2625 2188 3
3386 2622 2188 3
3387 2625 2188 3
3388 2625 2188 3
3389 2625 2188 3
3390 2629 2188 3
3391 2648 2188 3
3392 2629 2188 3
3393 2652 2188 3
3394 2629 2188 3
3395 2657 2188 3
3396 2601 2188 3
3397 2624 2188 3
3398 2601 2188 3
3399 2628 2188 3
3400 2601 2188 3
3401 2628 2188 3
3402 2601 2188 3
3403 2671 2188 3
3404 2587 2188 3
3405 2587 2188 3
3406 2574 2188 3
3407 2570 2188 3
3408 2567 2188 3
3409 2567 2188 3
3410 2567 2188 3
3411 2570 2188 3
3412 2567 2188 3
3413 2574 2188 3
3414 2597 2188 3
3415 2574 2188 3
3416 2630 2188 3
3417 2574 2188 3
3418 2570 2188 3
3419 2574 2188 3
3420 2642 2188 3
3421 2551 2188 3
3422 2564 2188 3
3423 2587 2188 3
3424 2564 2188 3
3425 2591 2188 3
3426 2564 2188 3
3427 2591 2188 3
3428 2654 2188 3
3429 2675 2188 3
3430 2654 2188 3
3431 2675 2188 3
3432 2704 2188 3
3433 2732 2188 3
3434 2730 2188 3
3435 2743 2188 3
3436 2730 2188 3
3437 2743 2188 3
3438 2807 2188 3
3439 2850 2188 3
3440 2823 2188 3
3441 2855 2188 3
3442 2903 2188 3
3443 2678 2188 3
3444 2663 2188 3
3445 2476 2188 3
3446 2423 2188 3
3447 2429 2188 3
3448 2423 2188 3
3449 2450 2188 3
3450 2423 2188 3
3451 2429 2188 3
3452 2450 2188 3
3453 2479 2188 3
3454 2335 2188 3
3455 2286 2188 3
3456 2217 2188 3
3457 2188 2188 3
3459 2285 2188 3
3460 2306 2188 3
3461 2359 2188 3
3462 2306 2188 3
3463 2375 2188 3
3464 2390 2188 3
3465 2439 2188 3
3466 2473 2188 3
3467 2469 2188 3
3468 2440 2188 3
3469 2471 2188 3
3470 2471 2188 3
3471 2479 2188 3
3472 2480 2188 3
3473 2509 2188 3
3474 2518 2188 3
3475 2591 2188 3
3476 2518 2188 3
3477 2591 2188 3
3478 2551 2188 3
3479 2542 2188 3
3480 2610 2188 3
3481 2663 2188 3
3482 2804 2188 3
3483 2973 2188 3
3484 2804 2188 3
3485 2978 2188 3
3486 2942 2188 3
3487 3167 2188 3
3488 3173 2188 3
3489 3071 2188 3
3490 2957 2188 3
3491 2979 2188 3
3492 3093 2188 3
3493 3156 2188 3
3494 3305 2188 3
3495 3199 2188 3
3496 3305 2188 3
3497 3413 2188 3
3498 3299 2188 3
3499 3342 2188 3
3500 3299 2188 3
3501 3394 2188 3
3502 3297 2188 3
3503 3451 2188 3
3504 3297 2188 3
3505 3480 2188 3
3506 3294 2188 3
3507 3144 2188 3
3508 3044 2188 3
3509 3150 2188 3
3510 3211 2188 3
3511 3015 2188 3
3512 2946 2188 3
3513 2989 2188 3
3514 2946 2188 3
3515 3015 2188 3
3516 2946 2188 3
3517 3056 2188 3
3518 3049 2188 3
3519 2819 2188 3
3520 2793 2188 3
3521 2808 2188 3
3522 2778 2188 3
3523 2775 2188 3
3524 2778 2188 3
3525 2748 2188 3
3526 2716 2188 3
3527 2697 2188 3
3528 2693 2188 3
3529 2712 2188 3
3530 2693 2188 3
3531 2722 2188 3
3532 2693 2188 3
3533 2722 2188 3
3534 2693 2188 3
3535 2723 2188 3
3536 2693 2188 3
3537 2723 2188 3
3538 2693 2188 3
3539 2739 2188 3
3540 2724 2188 3
3541 2788 2188 3
3542 2724 2188 3
3543 2800 2188 3
3544 2782 2188 3
3545 2762 2188 3
3546 2705 2188 3
3547 2682 2188 3
3548 2696 2188 3
3549 2682 2188 3
3550 2703 2188 3
3551 2668 2188 3
3552 2637 2188 3
3553 2651 2188 3
3554 2637 2188 3
3555 2656 2188 3
3556 2683 2188 3
3557 2739 2188 3
3558 2812 2188 3
3559 2739 2188 3
3560 2812 2188 3
3561 2872 2188 3
3562 2875 2188 3
3563 2761 2188 3
3564 2713 2188 3
3565 2684 2188 3
3566 2692 2188 3
3567 2713 2188 3
3568 2761 2188 3
3569 2836 2188 3
3570 2836 2188 3
3571 2662 2188 3
3572 2641 2188 3
3573 2622 2188 3
3574 2623 2188 3
3575 2614 2188 3
3576 2623 2188 3
3577 2614 2188 3
3578 2644 2188 3
3579 2673 2188 3
3580 2719 2188 3
3581 2739 2188 3
3582 2828 2188 3
3583 2828 2188 3
3584 2877 2188 3
3585 2935 2188 3
3586 2914 2188 3
3587 3004 2188 3
3588 2950 2188 3
Priority 1: 0.8
Priority 2: 0.96
///////////////////
Feasible
Solution Cost: 2188
--------------
Route 0:

LOCATION | CUSTOMER
0 1000
16 20
2 6
28 23
28 0
28 1
28 3
3 7
20 22
4 8
26 14
0 1000
Max capacity: 150 Load:140
--------------
--------------
Route 1:

LOCATION | CUSTOMER
0 1000
27 18
27 21
27 2
27 19
8 12
0 1000
Max capacity: 150 Load:71
--------------
--------------
Route 2:

LOCATION | CUSTOMER
0 1000
1 5
30 16
26 13
26 24
29 4
29 17
29 15
29 10
29 11
5 9
0 1000
Max capacity: 150 Load:150
--------------
Solution Cost: 2188
Priority 1: 0.8
Priority 2: 0.96
///////////////////
Restart: 9
0 3598 1.7976931348623157E+308 0
1 3473 1.7976931348623157E+308 0
2 3277 1.7976931348623157E+308 0
3 3056 1.7976931348623157E+308 0
4 2904 1.7976931348623157E+308 0
5 2905 1.7976931348623157E+308 0
6 2785 1.7976931348623157E+308 0
7 2756 1.7976931348623157E+308 0
8 2859 1.7976931348623157E+308 0
9 2697 1.7976931348623157E+308 0
10 2726 1.7976931348623157E+308 0
11 2846 1.7976931348623157E+308 0
12 2732 1.7976931348623157E+308 0
13 2612 1.7976931348623157E+308 0
14 2583 1.7976931348623157E+308 0
15 2612 1.7976931348623157E+308 0
16 2777 1.7976931348623157E+308 0
17 2587 2587 4 flip
17 2587 2587 4
18 2558 2558 3 two opt
18 2558 2558 3
19 2558 2558 3
20 2485 2485 3 relocate
20 2485 2485 3
21 2476 2476 3 relocate
21 2476 2476 3
22 2485 2476 3
23 2505 2476 3
24 2485 2476 3
25 2515 2476 3
26 2346 2346 3 flip
26 2346 2346 3
27 2337 2337 3 relocate
27 2337 2337 3
28 2346 2337 3
29 2366 2337 3
30 2346 2337 3
31 2399 2337 3
32 2346 2337 3
33 2410 2337 3
34 2346 2337 3
35 2410 2337 3
36 2418 2337 3
37 2507 2337 3
38 2503 2337 3
39 2605 2337 3
40 2503 2337 3
41 2605 2337 3
42 2605 2337 3
43 2701 2337 3
44 2680 2337 3
45 2701 2337 3
46 2681 2337 3
47 2609 2337 3
48 2681 2337 3
49 2790 2337 3
50 2826 2337 3
51 2875 2337 3
52 2993 2337 3
53 2993 2337 3
54 3025 2337 3
55 2991 2337 3
56 2983 2337 3
57 2919 2337 3
58 2925 2337 3
59 2819 2337 3
60 2701 2337 3
61 2527 2337 3
62 2454 2337 3
63 2475 2337 3
64 2454 2337 3
65 2475 2337 3
66 2501 2337 3
67 2475 2337 3
68 2501 2337 3
69 2475 2337 3
70 2573 2337 3
71 2573 2337 3
72 2452 2337 3
73 2350 2337 3
74 2321 2321 3 swap
74 2321 2321 3
75 2329 2321 3
76 2321 2321 3
77 2350 2321 3
78 2403 2321 3
79 2350 2321 3
80 2452 2321 3
81 2350 2321 3
82 2475 2321 3
83 2501 2321 3
84 2609 2321 3
85 2501 2321 3
86 2603 2321 3
87 2573 2321 3
88 2452 2321 3
89 2350 2321 3
90 2478 2321 3
91 2329 2321 3
92 2350 2321 3
93 2452 2321 3
94 2452 2321 3
95 2579 2321 3
96 2689 2321 3
97 2715 2321 3
98 2686 2321 3
99 2660 2321 3
100 2775 2321 3
101 2660 2321 3
102 2775 2321 3
103 2757 2321 3
104 2641 2321 3
105 2667 2321 3
106 2641 2321 3
107 2741 2321 3
108 2641 2321 3
109 2757 2321 3
110 2761 2321 3
111 2883 2321 3
112 2936 2321 3
113 2883 2321 3
114 2987 2321 3
115 3112 2321 3
116 3137 2321 3
117 3124 2321 3
118 3124 2321 3
119 3127 2321 3
120 3208 2321 3
121 3299 2321 3
122 3255 2321 3
123 3249 2321 3
124 3245 2321 3
125 3249 2321 3
126 3245 2321 3
127 3249 2321 3
128 3250 2321 3
129 3255 2321 3
130 3289 2321 3
131 3250 2321 3
132 3263 2321 3
133 3225 2321 3
134 3250 2321 3
135 3224 2321 3
136 3200 2321 3
137 3243 2321 3
138 3200 2321 3
139 3243 2321 3
140 3200 2321 3
141 3250 2321 3
142 3258 2321 3
143 3314 2321 3
144 3404 2321 3
145 3497 2321 3
146 3561 2321 3
147 3656 2321 3
148 3536 2321 3
149 3472 2321 3
150 3285 2321 3
151 3185 2321 3
152 3096 2321 3
153 2851 2321 3
154 2798 2321 3
155 2777 2321 3
156 2515 2321 3
157 2523 2321 3
158 2506 2321 3
159 2501 2321 3
160 2515 2321 3
161 2523 2321 3
162 2544 2321 3
163 2530 2321 3
164 2544 2321 3
165 2589 2321 3
166 2608 2321 3
167 2544 2321 3
168 2523 2321 3
169 2572 2321 3
170 2523 2321 3
171 2572 2321 3
172 2523 2321 3
173 2576 2321 3
174 2523 2321 3
175 2587 2321 3
176 2523 2321 3
177 2587 2321 3
178 2676 2321 3
179 2758 2321 3
180 2540 2321 3
181 2537 2321 3
182 2554 2321 3
183 2616 2321 3
184 2679 2321 3
185 2670 2321 3
186 2666 2321 3
187 2763 2321 3
188 2772 2321 3
189 2700 2321 3
190 2799 2321 3
191 2900 2321 3
192 2700 2321 3
193 2805 2321 3
194 2732 2321 3
195 2753 2321 3
196 2784 2321 3
197 2753 2321 3
198 2806 2321 3
199 2834 2321 3
200 2799 2321 3
201 2697 2321 3
202 2701 2321 3
203 2717 2321 3
204 2701 2321 3
205 2726 2321 3
206 2764 2321 3
207 2637 2321 3
208 2633 2321 3
209 2649 2321 3
210 2633 2321 3
211 2684 2321 3
212 2555 2321 3
213 2519 2321 3
214 2490 2321 3
215 2465 2321 3
216 2465 2321 3
217 2465 2321 3
218 2469 2321 3
219 2461 2321 3
220 2452 2321 3
221 2393 2321 3
222 2407 2321 3
223 2393 2321 3
224 2407 2321 3
225 2393 2321 3
226 2407 2321 3
227 2393 2321 3
228 2407 2321 3
229 2460 2321 3
230 2407 2321 3
231 2496 2321 3
232 2598 2321 3
233 2496 2321 3
234 2604 2321 3
235 2496 2321 3
236 2598 2321 3
237 2594 2321 3
238 2565 2321 3
239 2594 2321 3
240 2625 2321 3
241 2621 2321 3
242 2629 2321 3
243 2621 2321 3
244 2630 2321 3
245 2639 2321 3
246 2736 2321 3
247 2639 2321 3
248 2736 2321 3
249 2835 2321 3
250 2936 2321 3
251 2935 2321 3
Customer 1: 19
B1 ID: 34 D1 ID: 32
Customer 2: 16
B2 ID: 25 D2 ID: 24
-----
Route 1 Before: 50,34,37,27,4,25,31,19,17,21,11,48,50
Route 2 Before: 50,34,37,27,4,25,31,19,17,21,11,48,50
-----
---------
Route 1 After: 50,32,37,27,4,24,31,19,17,21,11,48,50
Route 2 After: 50,32,37,27,4,24,31,19,17,21,11,48,50
---------
Priority swap cost contribution: 78
252 3013 2321 3
253 2991 2321 3
254 2736 2321 3
255 2736 2321 3
256 2634 2321 3
257 2736 2321 3
258 2696 2321 3
259 2647 2321 3
260 2696 2321 3
261 2702 2321 3
262 2600 2321 3
263 2621 2321 3
264 2723 2321 3
265 2713 2321 3
266 2723 2321 3
267 2732 2321 3
268 2851 2321 3
269 2850 2321 3
270 2906 2321 3
271 2761 2321 3
272 2634 2321 3
273 2532 2321 3
274 2634 2321 3
275 2624 2321 3
276 2575 2321 3
277 2624 2321 3
278 2634 2321 3
279 2803 2321 3
280 2792 2321 3
281 2852 2321 3
282 2977 2321 3
283 2852 2321 3
284 3054 2321 3
285 2897 2321 3
286 2743 2321 3
287 2757 2321 3
288 2904 2321 3
289 3016 2321 3
290 3163 2321 3
291 3257 2321 3
292 3367 2321 3
293 3338 2321 3
294 3320 2321 3
295 3318 2321 3
296 3301 2321 3
297 3413 2321 3
298 3301 2321 3
299 3467 2321 3
300 3124 2321 3
301 2958 2321 3
302 2957 2321 3
303 2962 2321 3
304 2957 2321 3
305 2968 2321 3
306 2749 2321 3
307 2748 2321 3
308 2748 2321 3
309 2733 2321 3
310 2594 2321 3
311 2466 2321 3
312 2413 2321 3
313 2405 2321 3
314 2401 2321 3
315 2405 2321 3
316 2413 2321 3
317 2434 2321 3
318 2523 2321 3
319 2561 2321 3
320 2560 2321 3
321 2561 2321 3
322 2434 2321 3
323 2536 2321 3
324 2536 2321 3
325 2507 2321 3
326 2532 2321 3
327 2532 2321 3
328 2532 2321 3
329 2604 2321 3
330 2624 2321 3
331 2604 2321 3
332 2728 2321 3
333 2659 2321 3
334 2632 2321 3
335 2626 2321 3
336 2568 2321 3
337 2574 2321 3
338 2588 2321 3
339 2574 2321 3
340 2606 2321 3
341 2664 2321 3
342 2795 2321 3
343 2606 2321 3
344 2574 2321 3
345 2606 2321 3
346 2608 2321 3
347 2591 2321 3
348 2516 2321 3
349 2569 2321 3
350 2644 2321 3
351 2768 2321 3
352 2776 2321 3
353 2822 2321 3
354 2718 2321 3
355 2760 2321 3
356 2842 2321 3
357 2760 2321 3
358 2842 2321 3
359 2821 2321 3
360 2848 2321 3
361 2821 2321 3
362 2848 2321 3
363 2988 2321 3
364 3118 2321 3
365 3108 2321 3
366 3102 2321 3
367 2973 2321 3
368 2903 2321 3
369 2833 2321 3
370 2811 2321 3
371 2899 2321 3
372 2906 2321 3
373 3006 2321 3
374 3116 2321 3
375 2995 2321 3
376 2865 2321 3
377 2765 2321 3
378 2692 2321 3
379 2731 2321 3
380 2692 2321 3
381 2737 2321 3
382 2669 2321 3
383 2655 2321 3
384 2669 2321 3
385 2742 2321 3
386 2669 2321 3
387 2742 2321 3
388 2819 2321 3
389 2742 2321 3
390 2842 2321 3
391 2742 2321 3
392 2842 2321 3
393 2754 2321 3
394 2755 2321 3
395 2782 2321 3
396 2755 2321 3
397 2782 2321 3
398 2783 2321 3
399 2812 2321 3
400 2806 2321 3
401 2808 2321 3
402 2786 2321 3
403 2794 2321 3
404 2785 2321 3
405 2812 2321 3
406 2765 2321 3
407 2811 2321 3
408 2759 2321 3
409 2806 2321 3
410 2759 2321 3
411 2811 2321 3
412 2765 2321 3
413 2817 2321 3
414 2623 2321 3
415 2365 2321 3
416 2418 2321 3
417 2365 2321 3
418 2434 2321 3
419 2365 2321 3
420 2440 2321 3
421 2365 2321 3
422 2440 2321 3
423 2441 2321 3
424 2449 2321 3
425 2440 2321 3
426 2365 2321 3
427 2434 2321 3
428 2365 2321 3
429 2440 2321 3
430 2463 2321 3
431 2493 2321 3
432 2463 2321 3
433 2506 2321 3
434 2545 2321 3
435 2506 2321 3
436 2545 2321 3
437 2516 2321 3
438 2594 2321 3
439 2717 2321 3
440 2711 2321 3
441 2665 2321 3
442 2693 2321 3
443 2665 2321 3
444 2693 2321 3
445 2665 2321 3
446 2696 2321 3
447 2696 2321 3
448 2697 2321 3
449 2705 2321 3
450 2697 2321 3
451 2696 2321 3
452 2570 2321 3
453 2525 2321 3
454 2524 2321 3
455 2449 2321 3
456 2457 2321 3
457 2449 2321 3
458 2458 2321 3
459 2511 2321 3
460 2510 2321 3
461 2511 2321 3
462 2625 2321 3
463 2511 2321 3
464 2586 2321 3
465 2546 2321 3
466 2427 2321 3
467 2374 2321 3
468 2375 2321 3
469 2374 2321 3
470 2417 2321 3
471 2368 2321 3
472 2421 2321 3
473 2368 2321 3
474 2446 2321 3
475 2368 2321 3
476 2555 2321 3
477 2368 2321 3
478 2558 2321 3
479 2773 2321 3
480 2558 2321 3
481 2773 2321 3
482 2777 2321 3
483 2786 2321 3
484 2806 2321 3
485 2932 2321 3
486 2977 2321 3
487 2904 2321 3
488 2782 2321 3
489 2781 2321 3
490 2736 2321 3
491 2615 2321 3
492 2729 2321 3
493 2615 2321 3
494 2729 2321 3
495 2922 2321 3
496 2607 2321 3
497 2493 2321 3
498 2299 2299 3 swap
498 2299 2299 3
499 2352 2299 3
500 2464 2299 3
501 2352 2299 3
502 2466 2299 3
503 2553 2299 3
504 2466 2299 3
505 2587 2299 3
506 2466 2299 3
507 2589 2299 3
508 2775 2299 3
509 2589 2299 3
510 2775 2299 3
511 2737 2299 3
512 2466 2299 3
513 2668 2299 3
514 2466 2299 3
515 2724 2299 3
516 2466 2299 3
517 2724 2299 3
518 2949 2299 3
519 3008 2299 3
520 3136 2299 3
521 3111 2299 3
522 3007 2299 3
523 3084 2299 3
524 3085 2299 3
525 3017 2299 3
526 2866 2299 3
527 2715 2299 3
528 2601 2299 3
529 2474 2299 3
530 2421 2299 3
531 2421 2299 3
532 2319 2299 3
533 2327 2299 3
534 2319 2299 3
535 2339 2299 3
536 2368 2299 3
537 2391 2299 3
538 2393 2299 3
539 2348 2299 3
540 2401 2299 3
541 2348 2299 3
542 2412 2299 3
543 2348 2299 3
544 2450 2299 3
545 2348 2299 3
546 2456 2299 3
547 2348 2299 3
548 2469 2299 3
549 2500 2299 3
550 2500 2299 3
551 2508 2299 3
552 2509 2299 3
553 2539 2299 3
554 2509 2299 3
555 2509 2299 3
556 2469 2299 3
557 2348 2299 3
558 2412 2299 3
559 2420 2299 3
560 2522 2299 3
561 2531 2299 3
562 2603 2299 3
563 2721 2299 3
564 2718 2299 3
565 2733 2299 3
566 2810 2299 3
567 2849 2299 3
568 2850 2299 3
569 2875 2299 3
570 2909 2299 3
571 3036 2299 3
572 3050 2299 3
573 3154 2299 3
574 3323 2299 3
575 3335 2299 3
576 3334 2299 3
577 3443 2299 3
578 3334 2299 3
579 3443 2299 3
580 3557 2299 3
581 3720 2299 3
582 3527 2299 3
583 3184 2299 3
584 3169 2299 3
585 3184 2299 3
586 3362 2299 3
587 3353 2299 3
588 3352 2299 3
589 3352 2299 3
590 3182 2299 3
591 3076 2299 3
592 3066 2299 3
593 3076 2299 3
594 3179 2299 3
595 3076 2299 3
596 3182 2299 3
597 3216 2299 3
598 3167 2299 3
599 3075 2299 3
600 2926 2299 3
601 2862 2299 3
602 2584 2299 3
603 2454 2299 3
604 2401 2299 3
605 2405 2299 3
606 2413 2299 3
607 2405 2299 3
608 2434 2299 3
609 2487 2299 3
610 2434 2299 3
611 2523 2299 3
612 2561 2299 3
613 2560 2299 3
614 2561 2299 3
615 2434 2299 3
616 2536 2299 3
617 2536 2299 3
618 2536 2299 3
619 2434 2299 3
620 2545 2299 3
621 2434 2299 3
622 2536 2299 3
623 2536 2299 3
624 2536 2299 3
625 2537 2299 3
626 2536 2299 3
627 2545 2299 3
628 2515 2299 3
629 2524 2299 3
630 2596 2299 3
631 2524 2299 3
632 2596 2299 3
633 2616 2299 3
634 2438 2299 3
635 2468 2299 3
636 2438 2299 3
637 2556 2299 3
638 2438 2299 3
639 2556 2299 3
640 2438 2299 3
641 2569 2299 3
642 2438 2299 3
643 2365 2299 3
644 2357 2299 3
645 2365 2299 3
646 2386 2299 3
647 2412 2299 3
648 2386 2299 3
649 2412 2299 3
650 2386 2299 3
651 2439 2299 3
652 2386 2299 3
653 2475 2299 3
654 2350 2299 3
655 2321 2299 3
656 2329 2299 3
657 2350 2299 3
658 2403 2299 3
659 2350 2299 3
660 2452 2299 3
661 2452 2299 3
662 2551 2299 3
663 2652 2299 3
664 2779 2299 3
665 2889 2299 3
666 2911 2299 3
667 2884 2299 3
668 2911 2299 3
669 3025 2299 3
670 3140 2299 3
671 3145 2299 3
672 3093 2299 3
673 3253 2299 3
674 3147 2299 3
675 2952 2299 3
676 2866 2299 3
677 2837 2299 3
678 2811 2299 3
679 2768 2299 3
680 2742 2299 3
681 2703 2299 3
682 2590 2299 3
683 2591 2299 3
684 2590 2299 3
685 2591 2299 3
686 2590 2299 3
687 2591 2299 3
688 2602 2299 3
689 2569 2299 3
690 2566 2299 3
691 2569 2299 3
692 2566 2299 3
693 2569 2299 3
694 2581 2299 3
695 2595 2299 3
696 2581 2299 3
697 2634 2299 3
698 2581 2299 3
699 2636 2299 3
700 2536 2299 3
701 2392 2299 3
702 2383 2299 3
703 2383 2299 3
704 2354 2299 3
705 2360 2299 3
706 2354 2299 3
707 2381 2299 3
708 2410 2299 3
709 2413 2299 3
710 2384 2299 3
711 2398 2299 3
712 2277 2277 3 two opt
712 2277 2277 3
713 2285 2277 3
714 2277 2277 3
715 2306 2277 3
716 2359 2277 3
717 2306 2277 3
718 2375 2277 3
719 2306 2277 3
720 2375 2277 3
721 2348 2277 3
722 2277 2277 3
723 2306 2277 3
724 2381 2277 3
725 2381 2277 3
726 2470 2277 3
727 2502 2277 3
728 2517 2277 3
729 2616 2277 3
730 2785 2277 3
731 2730 2277 3
732 2927 2277 3
733 2978 2277 3
734 3100 2277 3
735 2978 2277 3
736 3100 2277 3
737 3197 2277 3
738 3188 2277 3
739 3317 2277 3
740 3171 2277 3
741 3197 2277 3
742 3346 2277 3
743 3484 2277 3
744 3628 2277 3
745 3484 2277 3
746 3648 2277 3
747 3670 2277 3
748 3483 2277 3
749 3570 2277 3
750 3284 2277 3
751 3189 2277 3
752 3045 2277 3
753 3037 2277 3
754 3016 2277 3
755 2894 2277 3
756 2898 2277 3
757 2894 2277 3
758 2908 2277 3
759 2870 2277 3
760 2856 2277 3
761 2860 2277 3
762 2880 2277 3
763 2860 2277 3
764 2881 2277 3
765 2910 2277 3
766 2717 2277 3
767 2615 2277 3
768 2594 2277 3
769 2596 2277 3
770 2602 2277 3
771 2594 2277 3
772 2602 2277 3
773 2623 2277 3
774 2602 2277 3
775 2623 2277 3
776 2676 2277 3
777 2623 2277 3
778 2678 2277 3
779 2509 2277 3
780 2488 2277 3
781 2366 2277 3
782 2374 2277 3
783 2395 2277 3
784 2427 2277 3
785 2442 2277 3
786 2427 2277 3
787 2442 2277 3
788 2495 2277 3
789 2442 2277 3
790 2502 2277 3
791 2377 2277 3
792 2348 2277 3
793 2356 2277 3
794 2377 2277 3
795 2430 2277 3
796 2377 2277 3
797 2452 2277 3
798 2452 2277 3
799 2423 2277 3
800 2522 2277 3
801 2423 2277 3
802 2574 2277 3
803 2583 2277 3
804 2679 2277 3
805 2650 2277 3
806 2644 2277 3
807 2581 2277 3
808 2535 2277 3
809 2534 2277 3
810 2531 2277 3
811 2466 2277 3
812 2417 2277 3
813 2346 2277 3
814 2354 2277 3
815 2374 2277 3
816 2414 2277 3
817 2489 2277 3
818 2422 2277 3
819 2373 2277 3
820 2365 2277 3
821 2394 2277 3
822 2443 2277 3
823 2473 2277 3
824 2466 2277 3
825 2374 2277 3
826 2370 2277 3
827 2341 2277 3
828 2370 2277 3
829 2423 2277 3
830 2370 2277 3
831 2442 2277 3
832 2370 2277 3
833 2442 2277 3
834 2446 2277 3
835 2368 2277 3
836 2421 2277 3
837 2368 2277 3
838 2516 2277 3
839 2617 2277 3
840 2725 2277 3
841 2617 2277 3
842 2725 2277 3
843 2813 2277 3
844 2625 2277 3
845 2677 2277 3
846 2446 2277 3
847 2299 2277 3
848 2352 2277 3
849 2299 2277 3
850 2411 2277 3
851 2413 2277 3
852 2474 2277 3
853 2452 2277 3
854 2448 2277 3
855 2448 2277 3
856 2449 2277 3
857 2448 2277 3
858 2449 2277 3
859 2464 2277 3
860 2492 2277 3
861 2488 2277 3
862 2504 2277 3
863 2475 2277 3
864 2504 2277 3
865 2579 2277 3
866 2580 2277 3
867 2559 2277 3
868 2580 2277 3
869 2625 2277 3
870 2698 2277 3
871 2699 2277 3
872 2698 2277 3
873 2699 2277 3
874 2698 2277 3
875 2724 2277 3
876 2698 2277 3
877 2772 2277 3
878 2909 2277 3
879 2872 2277 3
880 2865 2277 3
881 2870 2277 3
882 2865 2277 3
883 2870 2277 3
884 2878 2277 3
885 2921 2277 3
886 2789 2277 3
887 2781 2277 3
888 2644 2277 3
889 2580 2277 3
890 2577 2277 3
891 2548 2277 3
892 2626 2277 3
893 2580 2277 3
894 2669 2277 3
895 2777 2277 3
896 2807 2277 3
897 2653 2277 3
898 2822 2277 3
899 2767 2277 3
900 2602 2277 3
901 2594 2277 3
902 2593 2277 3
903 2511 2277 3
904 2466 2277 3
905 2466 2277 3
906 2475 2277 3
907 2474 2277 3
908 2474 2277 3
909 2474 2277 3
910 2488 2277 3
911 2518 2277 3
912 2571 2277 3
913 2518 2277 3
914 2573 2277 3
915 2404 2277 3
916 2374 2277 3
917 2375 2277 3
918 2374 2277 3
919 2383 2277 3
920 2374 2277 3
921 2404 2277 3
922 2457 2277 3
923 2404 2277 3
924 2476 2277 3
925 2404 2277 3
926 2476 2277 3
927 2496 2277 3
928 2634 2277 3
929 2772 2277 3
930 2962 2277 3
931 3180 2277 3
932 3367 2277 3
933 3292 2277 3
934 3240 2277 3
935 3254 2277 3
936 3273 2277 3
937 3132 2277 3
938 3114 2277 3
939 2988 2277 3
940 3010 2277 3
941 3012 2277 3
942 2890 2277 3
943 2862 2277 3
944 2851 2277 3
945 2855 2277 3
946 2851 2277 3
947 2855 2277 3
948 2861 2277 3
949 2863 2277 3
950 2786 2277 3
951 2782 2277 3
952 2785 2277 3
953 2782 2277 3
954 2786 2277 3
955 2825 2277 3
956 2876 2277 3
957 2820 2277 3
958 2707 2277 3
959 2703 2277 3
960 2706 2277 3
961 2703 2277 3
962 2707 2277 3
963 2780 2277 3
964 2707 2277 3
965 2784 2277 3
966 2707 2277 3
967 2789 2277 3
968 2716 2277 3
969 2728 2277 3
970 2662 2277 3
971 2641 2277 3
972 2637 2277 3
973 2641 2277 3
974 2657 2277 3
975 2628 2277 3
976 2615 2277 3
977 2628 2277 3
978 2615 2277 3
979 2628 2277 3
980 2628 2277 3
981 2538 2277 3
982 2518 2277 3
983 2520 2277 3
984 2454 2277 3
985 2477 2277 3
986 2454 2277 3
987 2520 2277 3
988 2454 2277 3
989 2527 2277 3
990 2538 2277 3
991 2563 2277 3
992 2538 2277 3
993 2563 2277 3
994 2538 2277 3
995 2567 2277 3
996 2580 2277 3
997 2551 2277 3
998 2538 2277 3
999 2567 2277 3
1000 2538 2277 3
1001 2567 2277 3
1002 2538 2277 3
1003 2567 2277 3
1004 2649 2277 3
1005 2671 2277 3
1006 2567 2277 3
1007 2549 2277 3
1008 2520 2277 3
1009 2518 2277 3
1010 2520 2277 3
1011 2533 2277 3
1012 2549 2277 3
1013 2520 2277 3
1014 2533 2277 3
1015 2549 2277 3
1016 2520 2277 3
1017 2533 2277 3
1018 2551 2277 3
1019 2538 2277 3
1020 2527 2277 3
1021 2614 2277 3
1022 2631 2277 3
1023 2527 2277 3
1024 2614 2277 3
1025 2631 2277 3
1026 2720 2277 3
1027 2748 2277 3
1028 2865 2277 3
1029 2924 2277 3
1030 2902 2277 3
1031 2891 2277 3
1032 2902 2277 3
1033 2922 2277 3
1034 2924 2277 3
1035 2937 2277 3
1036 2779 2277 3
1037 2774 2277 3
1038 2779 2277 3
1039 2780 2277 3
1040 2782 2277 3
1041 2723 2277 3
1042 2720 2277 3
1043 2723 2277 3
1044 2808 2277 3
1045 2723 2277 3
1046 2808 2277 3
1047 2749 2277 3
1048 2770 2277 3
1049 2796 2277 3
1050 2743 2277 3
1051 2717 2277 3
1052 2648 2277 3
1053 2527 2277 3
1054 2463 2277 3
1055 2352 2277 3
1056 2347 2277 3
1057 2352 2277 3
1058 2373 2277 3
1059 2426 2277 3
1060 2373 2277 3
1061 2437 2277 3
1062 2539 2277 3
1063 2437 2277 3
1064 2539 2277 3
1065 2437 2277 3
1066 2558 2277 3
1067 2667 2277 3
1068 2558 2277 3
1069 2437 2277 3
1070 2584 2277 3
1071 2437 2277 3
1072 2591 2277 3
1073 2437 2277 3
1074 2591 2277 3
1075 2506 2277 3
1076 2481 2277 3
1077 2452 2277 3
1078 2452 2277 3
1079 2467 2277 3
1080 2452 2277 3
1081 2467 2277 3
1082 2452 2277 3
1083 2475 2277 3
1084 2500 2277 3
1085 2475 2277 3
1086 2452 2277 3
1087 2502 2277 3
1088 2604 2277 3
1089 2676 2277 3
1090 2672 2277 3
1091 2758 2277 3
1092 2672 2277 3
1093 2758 2277 3
1094 2750 2277 3
1095 2860 2277 3
1096 2889 2277 3
1097 2969 2277 3
1098 2889 2277 3
1099 3004 2277 3
1100 2952 2277 3
1101 2970 2277 3
1102 2952 2277 3
1103 3049 2277 3
1104 3049 2277 3
1105 3049 2277 3
1106 2992 2277 3
1107 2984 2277 3
1108 2988 2277 3
1109 2984 2277 3
1110 2999 2277 3
Customer 1: 20
B1 ID: 35 D1 ID: 37
Customer 2: 24
B2 ID: 47 D2 ID: 48
-----
Route 1 Before: 50,35,11,27,13,4,32,9,50
Route 2 Before: 50,40,2,30,6,46,1,0,3,47,50
-----
---------
Route 1 After: 50,37,11,27,13,4,32,9,50
Route 2 After: 50,40,2,30,6,46,1,0,3,48,50
---------
Priority swap cost contribution: 100
1111 3099 2277 3
1112 3007 2277 3
1113 2980 2277 3
1114 2965 2277 3
1115 2978 2277 3
1116 2965 2277 3
1117 2992 2277 3
1118 2997 2277 3
1119 3087 2277 3
1120 3060 2277 3
1121 3172 2277 3
1122 3060 2277 3
1123 3172 2277 3
1124 3201 2277 3
1125 2980 2277 3
1126 2832 2277 3
1127 2733 2277 3
1128 2718 2277 3
1129 2705 2277 3
1130 2718 2277 3
1131 2745 2277 3
1132 2718 2277 3
1133 2745 2277 3
1134 2741 2277 3
1135 2714 2277 3
1136 2701 2277 3
1137 2714 2277 3
1138 2729 2277 3
1139 2743 2277 3
1140 2779 2277 3
1141 2743 2277 3
1142 2770 2277 3
1143 2774 2277 3
1144 2747 2277 3
1145 2792 2277 3
1146 2747 2277 3
1147 2792 2277 3
1148 2763 2277 3
1149 2768 2277 3
1150 2805 2277 3
1151 2792 2277 3
1152 2637 2277 3
1153 2614 2277 3
1154 2605 2277 3
1155 2600 2277 3
1156 2629 2277 3
1157 2660 2277 3
1158 2629 2277 3
1159 2665 2277 3
1160 2629 2277 3
1161 2668 2277 3
1162 2629 2277 3
1163 2669 2277 3
1164 2629 2277 3
1165 2669 2277 3
1166 2629 2277 3
1167 2673 2277 3
1168 2644 2277 3
1169 2640 2277 3
1170 2596 2277 3
1171 2627 2277 3
1172 2596 2277 3
1173 2632 2277 3
1174 2596 2277 3
1175 2635 2277 3
1176 2596 2277 3
1177 2636 2277 3
1178 2596 2277 3
1179 2636 2277 3
1180 2596 2277 3
1181 2640 2277 3
1182 2664 2277 3
1183 2613 2277 3
1184 2617 2277 3
1185 2613 2277 3
1186 2617 2277 3
1187 2613 2277 3
1188 2617 2277 3
1189 2642 2277 3
1190 2645 2277 3
1191 2617 2277 3
1192 2646 2277 3
1193 2617 2277 3
1194 2665 2277 3
1195 2617 2277 3
1196 2665 2277 3
1197 2718 2277 3
1198 2756 2277 3
1199 2694 2277 3
1200 2664 2277 3
1201 2616 2277 3
1202 2632 2277 3
1203 2616 2277 3
1204 2635 2277 3
1205 2616 2277 3
1206 2645 2277 3
1207 2691 2277 3
1208 2645 2277 3
1209 2691 2277 3
1210 2676 2277 3
1211 2697 2277 3
1212 2697 2277 3
1213 2741 2277 3
1214 2711 2277 3
1215 2716 2277 3
1216 2764 2277 3
1217 2716 2277 3
1218 2764 2277 3
1219 2826 2277 3
1220 2878 2277 3
1221 2740 2277 3
1222 2719 2277 3
1223 2772 2277 3
1224 2719 2277 3
1225 2740 2277 3
1226 2758 2277 3
1227 2759 2277 3
1228 2758 2277 3
1229 2759 2277 3
1230 2759 2277 3
1231 2785 2277 3
1232 2756 2277 3
1233 2843 2277 3
1234 2743 2277 3
1235 2717 2277 3
1236 2743 2277 3
1237 2766 2277 3
1238 2768 2277 3
1239 2766 2277 3
1240 2861 2277 3
1241 2839 2277 3
1242 2899 2277 3
1243 2839 2277 3
1244 2903 2277 3
1245 2985 2277 3
1246 3007 2277 3
1247 3122 2277 3
1248 3105 2277 3
1249 3122 2277 3
1250 3134 2277 3
1251 3150 2277 3
1252 3213 2277 3
1253 3191 2277 3
1254 3128 2277 3
1255 2956 2277 3
1256 2900 2277 3
1257 2799 2277 3
1258 2754 2277 3
1259 2751 2277 3
1260 2754 2277 3
1261 2681 2277 3
1262 2645 2277 3
1263 2609 2277 3
1264 2490 2277 3
1265 2461 2277 3
1266 2453 2277 3
1267 2445 2277 3
1268 2461 2277 3
1269 2445 2277 3
1270 2461 2277 3
1271 2489 2277 3
1272 2489 2277 3
1273 2489 2277 3
1274 2515 2277 3
1275 2486 2277 3
1276 2461 2277 3
1277 2453 2277 3
1278 2445 2277 3
1279 2461 2277 3
1280 2445 2277 3
1281 2461 2277 3
1282 2489 2277 3
1283 2515 2277 3
1284 2490 2277 3
1285 2461 2277 3
1286 2465 2277 3
1287 2461 2277 3
1288 2465 2277 3
1289 2461 2277 3
1290 2465 2277 3
1291 2501 2277 3
1292 2465 2277 3
1293 2496 2277 3
1294 2465 2277 3
1295 2518 2277 3
1296 2556 2277 3
1297 2577 2277 3
1298 2556 2277 3
1299 2595 2277 3
1300 2556 2277 3
1301 2609 2277 3
1302 2556 2277 3
1303 2609 2277 3
1304 2671 2277 3
1305 2671 2277 3
1306 2618 2277 3
1307 2618 2277 3
1308 2688 2277 3
1309 2618 2277 3
1310 2688 2277 3
1311 2648 2277 3
1312 2673 2277 3
1313 2648 2277 3
1314 2677 2277 3
1315 2706 2277 3
1316 2640 2277 3
1317 2665 2277 3
1318 2640 2277 3
1319 2729 2277 3
1320 2623 2277 3
1321 2624 2277 3
1322 2623 2277 3
1323 2638 2277 3
1324 2608 2277 3
1325 2609 2277 3
1326 2594 2277 3
1327 2593 2277 3
1328 2594 2277 3
1329 2595 2277 3
1330 2594 2277 3
1331 2595 2277 3
1332 2610 2277 3
1333 2639 2277 3
1334 2624 2277 3
1335 2726 2277 3
1336 2524 2277 3
1337 2494 2277 3
1338 2441 2277 3
1339 2441 2277 3
1340 2339 2277 3
1341 2347 2277 3
1342 2339 2277 3
1343 2368 2277 3
1344 2391 2277 3
1345 2461 2277 3
1346 2387 2277 3
1347 2347 2277 3
1348 2368 2277 3
1349 2347 2277 3
1350 2339 2277 3
1351 2347 2277 3
1352 2368 2277 3
1353 2391 2277 3
1354 2444 2277 3
1355 2391 2277 3
1356 2461 2277 3
1357 2391 2277 3
1358 2461 2277 3
1359 2563 2277 3
1360 2461 2277 3
1361 2630 2277 3
1362 2461 2277 3
1363 2639 2277 3
1364 2660 2277 3
1365 2368 2277 3
1366 2470 2277 3
1367 2368 2277 3
1368 2509 2277 3
1369 2488 2277 3
1370 2639 2277 3
1371 2488 2277 3
1372 2670 2277 3
1373 2339 2277 3
1374 2441 2277 3
1375 2339 2277 3
1376 2488 2277 3
1377 2509 2277 3
1378 2699 2277 3
1379 2570 2277 3
1380 2368 2277 3
1381 2347 2277 3
1382 2368 2277 3
1383 2509 2277 3
1384 2699 2277 3
1385 2570 2277 3
1386 2539 2277 3
1387 2539 2277 3
1388 2543 2277 3
1389 2514 2277 3
1390 2580 2277 3
1391 2510 2277 3
1392 2580 2277 3
1393 2595 2277 3
1394 2709 2277 3
1395 2665 2277 3
1396 2580 2277 3
1397 2595 2277 3
1398 2709 2277 3
1399 2665 2277 3
1400 2709 2277 3
1401 2811 2277 3
1402 2915 2277 3
1403 2894 2277 3
1404 2909 2277 3
1405 2709 2277 3
1406 2843 2277 3
1407 2852 2277 3
1408 2721 2277 3
1409 2580 2277 3
1410 2595 2277 3
1411 2580 2277 3
1412 2595 2277 3
1413 2580 2277 3
1414 2682 2277 3
1415 2786 2277 3
1416 2765 2277 3
1417 2780 2277 3
1418 2765 2277 3
1419 2780 2277 3
1420 2765 2277 3
1421 2786 2277 3
1422 2866 2277 3
1423 2810 2277 3
1424 2765 2277 3
1425 2580 2277 3
1426 2510 2277 3
1427 2506 2277 3
1428 2507 2277 3
1429 2506 2277 3
1430 2507 2277 3
1431 2506 2277 3
1432 2507 2277 3
1433 2536 2277 3
1434 2570 2277 3
1435 2571 2277 3
1436 2540 2277 3
1437 2571 2277 3
1438 2570 2277 3
1439 2585 2277 3
1440 2570 2277 3
1441 2585 2277 3
1442 2611 2277 3
1443 2653 2277 3
1444 2706 2277 3
1445 2653 2277 3
1446 2756 2277 3
1447 2784 2277 3
1448 2756 2277 3
1449 2784 2277 3
1450 2820 2277 3
1451 2784 2277 3
1452 2820 2277 3
1453 2865 2277 3
1454 2873 2277 3
1455 2865 2277 3
1456 2921 2277 3
1457 3011 2277 3
1458 3102 2277 3
1459 3102 2277 3
1460 3025 2277 3
1461 2842 2277 3
1462 2655 2277 3
1463 2629 2277 3
1464 2600 2277 3
1465 2558 2277 3
1466 2559 2277 3
1467 2558 2277 3
1468 2584 2277 3
1469 2558 2277 3
1470 2586 2277 3
1471 2585 2277 3
1472 2582 2277 3
1473 2586 2277 3
1474 2612 2277 3
1475 2582 2277 3
1476 2618 2277 3
1477 2582 2277 3
1478 2486 2277 3
1479 2461 2277 3
1480 2453 2277 3
1481 2445 2277 3
1482 2461 2277 3
1483 2445 2277 3
1485 2445 2277 3
1486 2461 2277 3
1487 2489 2277 3
1488 2486 2277 3
1489 2486 2277 3
1490 2486 2277 3
1491 2515 2277 3
1492 2551 2277 3
1493 2592 2277 3
1494 2551 2277 3
1495 2604 2277 3
1496 2677 2277 3
1497 2778 2277 3
1498 2681 2277 3
1499 2726 2277 3
1500 2495 2277 3
1501 2442 2277 3
1502 2440 2277 3
1503 2442 2277 3
1504 2461 2277 3
1505 2432 2277 3
1506 2461 2277 3
1507 2442 2277 3
1508 2532 2277 3
1509 2442 2277 3
1510 2536 2277 3
1511 2638 2277 3
1512 2593 2277 3
1513 2487 2277 3
1514 2438 2277 3
1515 2409 2277 3
1516 2417 2277 3
1517 2438 2277 3
1518 2487 2277 3
1519 2438 2277 3
1520 2487 2277 3
1521 2511 2277 3
1522 2421 2277 3
1523 2392 2277 3
1524 2400 2277 3
1525 2421 2277 3
1526 2444 2277 3
1527 2421 2277 3
1528 2444 2277 3
1529 2538 2277 3
1530 2618 2277 3
1531 2593 2277 3
1532 2511 2277 3
1533 2449 2277 3
1534 2395 2277 3
1535 2398 2277 3
1536 2395 2277 3
1537 2412 2277 3
1538 2520 2277 3
1539 2647 2277 3
1540 2665 2277 3
1541 2796 2277 3
1542 2669 2277 3
1543 2833 2277 3
1544 2704 2277 3
1545 2697 2277 3
1546 2725 2277 3
1547 2800 2277 3
1548 2937 2277 3
1549 3081 2277 3
1550 3064 2277 3
1551 2862 2277 3
1552 2951 2277 3
1553 2942 2277 3
1554 2813 2277 3
1555 2814 2277 3
1556 2889 2277 3
1557 2814 2277 3
1558 2889 2277 3
1559 2999 2277 3
1560 2938 2277 3
1561 2756 2277 3
1562 2681 2277 3
1563 2680 2277 3
1564 2689 2277 3
1565 2680 2277 3
1566 2720 2277 3
1567 2795 2277 3
1568 2720 2277 3
1569 2892 2277 3
1570 2781 2277 3
1571 2726 2277 3
1572 2781 2277 3
1573 2757 2277 3
1574 2762 2277 3
1575 2568 2277 3
1576 2563 2277 3
1577 2568 2277 3
1578 2575 2277 3
1579 2587 2277 3
1580 2418 2277 3
1581 2471 2277 3
1582 2418 2277 3
1583 2493 2277 3
1584 2418 2277 3
1585 2518 2277 3
1587 2541 2277 3
1588 2466 2277 3
1589 2430 2277 3
1590 2486 2277 3
1591 2454 2277 3
1592 2379 2277 3
1593 2387 2277 3
1594 2462 2277 3
1595 2463 2277 3
1596 2571 2277 3
1597 2562 2277 3
1598 2624 2277 3
1599 2664 2277 3
1600 2803 2277 3
1601 2802 2277 3
1602 2781 2277 3
1603 2802 2277 3
1604 2781 2277 3
1605 2869 2277 3
1606 2818 2277 3
1607 2789 2277 3
1608 2585 2277 3
1609 2566 2277 3
1610 2550 2277 3
1612 2451 2277 3
1613 2465 2277 3
1614 2526 2277 3
1615 2351 2277 3
1616 2404 2277 3
1617 2351 2277 3
1618 2426 2277 3
1619 2351 2277 3
1620 2426 2277 3
1621 2427 2277 3
1622 2576 2277 3
1623 2567 2277 3
1624 2465 2277 3
1625 2567 2277 3
1626 2465 2277 3
1627 2651 2277 3
1628 2654 2277 3
1629 2679 2277 3
1630 2784 2277 3
1631 2711 2277 3
1632 2671 2277 3
1633 2657 2277 3
1634 2565 2277 3
1635 2540 2277 3
1636 2506 2277 3
1637 2510 2277 3
1638 2506 2277 3
1639 2510 2277 3
1640 2511 2277 3
1641 2449 2277 3
1642 2445 2277 3
1643 2453 2277 3
1644 2445 2277 3
1645 2461 2277 3
1646 2445 2277 3
1647 2461 2277 3
1648 2489 2277 3
1649 2489 2277 3
1650 2461 2277 3
1651 2445 2277 3
1652 2453 2277 3
1653 2445 2277 3
1654 2461 2277 3
1655 2489 2277 3
1656 2486 2277 3
1657 2461 2277 3
1658 2465 2277 3
1659 2461 2277 3
1660 2465 2277 3
1661 2461 2277 3
1662 2465 2277 3
1663 2501 2277 3
1664 2465 2277 3
1665 2457 2277 3
1666 2453 2277 3
1667 2457 2277 3
1668 2398 2277 3
1669 2395 2277 3
1670 2398 2277 3
1671 2412 2277 3
1672 2465 2277 3
1673 2412 2277 3
1674 2501 2277 3
1675 2603 2277 3
1676 2501 2277 3
1677 2650 2277 3
1678 2636 2277 3
1679 2379 2277 3
1680 2387 2277 3
1682 2387 2277 3
1683 2556 2277 3
1684 2501 2277 3
1685 2746 2277 3
1686 2876 2277 3
1687 3018 2277 3
1688 3065 2277 3
1689 3043 2277 3
1690 2994 2277 3
1691 3016 2277 3
1692 2994 2277 3
1693 3043 2277 3
1694 3038 2277 3
1695 3103 2277 3
1696 3020 2277 3
1697 2973 2277 3
1698 3020 2277 3
1699 2973 2277 3
1700 3151 2277 3
1701 3096 2277 3
1702 3054 2277 3
1703 3048 2277 3
1704 3049 2277 3
1705 3048 2277 3
1706 3051 2277 3
1707 2949 2277 3
1708 2991 2277 3
1709 2949 2277 3
1710 3002 2277 3
1711 2949 2277 3
1712 3053 2277 3
1713 2949 2277 3
1714 3053 2277 3
1715 3136 2277 3
1716 3136 2277 3
1717 3269 2277 3
1718 3163 2277 3
1719 3223 2277 3
1720 3298 2277 3
1721 3410 2277 3
1722 3479 2277 3
1723 3384 2277 3
1724 3427 2277 3
1725 3081 2277 3
1726 2941 2277 3
1727 2841 2277 3
1728 2788 2277 3
1729 2775 2277 3
1730 2747 2277 3
1731 2724 2277 3
1732 2760 2277 3
1733 2724 2277 3
1734 2777 2277 3
1735 2724 2277 3
1736 2777 2277 3
1737 2839 2277 3
1738 2839 2277 3
1739 2733 2277 3
1740 2680 2277 3
1741 2703 2277 3
1742 2680 2277 3
1743 2733 2277 3
1744 2680 2277 3
1745 2733 2277 3
1746 2796 2277 3
1747 2796 2277 3
1748 2796 2277 3
1749 2817 2277 3
1750 2796 2277 3
1751 2817 2277 3
1752 2825 2277 3
1753 2880 2277 3
1754 2815 2277 3
1755 2786 2277 3
1756 2723 2277 3
1757 2619 2277 3
1758 2566 2277 3
1759 2589 2277 3
1760 2566 2277 3
1761 2619 2277 3
1762 2566 2277 3
1763 2619 2277 3
1764 2682 2277 3
1765 2682 2277 3
1766 2682 2277 3
1767 2682 2277 3
1768 2682 2277 3
1769 2703 2277 3
1770 2703 2277 3
1771 2732 2277 3
1772 2802 2277 3
1773 2732 2277 3
1774 2832 2277 3
1775 2443 2277 3
1776 2390 2277 3
1777 2361 2277 3
1778 2369 2277 3
1779 2390 2277 3
1780 2439 2277 3
1781 2390 2277 3
1782 2439 2277 3
1783 2390 2277 3
1784 2443 2277 3
1785 2579 2277 3
1786 2720 2277 3
1787 2907 2277 3
1788 3006 2277 3
1789 3229 2277 3
1790 3455 2277 3
1791 3509 2277 3
1792 3543 2277 3
1793 3414 2277 3
1794 3415 2277 3
1795 3215 2277 3
1796 3158 2277 3
1797 3159 2277 3
1798 3128 2277 3
1799 3150 2277 3
1800 2962 2277 3
1801 2822 2277 3
1802 2651 2277 3
1803 2593 2277 3
1804 2540 2277 3
1805 2510 2277 3
1806 2511 2277 3
1807 2510 2277 3
1808 2511 2277 3
1809 2515 2277 3
1810 2511 2277 3
1811 2515 2277 3
1812 2540 2277 3
1813 2570 2277 3
1814 2536 2277 3
1815 2506 2277 3
1816 2507 2277 3
1817 2506 2277 3
1818 2507 2277 3
1819 2511 2277 3
1820 2507 2277 3
1821 2511 2277 3
1822 2564 2277 3
1823 2511 2277 3
1824 2581 2277 3
1825 2511 2277 3
1826 2581 2277 3
1827 2541 2277 3
1828 2507 2277 3
1829 2541 2277 3
1830 2542 2277 3
1831 2541 2277 3
1832 2556 2277 3
1833 2541 2277 3
1834 2556 2277 3
1835 2582 2277 3
1836 2624 2277 3
1837 2677 2277 3
1838 2743 2277 3
1839 2829 2277 3
1840 2800 2277 3
1841 2770 2277 3
1842 2791 2277 3
1843 2770 2277 3
1844 2791 2277 3
1845 2770 2277 3
1846 2816 2277 3
1847 2770 2277 3
1848 2816 2277 3
1849 2836 2277 3
1850 2896 2277 3
1851 2933 2277 3
1852 2861 2277 3
1853 2925 2277 3
1854 3026 2277 3
1856 3008 2277 3
1857 2915 2277 3
1858 2855 2277 3
1859 2775 2277 3
1860 2797 2277 3
1861 2775 2277 3
1862 2833 2277 3
1863 2856 2277 3
1864 2833 2277 3
1865 2856 2277 3
1866 2841 2277 3
1867 2856 2277 3
1868 2861 2277 3
1869 2921 2277 3
1870 2885 2277 3
1871 2921 2277 3
1872 3001 2277 3
1873 2943 2277 3
1874 3057 2277 3
1875 2943 2277 3
1876 2883 2277 3
1877 2854 2277 3
1878 2826 2277 3
1879 2768 2277 3
1880 2746 2277 3
1881 2673 2277 3
1883 2671 2277 3
1884 2686 2277 3
1885 2671 2277 3
1886 2686 2277 3
1887 2671 2277 3
1888 2687 2277 3
1889 2671 2277 3
1890 2700 2277 3
1891 2734 2277 3
1892 2700 2277 3
1893 2754 2277 3
1894 2700 2277 3
1895 2773 2277 3
1896 2833 2277 3
1897 2775 2277 3
1898 2754 2277 3
1899 2775 2277 3
1900 2801 2277 3
1901 2772 2277 3
1902 2746 2277 3
1903 2772 2277 3
1904 2772 2277 3
1905 2712 2277 3
1906 2715 2277 3
1907 2673 2277 3
1908 2674 2277 3
1909 2691 2277 3
1910 2674 2277 3
1911 2704 2277 3
1912 2674 2277 3
1913 2703 2277 3
1914 2743 2277 3
1915 2803 2277 3
1916 2889 2277 3
1917 2953 2277 3
1918 2886 2277 3
1919 2826 2277 3
1920 2762 2277 3
1921 2838 2277 3
1922 2861 2277 3
1923 2866 2277 3
1924 2862 2277 3
1925 2762 2277 3
1926 2862 2277 3
1927 2861 2277 3
1928 2866 2277 3
1929 2938 2277 3
1930 3039 2277 3
1931 3171 2277 3
1932 3039 2277 3
1933 3180 2277 3
1934 3078 2277 3
1935 3148 2277 3
1936 3059 2277 3
1937 3011 2277 3
1938 3011 2277 3
1939 3011 2277 3
1940 3002 2277 3
1941 3011 2277 3
1942 3019 2277 3
1943 2926 2277 3
1944 2905 2277 3
1945 2888 2277 3
1946 2883 2277 3
1947 2888 2277 3
1948 2918 2277 3
1949 2888 2277 3
1950 2798 2277 3
1951 2770 2277 3
1952 2712 2277 3
1953 2681 2277 3
1954 2677 2277 3
1955 2681 2277 3
1956 2682 2277 3
1957 2682 2277 3
1958 2669 2277 3
1959 2669 2277 3
1960 2629 2277 3
1961 2614 2277 3
1962 2629 2277 3
1963 2614 2277 3
1964 2633 2277 3
1965 2614 2277 3
1966 2660 2277 3
1967 2614 2277 3
1968 2660 2277 3
1969 2645 2277 3
1970 2555 2277 3
1971 2596 2277 3
1972 2555 2277 3
1973 2596 2277 3
1974 2631 2277 3
1975 2596 2277 3
1976 2662 2277 3
1977 2592 2277 3
1978 2551 2277 3
1979 2515 2277 3
1981 2515 2277 3
1982 2551 2277 3
1983 2592 2277 3
1984 2615 2277 3
1985 2608 2277 3
1986 2689 2277 3
1987 2608 2277 3
1988 2695 2277 3
1989 2608 2277 3
1990 2695 2277 3
1991 2712 2277 3
1992 2608 2277 3
1993 2712 2277 3
1994 2801 2277 3
1995 2822 2277 3
1996 2883 2277 3
1997 2985 2277 3
1998 3055 2277 3
1999 2923 2277 3
2000 3009 2277 3
2001 2928 2277 3
2002 2900 2277 3
2003 2896 2277 3
2004 2888 2277 3
2005 2888 2277 3
2006 2896 2277 3
2007 2888 2277 3
2008 2937 2277 3
2009 2973 2277 3
2010 3053 2277 3
2011 2973 2277 3
2012 3053 2277 3
2013 3089 2277 3
2014 3173 2277 3
2015 3202 2277 3
2016 3304 2277 3
2017 3417 2277 3
2018 3553 2277 3
2019 3545 2277 3
2020 3500 2277 3
2021 3452 2277 3
2022 3500 2277 3
2023 3515 2277 3
2024 3315 2277 3
2025 3121 2277 3
2026 2958 2277 3
2027 2845 2277 3
2028 2741 2277 3
2029 2661 2277 3
2030 2640 2277 3
2031 2582 2277 3
2032 2601 2277 3
2033 2582 2277 3
2034 2635 2277 3
2035 2670 2277 3
2036 2635 2277 3
2037 2697 2277 3
2038 2697 2277 3
2039 2644 2277 3
2040 2697 2277 3
2041 2767 2277 3
2042 2821 2277 3
2043 2767 2277 3
2044 2853 2277 3
2045 2841 2277 3
2046 2862 2277 3
2047 2760 2277 3
2048 2690 2277 3
2049 2760 2277 3
2050 2814 2277 3
2051 2760 2277 3
2052 2840 2277 3
2053 2924 2277 3
2054 2923 2277 3
2055 2921 2277 3
2056 2821 2277 3
2057 2751 2277 3
2058 2797 2277 3
2059 2751 2277 3
2060 2853 2277 3
2061 2751 2277 3
2062 2858 2277 3
2063 2840 2277 3
2064 2832 2277 3
2065 2840 2277 3
2066 2832 2277 3
2067 2840 2277 3
2068 2868 2277 3
2069 2896 2277 3
2070 2790 2277 3
2071 2762 2277 3
2072 2624 2277 3
2073 2601 2277 3
2074 2624 2277 3
2075 2616 2277 3
2076 2616 2277 3
2077 2616 2277 3
2078 2624 2277 3
2079 2616 2277 3
2080 2629 2277 3
2081 2510 2277 3
2082 2510 2277 3
2083 2511 2277 3
2084 2536 2277 3
2085 2506 2277 3
2086 2507 2277 3
2087 2511 2277 3
2088 2536 2277 3
2089 2506 2277 3
2090 2507 2277 3
2091 2511 2277 3
2092 2564 2277 3
2093 2511 2277 3
2094 2564 2277 3
2095 2511 2277 3
2096 2581 2277 3
2097 2511 2277 3
2098 2593 2277 3
2099 2594 2277 3
2100 2515 2277 3
2101 2514 2277 3
2102 2515 2277 3
2103 2540 2277 3
2104 2510 2277 3
2105 2511 2277 3
2106 2515 2277 3
2107 2544 2277 3
2108 2515 2277 3
2109 2544 2277 3
2110 2597 2277 3
2111 2544 2277 3
2112 2597 2277 3
2113 2544 2277 3
2114 2610 2277 3
2115 2540 2277 3
2116 2511 2277 3
2117 2564 2277 3
2118 2511 2277 3
2119 2581 2277 3
2120 2511 2277 3
2121 2593 2277 3
2122 2594 2277 3
2123 2593 2277 3
2124 2608 2277 3
2125 2637 2277 3
2126 2622 2277 3
2127 2686 2277 3
2128 2753 2277 3
2129 2755 2277 3
2130 2821 2277 3
2131 2724 2277 3
2132 2724 2277 3
2133 2711 2277 3
2134 2675 2277 3
2135 2698 2277 3
2136 2686 2277 3
2137 2670 2277 3
2138 2686 2277 3
2139 2670 2277 3
2140 2686 2277 3
2141 2714 2277 3
2142 2582 2277 3
2143 2608 2277 3
2144 2582 2277 3
2145 2635 2277 3
2146 2619 2277 3
2147 2615 2277 3
2148 2631 2277 3
2149 2578 2277 3
2150 2631 2277 3
2151 2615 2277 3
2152 2701 2277 3
2153 2615 2277 3
2154 2701 2277 3
2155 2802 2277 3
2156 2918 2277 3
2157 2816 2277 3
2158 2716 2277 3
2159 2636 2277 3
2160 2637 2277 3
2161 2636 2277 3
2162 2690 2277 3
2163 2817 2277 3
2164 2831 2277 3
2165 2817 2277 3
2166 2831 2277 3
2167 2870 2277 3
2168 2801 2277 3
2169 2765 2277 3
2170 2928 2277 3
2171 2765 2277 3
2172 2936 2277 3
2173 2999 2277 3
2174 2994 2277 3
2175 2841 2277 3
2176 2703 2277 3
2177 2574 2277 3
2178 2558 2277 3
2179 2574 2277 3
2180 2558 2277 3
2181 2598 2277 3
2182 2558 2277 3
2183 2611 2277 3
2184 2558 2277 3
2185 2611 2277 3
2186 2558 2277 3
2187 2611 2277 3
2188 2615 2277 3
2189 2619 2277 3
2190 2566 2277 3
2191 2562 2277 3
2192 2567 2277 3
2193 2575 2277 3
2194 2550 2277 3
2195 2542 2277 3
2196 2534 2277 3
2197 2550 2277 3
2198 2534 2277 3
2199 2550 2277 3
2200 2550 2277 3
2201 2551 2277 3
2202 2550 2277 3
2203 2551 2277 3
2204 2580 2277 3
2205 2611 2277 3
2206 2581 2277 3
2207 2589 2277 3
2208 2581 2277 3
2209 2590 2277 3
2210 2626 2277 3
2211 2688 2277 3
2212 2648 2277 3
2213 2682 2277 3
2214 2648 2277 3
2215 2682 2277 3
2216 2683 2277 3
2217 2671 2277 3
2218 2646 2277 3
2219 2612 2277 3
2220 2646 2277 3
2221 2671 2277 3
2222 2773 2277 3
2223 2663 2277 3
2224 2677 2277 3
2225 2663 2277 3
2226 2677 2277 3
2227 2706 2277 3
2228 2676 2277 3
2229 2574 2277 3
2230 2560 2277 3
2231 2480 2277 3
2232 2520 2277 3
2233 2480 2277 3
2234 2520 2277 3
2235 2480 2277 3
2236 2533 2277 3
2237 2480 2277 3
2238 2570 2277 3
2239 2480 2277 3
2240 2574 2277 3
2241 2676 2277 3
2242 2701 2277 3
2243 2677 2277 3
2244 2776 2277 3
2245 2914 2277 3
2246 3083 2277 3
2247 3028 2277 3
2248 3238 2277 3
2249 3028 2277 3
2250 2890 2277 3
2251 2791 2277 3
2252 2777 2277 3
2253 2685 2277 3
2254 2709 2277 3
2255 2619 2277 3
2256 2672 2277 3
2257 2619 2277 3
2258 2674 2277 3
2259 2505 2277 3
2260 2558 2277 3
2261 2505 2277 3
2262 2585 2277 3
2263 2505 2277 3
2264 2592 2277 3
2265 2505 2277 3
2266 2585 2277 3
2267 2599 2277 3
2268 2679 2277 3
2269 2654 2277 3
2270 2558 2277 3
2271 2574 2277 3
2272 2558 2277 3
2273 2574 2277 3
2274 2558 2277 3
2275 2598 2277 3
2276 2558 2277 3
2277 2611 2277 3
2278 2558 2277 3
2279 2611 2277 3
2280 2615 2277 3
2281 2619 2277 3
2282 2619 2277 3
2283 2566 2277 3
2284 2566 2277 3
2285 2566 2277 3
2286 2571 2277 3
2287 2566 2277 3
2288 2582 2277 3
2289 2554 2277 3
2290 2538 2277 3
2291 2534 2277 3
2292 2542 2277 3
2293 2534 2277 3
2294 2550 2277 3
2295 2534 2277 3
2296 2550 2277 3
2297 2550 2277 3
2298 2579 2277 3
2299 2550 2277 3
2300 2551 2277 3
2301 2580 2277 3
2302 2555 2277 3
2303 2580 2277 3
2304 2611 2277 3
2305 2610 2277 3
2306 2618 2277 3
2307 2619 2277 3
2308 2610 2277 3
2309 2619 2277 3
2310 2721 2277 3
2311 2820 2277 3
2312 2739 2277 3
2313 2619 2277 3
2314 2721 2277 3
2315 2619 2277 3
2316 2729 2277 3
2317 2844 2277 3
2318 2826 2277 3
2319 2710 2277 3
2320 2810 2277 3
2321 2811 2277 3
2322 2619 2277 3
2323 2738 2277 3
2324 2765 2277 3
2325 2736 2277 3
2326 2709 2277 3
2327 2590 2277 3
2328 2574 2277 3
2329 2565 2277 3
2330 2564 2277 3
2331 2565 2277 3
2332 2573 2277 3
2333 2574 2277 3
2334 2582 2277 3
2335 2573 2277 3
2336 2564 2277 3
2337 2565 2277 3
2338 2534 2277 3
2339 2542 2277 3
2340 2534 2277 3
2341 2550 2277 3
2342 2534 2277 3
2343 2550 2277 3
2344 2550 2277 3
2345 2551 2277 3
2346 2550 2277 3
2347 2554 2277 3
2348 2550 2277 3
2349 2554 2277 3
2350 2550 2277 3
2351 2554 2277 3
2352 2579 2277 3
2353 2579 2277 3
2354 2615 2277 3
2355 2579 2277 3
2356 2583 2277 3
2357 2583 2277 3
2358 2636 2277 3
2359 2689 2277 3
2360 2636 2277 3
2361 2689 2277 3
2362 2681 2277 3
2363 2672 2277 3
2364 2619 2277 3
2365 2624 2277 3
2366 2677 2277 3
2367 2681 2277 3
2368 2730 2277 3
2369 2681 2277 3
2370 2743 2277 3
2371 2681 2277 3
2372 2811 2277 3
2373 2930 2277 3
2374 2915 2277 3
2375 2930 2277 3
2376 2915 2277 3
2377 2981 2277 3
2378 2962 2277 3
2379 2944 2277 3
2380 2825 2277 3
2381 2857 2277 3
2382 2779 2277 3
2383 2857 2277 3
2384 2779 2277 3
2385 2880 2277 3
2386 2825 2277 3
2387 2905 2277 3
2388 2825 2277 3
2389 2905 2277 3
2390 2991 2277 3
2391 3012 2277 3
2392 3131 2277 3
2393 3100 2277 3
2394 3194 2277 3
2395 3103 2277 3
2396 3121 2277 3
2397 3049 2277 3
2398 3191 2277 3
2399 3049 2277 3
2400 2862 2277 3
2401 2725 2277 3
2402 2621 2277 3
2403 2568 2277 3
2404 2515 2277 3
2405 2511 2277 3
2406 2510 2277 3
2407 2511 2277 3
2408 2510 2277 3
2409 2511 2277 3
2410 2540 2277 3
2411 2569 2277 3
2412 2544 2277 3
2413 2597 2277 3
2414 2544 2277 3
2415 2597 2277 3
2416 2650 2277 3
2417 2716 2277 3
2418 2782 2277 3
2419 2712 2277 3
2420 2782 2277 3
2421 2742 2277 3
2422 2708 2277 3
2423 2709 2277 3
2424 2743 2277 3
2425 2782 2277 3
2426 2848 2277 3
2427 2716 2277 3
2428 2802 2277 3
2429 2772 2277 3
2430 2839 2277 3
2431 2940 2277 3
2432 3004 2277 3
2433 2940 2277 3
2434 2838 2277 3
2435 2758 2277 3
2436 2691 2277 3
2437 2706 2277 3
2438 2664 2277 3
2439 2706 2277 3
2440 2664 2277 3
2441 2706 2277 3
2442 2691 2277 3
2443 2706 2277 3
2444 2691 2277 3
2445 2757 2277 3
2446 2687 2277 3
2447 2702 2277 3
2448 2660 2277 3
2449 2702 2277 3
2450 2660 2277 3
2451 2702 2277 3
2452 2687 2277 3
2453 2702 2277 3
2454 2687 2277 3
2455 2767 2277 3
2456 2687 2277 3
2457 2767 2277 3
2458 2687 2277 3
2459 2767 2277 3
2460 2854 2277 3
2461 2836 2277 3
2462 2888 2277 3
2463 2836 2277 3
2464 2888 2277 3
2465 3013 2277 3
2466 2997 2277 3
2467 2915 2277 3
2468 2979 2277 3
2469 2915 2277 3
2470 3030 2277 3
2471 2915 2277 3
2472 3030 2277 3
2473 2915 2277 3
2474 3031 2277 3
2475 2758 2277 3
2476 2620 2277 3
2477 2506 2277 3
2478 2506 2277 3
2479 2507 2277 3
2480 2511 2277 3
2481 2536 2277 3
2482 2506 2277 3
2483 2510 2277 3
2484 2511 2277 3
2485 2540 2277 3
2486 2593 2277 3
2487 2646 2277 3
2488 2593 2277 3
2489 2659 2277 3
2490 2678 2277 3
2491 2736 2277 3
2492 2707 2277 3
2493 2706 2277 3
2494 2721 2277 3
2495 2679 2277 3
2496 2721 2277 3
2497 2679 2277 3
2498 2731 2277 3
2499 2785 2277 3
2500 2731 2277 3
2501 2785 2277 3
2503 2919 2277 3
2504 2849 2277 3
2505 2919 2277 3
2506 2920 2277 3
2507 2919 2277 3
2508 2985 2277 3
2509 3059 2277 3
2510 3126 2277 3
2511 3143 2277 3
2512 3103 2277 3
2513 3105 2277 3
2514 3083 2277 3
2515 3143 2277 3
2516 3083 2277 3
2517 3155 2277 3
2518 3083 2277 3
2519 3167 2277 3
2520 3095 2277 3
2521 3110 2277 3
2522 3130 2277 3
2523 3059 2277 3
2524 2980 2277 3
2525 2938 2277 3
2526 2980 2277 3
2527 2938 2277 3
2528 2998 2277 3
2529 2938 2277 3
2530 3015 2277 3
2531 2938 2277 3
2532 3016 2277 3
2533 2948 2277 3
2534 2928 2277 3
2535 2968 2277 3
2536 2888 2277 3
2537 2889 2277 3
2538 2888 2277 3
2539 2954 2277 3
2540 2888 2277 3
2541 2954 2277 3
2542 2983 2277 3
2543 2911 2277 3
2544 3013 2277 3
2545 3011 2277 3
2546 3013 2277 3
2547 3096 2277 3
2548 3125 2277 3
2549 3173 2277 3
2550 3045 2277 3
2551 2949 2277 3
2552 2847 2277 3
2553 2801 2277 3
2554 2757 2277 3
2555 2687 2277 3
2556 2633 2277 3
2557 2614 2277 3
2558 2633 2277 3
2559 2614 2277 3
2560 2660 2277 3
2561 2614 2277 3
2562 2660 2277 3
2563 2645 2277 3
2564 2555 2277 3
2565 2574 2277 3
2566 2555 2277 3
2567 2590 2277 3
2568 2613 2277 3
2569 2641 2277 3
2570 2669 2277 3
2571 2669 2277 3
2572 2633 2277 3
2573 2633 2277 3
2574 2498 2277 3
2575 2490 2277 3
2576 2490 2277 3
2577 2436 2277 3
2578 2331 2277 3
2579 2384 2277 3
2580 2331 2277 3
2581 2406 2277 3
2582 2331 2277 3
2583 2406 2277 3
2584 2406 2277 3
2585 2482 2277 3
2586 2509 2277 3
2587 2482 2277 3
2588 2509 2277 3
2589 2598 2277 3
2590 2632 2277 3
2591 2702 2277 3
2592 2632 2277 3
2593 2702 2277 3
2594 2819 2277 3
2595 2814 2277 3
2596 2708 2277 3
2597 2709 2277 3
2598 2715 2277 3
2599 2709 2277 3
2600 2715 2277 3
2601 2709 2277 3
2602 2715 2277 3
2603 2773 2277 3
2604 2654 2277 3
2605 2654 2277 3
2606 2654 2277 3
2607 2654 2277 3
2608 2766 2277 3
2609 2787 2277 3
2610 2803 2277 3
2611 2816 2277 3
2612 2985 2277 3
2613 3093 2277 3
2614 3174 2277 3
2615 3058 2277 3
2616 2865 2277 3
2617 2863 2277 3
2618 2835 2277 3
2619 2841 2277 3
2620 2863 2277 3
2621 2943 2277 3
2622 2850 2277 3
2623 2863 2277 3
2624 2823 2277 3
2625 2753 2277 3
2626 2501 2277 3
2627 2472 2277 3
2628 2446 2277 3
2629 2454 2277 3
2630 2475 2277 3
2631 2501 2277 3
2632 2500 2277 3
2633 2471 2277 3
2634 2472 2277 3
2635 2471 2277 3
2636 2500 2277 3
2637 2540 2277 3
2638 2470 2277 3
2639 2441 2277 3
2640 2449 2277 3
2641 2470 2277 3
2642 2519 2277 3
2643 2470 2277 3
2644 2523 2277 3
2645 2470 2277 3
2646 2559 2277 3
2647 2390 2277 3
2648 2361 2277 3
2649 2369 2277 3
2650 2390 2277 3
2651 2439 2277 3
2652 2390 2277 3
2653 2439 2277 3
2654 2390 2277 3
2655 2443 2277 3
2656 2390 2277 3
2657 2531 2277 3
2658 2700 2277 3
2659 2679 2277 3
2660 2679 2277 3
2661 2688 2277 3
2662 2679 2277 3
2663 2679 2277 3
2664 2735 2277 3
2665 2590 2277 3
2666 2777 2277 3
2667 2675 2277 3
2668 2745 2277 3
2669 2811 2277 3
2670 2913 2277 3
2671 2811 2277 3
2672 3005 2277 3
2673 2764 2277 3
2674 2698 2277 3
2675 2623 2277 3
2676 2689 2277 3
2677 2623 2277 3
2678 2689 2277 3
2679 2811 2277 3
2680 3008 2277 3
2681 3012 2277 3
2682 2898 2277 3
2683 2896 2277 3
2684 2998 2277 3
2685 3112 2277 3
2686 3062 2277 3
2687 3072 2277 3
2688 3078 2277 3
2689 3188 2277 3
2690 3140 2277 3
2691 3188 2277 3
2692 3268 2277 3
2693 3272 2277 3
2694 3338 2277 3
2695 3168 2277 3
2696 3180 2277 3
2697 2928 2277 3
2698 2964 2277 3
2699 2928 2277 3
2700 2731 2277 3
2701 2593 2277 3
2702 2523 2277 3
2703 2498 2277 3
2704 2331 2277 3
2705 2384 2277 3
2706 2331 2277 3
2707 2406 2277 3
2708 2331 2277 3
2709 2406 2277 3
2710 2406 2277 3
2711 2482 2277 3
2712 2509 2277 3
Priority 1: 0.8
Priority 2: 0.96
///////////////////
Feasible
Solution Cost: 2277
--------------
Route 1:

LOCATION | CUSTOMER
0 1000
27 18
27 21
27 2
27 19
8 12
0 1000
Max capacity: 150 Load:71
--------------
--------------
Route 2:

LOCATION | CUSTOMER
0 1000
16 20
2 6
28 23
28 0
28 1
28 3
3 7
20 22
4 8
10 14
0 1000
Max capacity: 150 Load:140
--------------
--------------
Route 3:

LOCATION | CUSTOMER
0 1000
1 5
30 16
26 13
26 24
26 15
29 10
29 4
29 11
29 17
5 9
0 1000
Max capacity: 150 Load:150
--------------
Solution Cost: 2277
Priority 1: 0.8
Priority 2: 0.96
///////////////////
Restart: 10
0 3619 1.7976931348623157E+308 0
1 3368 1.7976931348623157E+308 0
2 3166 1.7976931348623157E+308 0
3 3045 1.7976931348623157E+308 0
4 2934 1.7976931348623157E+308 0
5 2823 1.7976931348623157E+308 0
6 2715 1.7976931348623157E+308 0
7 2637 1.7976931348623157E+308 0
8 2522 1.7976931348623157E+308 0
9 2483 1.7976931348623157E+308 0
10 2263 1.7976931348623157E+308 0
11 2258 1.7976931348623157E+308 0
12 2263 1.7976931348623157E+308 0
13 2284 1.7976931348623157E+308 0
14 2337 1.7976931348623157E+308 0
15 2426 2426 3 flip
15 2426 2426 3
16 2528 2426 3
17 2426 2426 3
18 2528 2426 3
19 2426 2426 3
20 2547 2426 3
21 2656 2426 3
22 2547 2426 3
23 2426 2426 3
24 2554 2426 3
25 2575 2426 3
26 2604 2426 3
27 2554 2426 3
28 2533 2426 3
29 2554 2426 3
30 2623 2426 3
31 2554 2426 3
32 2623 2426 3
33 2672 2426 3
34 2776 2426 3
35 2776 2426 3
36 2881 2426 3
37 2650 2426 3
38 2503 2426 3
39 2482 2426 3
40 2482 2426 3
41 2407 2407 3 relocate
41 2407 2407 3
42 2427 2407 3
43 2448 2407 3
44 2427 2407 3
45 2502 2407 3
46 2501 2407 3
47 2452 2407 3
48 2481 2407 3
49 2380 2380 3 relocate
49 2380 2380 3
50 2409 2380 3
51 2413 2380 3
52 2338 2338 3 two opt
52 2338 2338 3
53 2359 2338 3
54 2330 2330 3 relocate
54 2330 2330 3
55 2338 2330 3
56 2396 2330 3
57 2338 2330 3
58 2413 2330 3
59 2413 2330 3
60 2456 2330 3
61 2560 2330 3
62 2604 2330 3
63 2604 2330 3
64 2473 2330 3
65 2581 2330 3
66 2473 2330 3
67 2474 2330 3
68 2558 2330 3
69 2685 2330 3
70 2664 2330 3
71 2660 2330 3
72 2566 2330 3
73 2588 2330 3
74 2566 2330 3
75 2513 2330 3
76 2513 2330 3
77 2464 2330 3
78 2472 2330 3
79 2464 2330 3
80 2485 2330 3
81 2464 2330 3
82 2486 2330 3
83 2464 2330 3
84 2486 2330 3
85 2483 2330 3
86 2486 2330 3
87 2535 2330 3
88 2486 2330 3
89 2539 2330 3
90 2486 2330 3
91 2549 2330 3
92 2619 2330 3
93 2566 2330 3
94 2554 2330 3
95 2554 2330 3
96 2558 2330 3
97 2558 2330 3
98 2542 2330 3
99 2570 2330 3
100 2542 2330 3
101 2570 2330 3
102 2596 2330 3
103 2528 2330 3
104 2500 2330 3
105 2477 2330 3
106 2454 2330 3
107 2477 2330 3
108 2500 2330 3
109 2573 2330 3
110 2500 2330 3
111 2573 2330 3
112 2670 2330 3
113 2677 2330 3
114 2659 2330 3
115 2627 2330 3
116 2750 2330 3
117 2750 2330 3
118 2704 2330 3
119 2774 2330 3
120 2808 2330 3
121 2809 2330 3
122 2942 2330 3
123 3009 2330 3
124 2899 2330 3
125 2900 2330 3
126 2910 2330 3
127 2865 2330 3
128 2925 2330 3
129 2865 2330 3
130 3006 2330 3
131 2933 2330 3
132 3078 2330 3
133 3013 2330 3
134 3005 2330 3
135 2842 2330 3
136 2772 2330 3
137 2842 2330 3
138 2958 2330 3
139 3113 2330 3
140 3070 2330 3
141 3005 2330 3
142 2997 2330 3
143 3094 2330 3
144 2924 2330 3
145 2891 2330 3
146 2762 2330 3
147 2733 2330 3
148 2706 2330 3
149 2722 2330 3
150 2654 2330 3
151 2632 2330 3
152 2626 2330 3
153 2597 2330 3
154 2574 2330 3
155 2570 2330 3
156 2567 2330 3
157 2567 2330 3
158 2567 2330 3
159 2567 2330 3
160 2567 2330 3
161 2570 2330 3
162 2567 2330 3
163 2574 2330 3
164 2597 2330 3
165 2603 2330 3
166 2611 2330 3
167 2610 2330 3
168 2638 2330 3
169 2611 2330 3
170 2633 2330 3
171 2655 2330 3
172 2684 2330 3
173 2680 2330 3
174 2528 2330 3
175 2498 2330 3
176 2494 2330 3
177 2495 2330 3
178 2494 2330 3
179 2495 2330 3
180 2494 2330 3
181 2501 2330 3
182 2554 2330 3
183 2501 2330 3
184 2554 2330 3
185 2501 2330 3
186 2554 2330 3
187 2538 2330 3
188 2537 2330 3
189 2374 2330 3
190 2359 2330 3
191 2360 2330 3
192 2359 2330 3
193 2360 2330 3
194 2359 2330 3
195 2360 2330 3
196 2364 2330 3
197 2360 2330 3
198 2375 2330 3
199 2421 2330 3
200 2375 2330 3
201 2428 2330 3
202 2375 2330 3
203 2446 2330 3
204 2466 2330 3
205 2446 2330 3
206 2519 2330 3
207 2446 2330 3
208 2530 2330 3
209 2360 2330 3
210 2433 2330 3
211 2522 2330 3
212 2550 2330 3
213 2576 2330 3
214 2669 2330 3
215 2660 2330 3
216 2601 2330 3
217 2643 2330 3
218 2796 2330 3
219 2950 2330 3
220 2796 2330 3
221 2965 2330 3
222 2910 2330 3
223 3084 2330 3
224 3183 2330 3
225 3030 2330 3
226 2885 2330 3
227 2786 2330 3
228 2726 2330 3
229 2589 2330 3
230 2487 2330 3
231 2461 2330 3
232 2466 2330 3
233 2487 2330 3
234 2540 2330 3
235 2487 2330 3
236 2542 2330 3
237 2373 2330 3
238 2347 2330 3
239 2352 2330 3
240 2373 2330 3
241 2426 2330 3
242 2373 2330 3
243 2437 2330 3
244 2373 2330 3
245 2475 2330 3
246 2373 2330 3
247 2475 2330 3
248 2373 2330 3
249 2494 2330 3
250 2603 2330 3
251 2494 2330 3
252 2373 2330 3
253 2543 2330 3
254 2592 2330 3
255 2719 2330 3
256 2719 2330 3
257 2694 2330 3
258 2577 2330 3
259 2450 2330 3
260 2421 2330 3
261 2421 2330 3
262 2319 2319 3 two opt
262 2319 2319 3
263 2327 2319 3
264 2319 2319 3
265 2339 2319 3
266 2368 2319 3
267 2421 2319 3
268 2368 2319 3
269 2470 2319 3
270 2368 2319 3
271 2509 2319 3
272 2699 2319 3
273 2368 2319 3
274 2509 2319 3
275 2752 2319 3
276 2741 2319 3
277 2771 2319 3
278 2767 2319 3
279 2918 2319 3
280 3071 2319 3
281 3149 2319 3
282 3008 2319 3
283 3016 2319 3
284 3008 2319 3
285 3016 2319 3
286 3042 2319 3
287 3070 2319 3
288 3034 2319 3
289 3070 2319 3
290 3167 2319 3
291 3093 2319 3
292 3203 2319 3
293 2934 2319 3
294 3083 2319 3
295 3298 2319 3
296 3083 2319 3
297 3298 2319 3
298 3414 2319 3
299 3413 2319 3
300 3142 2319 3
301 2948 2319 3
302 2878 2319 3
303 2825 2319 3
304 2767 2319 3
305 2754 2319 3
306 2748 2319 3
307 2665 2319 3
308 2678 2319 3
309 2731 2319 3
310 2678 2319 3
311 2737 2319 3
312 2731 2319 3
313 2505 2319 3
314 2469 2319 3
315 2469 2319 3
316 2469 2319 3
317 2469 2319 3
318 2469 2319 3
319 2477 2319 3
320 2454 2319 3
321 2477 2319 3
322 2469 2319 3
323 2482 2319 3
324 2507 2319 3
325 2388 2319 3
326 2359 2319 3
327 2359 2319 3
328 2360 2319 3
329 2364 2319 3
330 2379 2319 3
331 2364 2319 3
332 2379 2319 3
333 2375 2319 3
334 2360 2319 3
335 2364 2319 3
336 2389 2319 3
337 2359 2319 3
338 2363 2319 3
339 2378 2319 3
340 2379 2319 3
341 2408 2319 3
342 2477 2319 3
343 2497 2319 3
344 2583 2319 3
345 2587 2319 3
346 2672 2319 3
347 2518 2319 3
348 2528 2319 3
349 2436 2319 3
350 2391 2319 3
351 2332 2319 3
352 2332 2319 3
353 2230 2230 3 two opt
353 2230 2230 3
354 2238 2230 3
355 2230 2230 3
356 2259 2230 3
357 2312 2230 3
358 2259 2230 3
359 2323 2230 3
360 2259 2230 3
361 2323 2230 3
362 2304 2230 3
363 2310 2230 3
364 2302 2230 3
365 2238 2230 3
366 2259 2230 3
367 2238 2230 3
368 2291 2230 3
369 2238 2230 3
370 2302 2230 3
371 2310 2230 3
372 2399 2230 3
373 2457 2230 3
374 2399 2230 3
375 2391 2230 3
376 2327 2230 3
377 2319 2230 3
378 2327 2230 3
379 2347 2230 3
380 2368 2230 3
381 2391 2230 3
382 2393 2230 3
383 2399 2230 3
384 2452 2230 3
385 2399 2230 3
386 2501 2230 3
387 2399 2230 3
388 2501 2230 3
389 2501 2230 3
390 2501 2230 3
391 2501 2230 3
392 2510 2230 3
393 2501 2230 3
394 2515 2230 3
395 2576 2230 3
396 2572 2230 3
397 2543 2230 3
398 2544 2230 3
399 2573 2230 3
400 2642 2230 3
401 2573 2230 3
402 2642 2230 3
403 2702 2230 3
404 2629 2230 3
405 2500 2230 3
406 2471 2230 3
407 2478 2230 3
408 2448 2230 3
409 2449 2230 3
410 2448 2230 3
411 2463 2230 3
412 2448 2230 3
413 2463 2230 3
414 2491 2230 3
415 2491 2230 3
416 2492 2230 3
417 2538 2230 3
418 2550 2230 3
419 2643 2230 3
420 2687 2230 3
421 2708 2230 3
422 2826 2230 3
423 2821 2230 3
424 2850 2230 3
425 2871 2230 3
426 2956 2230 3
427 2871 2230 3
428 2988 2230 3
429 3043 2230 3
430 2998 2230 3
431 3101 2230 3
432 3137 2230 3
433 3101 2230 3
434 3137 2230 3
435 3169 2230 3
436 3217 2230 3
437 3137 2230 3
438 3101 2230 3
439 3229 2230 3
440 3131 2230 3
441 3047 2230 3
442 3046 2230 3
443 3047 2230 3
444 3046 2230 3
445 3074 2230 3
446 3073 2230 3
447 2969 2230 3
448 3040 2230 3
449 2969 2230 3
450 2829 2230 3
451 2799 2230 3
452 2774 2230 3
453 2678 2230 3
454 2621 2230 3
455 2575 2230 3
456 2478 2230 3
457 2426 2230 3
458 2439 2230 3
459 2426 2230 3
460 2439 2230 3
461 2455 2230 3
462 2426 2230 3
463 2439 2230 3
464 2426 2230 3
465 2445 2230 3
466 2426 2230 3
467 2455 2230 3
468 2497 2230 3
469 2431 2230 3
470 2378 2230 3
471 2363 2230 3
472 2364 2230 3
473 2363 2230 3
474 2359 2230 3
475 2360 2230 3
476 2359 2230 3
477 2363 2230 3
478 2378 2230 3
479 2363 2230 3
480 2378 2230 3
481 2374 2230 3
482 2359 2230 3
483 2360 2230 3
484 2375 2230 3
485 2360 2230 3
486 2375 2230 3
487 2374 2230 3
488 2359 2230 3
489 2360 2230 3
490 2359 2230 3
491 2363 2230 3
492 2416 2230 3
493 2363 2230 3
494 2452 2230 3
495 2475 2230 3
496 2552 2230 3
497 2543 2230 3
498 2411 2230 3
499 2413 2230 3
500 2411 2230 3
501 2413 2230 3
502 2515 2230 3
503 2413 2230 3
504 2515 2230 3
505 2587 2230 3
506 2583 2230 3
507 2706 2230 3
508 2692 2230 3
509 2522 2230 3
510 2536 2230 3
511 2522 2230 3
512 2536 2230 3
513 2607 2230 3
514 2728 2230 3
515 2801 2230 3
516 2925 2230 3
517 3030 2230 3
518 2925 2230 3
519 3030 2230 3
520 3032 2230 3
521 3060 2230 3
522 3032 2230 3
523 3060 2230 3
524 3073 2230 3
525 2781 2230 3
526 2708 2230 3
527 2680 2230 3
528 2603 2230 3
529 2656 2230 3
530 2603 2230 3
531 2656 2230 3
532 2603 2230 3
533 2696 2230 3
534 2603 2230 3
535 2696 2230 3
536 2678 2230 3
537 2674 2230 3
538 2676 2230 3
539 2599 2230 3
540 2603 2230 3
541 2599 2230 3
542 2603 2230 3
543 2648 2230 3
544 2603 2230 3
545 2703 2230 3
546 2707 2230 3
547 2739 2230 3
548 2692 2230 3
549 2744 2230 3
550 2492 2230 3
551 2352 2230 3
552 2299 2230 3
553 2374 2230 3
554 2299 2230 3
555 2374 2230 3
556 2299 2230 3
557 2388 2230 3
558 2523 2230 3
559 2388 2230 3
560 2523 2230 3
561 2503 2230 3
562 2624 2230 3
563 2633 2230 3
564 2561 2230 3
565 2548 2230 3
566 2523 2230 3
567 2392 2230 3
568 2290 2230 3
569 2343 2230 3
570 2290 2230 3
571 2348 2230 3
572 2290 2230 3
573 2392 2230 3
574 2290 2230 3
575 2401 2230 3
576 2201 2201 3 two opt
576 2201 2201 3
577 2254 2201 3
578 2201 2201 3
579 2303 2201 3
580 2201 2201 3
581 2303 2201 3
582 2201 2201 3
583 2322 2201 3
584 2411 2201 3
585 2509 2201 3
586 2568 2201 3
587 2569 2201 3
588 2680 2201 3
589 2799 2201 3
590 2522 2201 3
591 2411 2201 3
592 2290 2201 3
593 2401 2201 3
594 2290 2201 3
595 2411 2201 3
596 2484 2201 3
597 2607 2201 3
598 2438 2201 3
599 2445 2201 3
600 2384 2201 3
601 2321 2201 3
602 2302 2201 3
603 2321 2201 3
604 2374 2201 3
605 2321 2201 3
606 2411 2201 3
607 2445 2201 3
608 2482 2201 3
609 2511 2201 3
610 2384 2201 3
611 2410 2201 3
612 2500 2201 3
613 2546 2201 3
614 2564 2201 3
615 2422 2201 3
616 2295 2201 3
617 2276 2201 3
618 2302 2201 3
619 2276 2201 3
620 2302 2201 3
621 2276 2201 3
622 2329 2201 3
623 2276 2201 3
624 2365 2201 3
625 2302 2201 3
626 2404 2201 3
627 2503 2201 3
628 2616 2201 3
629 2747 2201 3
630 2848 2201 3
631 2717 2201 3
632 2886 2201 3
633 2650 2201 3
634 2720 2201 3
635 2618 2201 3
636 2778 2201 3
637 2618 2201 3
638 2778 2201 3
639 2618 2201 3
640 2812 2201 3
641 3012 2201 3
642 2942 2201 3
643 3126 2201 3
644 3168 2201 3
645 3155 2201 3
646 3107 2201 3
647 3338 2201 3
648 3107 2201 3
649 3103 2201 3
650 3107 2201 3
651 3360 2201 3
652 3365 2201 3
653 3425 2201 3
654 3270 2201 3
655 3271 2201 3
656 3319 2201 3
657 3409 2201 3
658 3319 2201 3
659 3454 2201 3
660 3307 2201 3
661 3315 2201 3
662 3417 2201 3
663 3382 2201 3
664 3307 2201 3
665 3382 2201 3
666 3458 2201 3
667 3606 2201 3
668 3610 2201 3
669 3743 2201 3
670 3858 2201 3
671 3909 2201 3
672 3776 2201 3
673 3692 2201 3
674 3624 2201 3
675 3213 2201 3
676 2820 2201 3
677 2620 2201 3
678 2506 2201 3
679 2448 2201 3
680 2449 2201 3
681 2448 2201 3
682 2449 2201 3
683 2448 2201 3
684 2449 2201 3
685 2453 2201 3
686 2449 2201 3
687 2464 2201 3
688 2449 2201 3
689 2464 2201 3
690 2492 2201 3
691 2491 2201 3
692 2488 2201 3
693 2504 2201 3
694 2475 2201 3
695 2544 2201 3
696 2619 2201 3
697 2401 2201 3
698 2348 2201 3
699 2319 2201 3
700 2327 2201 3
701 2319 2201 3
702 2348 2201 3
703 2377 2201 3
704 2381 2201 3
705 2374 2201 3
706 2375 2201 3
707 2447 2201 3
708 2375 2201 3
709 2447 2201 3
710 2467 2201 3
711 2605 2201 3
712 2743 2201 3
713 2912 2201 3
714 2810 2201 3
715 2964 2201 3
716 3100 2201 3
717 3272 2201 3
718 3100 2201 3
719 3299 2201 3
720 3227 2201 3
721 3268 2201 3
722 3227 2201 3
723 3288 2201 3
724 3227 2201 3
725 3419 2201 3
726 3251 2201 3
727 3214 2201 3
728 3217 2201 3
729 2947 2201 3
730 3058 2201 3
731 3103 2201 3
732 3102 2201 3
733 2844 2201 3
734 2733 2201 3
735 2678 2201 3
736 2733 2201 3
737 2733 2201 3
738 2847 2201 3
739 2733 2201 3
740 2847 2201 3
741 3048 2201 3
742 3197 2201 3
743 3091 2201 3
744 3197 2201 3
745 3305 2201 3
746 3191 2201 3
747 3071 2201 3
748 3003 2201 3
749 2945 2201 3
750 2873 2201 3
751 2543 2201 3
752 2535 2201 3
753 2535 2201 3
754 2366 2201 3
755 2374 2201 3
756 2366 2201 3
757 2395 2201 3
758 2448 2201 3
759 2395 2201 3
760 2470 2201 3
761 2395 2201 3
762 2496 2201 3
763 2517 2201 3
764 2496 2201 3
765 2395 2201 3
766 2496 2201 3
767 2375 2201 3
768 2346 2201 3
769 2354 2201 3
770 2374 2201 3
771 2427 2201 3
772 2374 2201 3
773 2449 2201 3
774 2374 2201 3
775 2449 2201 3
776 2448 2201 3
777 2399 2201 3
778 2428 2201 3
779 2327 2201 3
780 2319 2201 3
781 2327 2201 3
782 2348 2201 3
783 2377 2201 3
784 2381 2201 3
785 2306 2201 3
786 2277 2201 3
787 2285 2201 3
788 2306 2201 3
789 2359 2201 3
790 2306 2201 3
791 2375 2201 3
792 2483 2201 3
793 2483 2201 3
794 2647 2201 3
795 2565 2201 3
796 2590 2201 3
797 2606 2201 3
798 2727 2201 3
799 2726 2201 3
800 2724 2201 3
801 2726 2201 3
802 2724 2201 3
803 2733 2201 3
804 2728 2201 3
805 2806 2201 3
806 2899 2201 3
807 2840 2201 3
808 2818 2201 3
809 2963 2201 3
810 2976 2201 3
811 3038 2201 3
812 3073 2201 3
813 3245 2201 3
814 3186 2201 3
815 3164 2201 3
816 3055 2201 3
817 2794 2201 3
818 2823 2201 3
819 2794 2201 3
820 2929 2201 3
821 3050 2201 3
822 3023 2201 3
823 3050 2201 3
824 3183 2201 3
825 3011 2201 3
826 2825 2201 3
827 2714 2201 3
828 2622 2201 3
829 2558 2201 3
830 2553 2201 3
831 2558 2201 3
832 2579 2201 3
833 2632 2201 3
834 2579 2201 3
835 2651 2201 3
836 2547 2201 3
837 2475 2201 3
838 2373 2201 3
839 2347 2201 3
840 2352 2201 3
841 2373 2201 3
842 2426 2201 3
843 2373 2201 3
844 2475 2201 3
845 2475 2201 3
846 2449 2201 3
847 2475 2201 3
848 2475 2201 3
849 2373 2201 3
850 2494 2201 3
851 2373 2201 3
852 2494 2201 3
853 2547 2201 3
854 2556 2201 3
855 2674 2201 3
856 2603 2201 3
857 2578 2201 3
858 2459 2201 3
859 2430 2201 3
860 2421 2201 3
861 2421 2201 3
862 2319 2201 3
863 2327 2201 3
864 2319 2201 3
865 2339 2201 3
866 2368 2201 3
867 2469 2201 3
868 2348 2201 3
869 2393 2201 3
870 2348 2201 3
871 2393 2201 3
872 2399 2201 3
873 2501 2201 3
874 2515 2201 3
875 2513 2201 3
876 2624 2201 3
877 2568 2201 3
878 2522 2201 3
879 2547 2201 3
880 2574 2201 3
881 2640 2201 3
882 2490 2201 3
883 2384 2201 3
884 2328 2201 3
885 2348 2201 3
886 2328 2201 3
887 2364 2201 3
888 2417 2201 3
889 2364 2201 3
890 2439 2201 3
891 2439 2201 3
892 2441 2201 3
893 2468 2201 3
894 2534 2201 3
895 2534 2201 3
896 2277 2201 3
897 2285 2201 3
898 2306 2201 3
899 2277 2201 3
900 2285 2201 3
901 2277 2201 3
902 2306 2201 3
903 2359 2201 3
904 2306 2201 3
905 2375 2201 3
906 2306 2201 3
907 2381 2201 3
908 2381 2201 3
909 2453 2201 3
910 2381 2201 3
911 2480 2201 3
912 2572 2201 3
913 2543 2201 3
914 2543 2201 3
915 2565 2201 3
916 2537 2201 3
917 2638 2201 3
918 2692 2201 3
919 2391 2201 3
920 2365 2201 3
921 2302 2201 3
922 2355 2201 3
923 2302 2201 3
924 2404 2201 3
925 2302 2201 3
926 2404 2201 3
927 2411 2201 3
928 2404 2201 3
929 2508 2201 3
930 2457 2201 3
931 2621 2201 3
932 2790 2201 3
933 2554 2201 3
934 2600 2201 3
935 2670 2201 3
936 2830 2201 3
937 2670 2201 3
938 2830 2201 3
939 2993 2201 3
940 2949 2201 3
941 2955 2201 3
942 3110 2201 3
943 2955 2201 3
944 3110 2201 3
945 2955 2201 3
946 3149 2201 3
947 3124 2201 3
948 3079 2201 3
949 3143 2201 3
950 3149 2201 3
951 3250 2201 3
952 3320 2201 3
953 3386 2201 3
954 3397 2201 3
955 3552 2201 3
956 3546 2201 3
957 3514 2201 3
958 3409 2201 3
959 3266 2201 3
960 3085 2201 3
961 3019 2201 3
962 3081 2201 3
963 2975 2201 3
964 2918 2201 3
965 2921 2201 3
966 2915 2201 3
967 2888 2201 3
968 2918 2201 3
969 2888 2201 3
970 2918 2201 3
971 2966 2201 3
972 3056 2201 3
973 3118 2201 3
974 3248 2201 3
975 3048 2201 3
976 2854 2201 3
977 2682 2201 3
978 2636 2201 3
979 2636 2201 3
980 2636 2201 3
981 2636 2201 3
982 2636 2201 3
983 2649 2201 3
984 2678 2201 3
985 2674 2201 3
986 2720 2201 3
987 2741 2201 3
988 2508 2201 3
989 2479 2201 3
990 2479 2201 3
991 2474 2201 3
992 2490 2201 3
993 2504 2201 3
994 2474 2201 3
995 2501 2201 3
996 2474 2201 3
997 2501 2201 3
998 2474 2201 3
999 2503 2201 3
1000 2546 2201 3
1001 2503 2201 3
1002 2546 2201 3
1003 2549 2201 3
1004 2553 2201 3
1005 2558 2201 3
1006 2572 2201 3
1007 2529 2201 3
1008 2512 2201 3
1009 2529 2201 3
1010 2523 2201 3
1011 2580 2201 3
1012 2675 2201 3
1013 2748 2201 3
1014 2710 2201 3
1015 2657 2201 3
1016 2695 2201 3
1017 2512 2201 3
1018 2565 2201 3
1019 2512 2201 3
1020 2601 2201 3
1021 2594 2201 3
1022 2717 2201 3
1023 2717 2201 3
1024 2734 2201 3
1025 2804 2201 3
1026 2694 2201 3
1027 2677 2201 3
1028 2694 2201 3
1029 2721 2201 3
1030 2694 2201 3
1031 2721 2201 3
1032 2767 2201 3
1033 2805 2201 3
1034 2875 2201 3
1035 2872 2201 3
1036 2897 2201 3
1037 2971 2201 3
1038 2897 2201 3
1039 2987 2201 3
1040 2964 2201 3
1041 3035 2201 3
1042 3007 2201 3
1043 3028 2201 3
1044 3007 2201 3
1045 3035 2201 3
1046 3142 2201 3
1047 3052 2201 3
1048 3030 2201 3
1049 2966 2201 3
1050 2874 2201 3
1051 2679 2201 3
1052 2534 2201 3
1053 2533 2201 3
1054 2497 2201 3
1055 2405 2201 3
1056 2405 2201 3
1057 2395 2201 3
1058 2404 2201 3
1059 2405 2201 3
1060 2395 2201 3
1061 2411 2201 3
1062 2362 2201 3
1063 2415 2201 3
1064 2362 2201 3
1065 2467 2201 3
1066 2362 2201 3
1067 2467 2201 3
1068 2395 2201 3
1069 2418 2201 3
1070 2517 2201 3
1071 2418 2201 3
1072 2427 2201 3
1073 2499 2201 3
1074 2644 2201 3
1075 2657 2201 3
1076 2826 2201 3
1077 2567 2201 3
1078 2678 2201 3
1079 2567 2201 3
1080 2558 2201 3
1081 2537 2201 3
1082 2677 2201 3
1083 2689 2201 3
1084 2795 2201 3
1085 2790 2201 3
1086 2877 2201 3
1087 2878 2201 3
1088 3093 2201 3
1089 2964 2201 3
1090 2918 2201 3
1091 2911 2201 3
1092 2647 2201 3
1093 2648 2201 3
1094 2643 2201 3
1095 2653 2201 3
1096 2654 2201 3
1097 2647 2201 3
1098 2654 2201 3
1099 2768 2201 3
1100 2654 2201 3
1101 2768 2201 3
1102 2857 2201 3
1103 3047 2201 3
1104 2899 2201 3
1105 2797 2201 3
1106 2801 2201 3
1107 2899 2201 3
1108 2759 2201 3
1109 2742 2201 3
1110 2740 2201 3
1111 2682 2201 3
1112 2675 2201 3
1113 2461 2201 3
1114 2525 2201 3
1115 2676 2201 3
1116 2392 2201 3
1117 2339 2201 3
1118 2392 2201 3
1119 2448 2201 3
1120 2392 2201 3
1121 2498 2201 3
1122 2606 2201 3
1123 2543 2201 3
1124 2435 2201 3
1125 2382 2201 3
1126 2435 2201 3
1127 2504 2201 3
1128 2435 2201 3
1129 2510 2201 3
1130 2435 2201 3
1131 2510 2201 3
1132 2511 2201 3
1133 2583 2201 3
1134 2603 2201 3
1135 2642 2201 3
1136 2596 2201 3
1137 2597 2201 3
1138 2596 2201 3
1139 2597 2201 3
1140 2596 2201 3
1141 2597 2201 3
1142 2705 2201 3
1143 2597 2201 3
1144 2706 2201 3
1145 2742 2201 3
1146 2817 2201 3
1147 2547 2201 3
1148 2546 2201 3
1149 2547 2201 3
1150 2546 2201 3
1151 2547 2201 3
1152 2683 2201 3
1153 2684 2201 3
1154 2856 2201 3
1155 2834 2201 3
1156 2860 2201 3
1157 2822 2201 3
1158 2774 2201 3
1159 2822 2201 3
1160 2774 2201 3
1161 2960 2201 3
1162 2925 2201 3
1163 2929 2201 3
1165 2783 2201 3
1166 2822 2201 3
1167 3010 2201 3
1168 2822 2201 3
1169 3074 2201 3
1170 3144 2201 3
1171 3089 2201 3
1172 3108 2201 3
1173 3153 2201 3
1174 3117 2201 3
1175 3144 2201 3
1176 3117 2201 3
1177 3149 2201 3
1178 3118 2201 3
1179 3060 2201 3
1180 2985 2201 3
1181 3055 2201 3
1182 2985 2201 3
1183 3060 2201 3
1184 3028 2201 3
1185 3064 2201 3
1186 3028 2201 3
1187 3055 2201 3
1188 3028 2201 3
1189 3090 2201 3
1190 3216 2201 3
1191 3207 2201 3
1192 3184 2201 3
1193 2828 2201 3
1194 2760 2201 3
1195 2792 2201 3
1196 2760 2201 3
1197 2792 2201 3
1198 2862 2201 3
1199 2792 2201 3
1200 2734 2201 3
1201 2702 2201 3
1202 2698 2201 3
1203 2694 2201 3
1204 2670 2201 3
1205 2593 2201 3
1206 2597 2201 3
1207 2593 2201 3
1208 2597 2201 3
1209 2633 2201 3
1210 2597 2201 3
1211 2637 2201 3
1212 2637 2201 3
1213 2497 2201 3
1214 2497 2201 3
1216 2516 2201 3
1217 2497 2201 3
1218 2497 2201 3
1219 2511 2201 3
1220 2497 2201 3
1221 2497 2201 3
1222 2520 2201 3
1223 2544 2201 3
1224 2520 2201 3
1225 2544 2201 3
1226 2548 2201 3
1227 2576 2201 3
1228 2470 2201 3
1229 2442 2201 3
1230 2419 2201 3
1231 2442 2201 3
1232 2470 2201 3
1233 2497 2201 3
1234 2470 2201 3
1235 2497 2201 3
1236 2470 2201 3
1237 2502 2201 3
1238 2436 2201 3
1239 2407 2201 3
1240 2436 2201 3
1241 2414 2201 3
1242 2414 2201 3
1243 2414 2201 3
1244 2414 2201 3
1245 2414 2201 3
1246 2422 2201 3
1247 2375 2201 3
1248 2388 2201 3
1249 2375 2201 3
1250 2422 2201 3
1251 2375 2201 3
1252 2427 2201 3
1253 2196 2196 3 two opt
1253 2196 2196 3
1254 2188 2188 3 swap
1254 2188 2188 3
1255 2196 2188 3
1256 2217 2188 3
1257 2270 2188 3
1258 2217 2188 3
1259 2286 2188 3
1260 2217 2188 3
1261 2292 2188 3
1262 2292 2188 3
1263 2364 2188 3
1264 2292 2188 3
1265 2381 2188 3
1266 2480 2188 3
1267 2572 2188 3
1268 2603 2188 3
1269 2611 2188 3
1270 2572 2188 3
1271 2551 2188 3
1272 2651 2188 3
1273 2707 2188 3
1274 2863 2188 3
1275 2707 2188 3
1276 2562 2188 3
1277 2415 2188 3
1278 2271 2188 3
1279 2263 2188 3
1280 2263 2188 3
1281 2188 2188 3
1282 2196 2188 3
1283 2188 2188 3
1284 2217 2188 3
1285 2270 2188 3
1286 2217 2188 3
1287 2286 2188 3
1288 2217 2188 3
1289 2292 2188 3
1290 2335 2188 3
1291 2308 2188 3
1292 2259 2188 3
1293 2286 2188 3
1294 2259 2188 3
1295 2335 2188 3
1296 2335 2188 3
1297 2263 2188 3
1298 2352 2188 3
1299 2424 2188 3
1300 2444 2188 3
1301 2475 2188 3
1302 2429 2188 3
1303 2428 2188 3
1304 2436 2188 3
1305 2428 2188 3
1306 2437 2188 3
1307 2536 2188 3
1308 2642 2188 3
1309 2743 2188 3
1310 2828 2188 3
1311 2828 2188 3
1312 2788 2188 3
1313 2682 2188 3
1314 2738 2188 3
1315 2682 2188 3
1316 2691 2188 3
1317 2821 2188 3
1318 2680 2188 3
1319 2702 2188 3
1320 2680 2188 3
1321 2702 2188 3
1322 2680 2188 3
1323 2813 2188 3
1324 2680 2188 3
1325 2813 2188 3
1326 2821 2188 3
1327 2670 2188 3
1328 2537 2188 3
1329 2528 2188 3
1330 2537 2188 3
1331 2670 2188 3
1332 2792 2188 3
1333 2661 2188 3
1334 2528 2188 3
1335 2661 2188 3
1336 2791 2188 3
1337 2921 2188 3
1338 2701 2188 3
1339 2700 2188 3
1340 2878 2188 3
1341 3011 2188 3
1342 3149 2188 3
1343 3325 2188 3
1344 3296 2188 3
1345 3187 2188 3
1346 3139 2188 3
1347 3381 2188 3
1348 3139 2188 3
1349 3381 2188 3
1350 3139 2188 3
1351 2995 2188 3
1352 2855 2188 3
1353 2722 2188 3
1354 2669 2188 3
1355 2642 2188 3
1356 2634 2188 3
1357 2634 2188 3
1358 2650 2188 3
1359 2558 2188 3
1360 2414 2188 3
1361 2414 2188 3
1362 2365 2188 3
1363 2414 2188 3
1364 2365 2188 3
1365 2418 2188 3
1366 2365 2188 3
1367 2454 2188 3
1368 2562 2188 3
1369 2454 2188 3
1370 2575 2188 3
1371 2595 2188 3
1372 2595 2188 3
1373 2503 2188 3
1374 2525 2188 3
1375 2500 2188 3
1376 2425 2188 3
1377 2425 2188 3
1378 2290 2188 3
1379 2343 2188 3
1380 2290 2188 3
1381 2348 2188 3
1382 2290 2188 3
1383 2392 2188 3
1384 2290 2188 3
1385 2392 2188 3
1386 2503 2188 3
1387 2392 2188 3
1388 2290 2188 3
1389 2401 2188 3
1390 2201 2188 3
1391 2254 2188 3
1392 2201 2188 3
1393 2303 2188 3
1394 2201 2188 3
1395 2303 2188 3
1396 2201 2188 3
1397 2322 2188 3
1398 2411 2188 3
1399 2520 2188 3
1400 2446 2188 3
1401 2569 2188 3
1402 2400 2188 3
1403 2579 2188 3
1404 2400 2188 3
1405 2579 2188 3
1406 2400 2188 3
1407 2586 2188 3
1408 2400 2188 3
1409 2586 2188 3
1410 2545 2188 3
1411 2657 2188 3
1412 2545 2188 3
1413 2658 2188 3
1414 2657 2188 3
1415 2545 2188 3
1416 2658 2188 3
1417 2709 2188 3
1418 2691 2188 3
1419 2649 2188 3
1420 2709 2188 3
1421 2691 2188 3
1422 2649 2188 3
1423 2709 2188 3
1424 2776 2188 3
1425 2627 2188 3
1426 2419 2188 3
1427 2384 2188 3
1428 2321 2188 3
1429 2302 2188 3
1430 2355 2188 3
1431 2302 2188 3
1432 2365 2188 3
1433 2302 2188 3
1434 2404 2188 3
1435 2503 2188 3
1436 2604 2188 3
1437 2717 2188 3
1438 2864 2188 3
1439 2717 2188 3
1440 2864 2188 3
1441 2748 2188 3
1442 2616 2188 3
1443 2717 2188 3
1444 2886 2188 3
1445 2831 2188 3
1446 3025 2188 3
1447 3021 2188 3
1448 3025 2188 3
1449 3224 2188 3
1450 3435 2188 3
1451 3235 2188 3
1452 2858 2188 3
1453 2728 2188 3
1454 2724 2188 3
1455 2728 2188 3
1456 2783 2188 3
1457 2677 2188 3
1458 2673 2188 3
1459 2677 2188 3
1460 2698 2188 3
1461 2643 2188 3
1462 2639 2188 3
1463 2643 2188 3
1464 2651 2188 3
1465 2643 2188 3
1466 2698 2188 3
1467 2698 2188 3
1468 2820 2188 3
1469 3014 2188 3
1470 3041 2188 3
1471 3147 2188 3
1472 3139 2188 3
1473 3033 2188 3
1474 2968 2188 3
1475 2775 2188 3
1476 2656 2188 3
1477 2554 2188 3
1478 2546 2188 3
1479 2546 2188 3
1480 2377 2188 3
1481 2385 2188 3
1482 2377 2188 3
1483 2406 2188 3
1484 2451 2188 3
1485 2457 2188 3
1486 2449 2188 3
1487 2385 2188 3
1488 2406 2188 3
1489 2385 2188 3
1490 2449 2188 3
1491 2457 2188 3
1492 2527 2188 3
1493 2629 2188 3
1494 2527 2188 3
1495 2717 2188 3
1496 2580 2188 3
1497 2580 2188 3
1498 2595 2188 3
1499 2596 2188 3
1500 2559 2188 3
1501 2468 2188 3
1502 2453 2188 3
1503 2452 2188 3
1504 2467 2188 3
1505 2452 2188 3
1506 2467 2188 3
1507 2468 2188 3
1508 2467 2188 3
1509 2452 2188 3
1510 2448 2188 3
1511 2449 2188 3
1512 2448 2188 3
1513 2452 2188 3
1514 2475 2188 3
1515 2500 2188 3
1516 2553 2188 3
1517 2500 2188 3
1518 2569 2188 3
1519 2607 2188 3
1520 2611 2188 3
1521 2571 2188 3
1522 2629 2188 3
1523 2600 2188 3
1524 2628 2188 3
1525 2566 2188 3
1526 2562 2188 3
1527 2566 2188 3
1528 2592 2188 3
1529 2571 2188 3
1530 2579 2188 3
1531 2571 2188 3
1532 2627 2188 3
1533 2482 2188 3
1534 2490 2188 3
1535 2482 2188 3
1536 2503 2188 3
1537 2477 2188 3
1538 2473 2188 3
1539 2478 2188 3
1540 2473 2188 3
1541 2477 2188 3
1542 2530 2188 3
1543 2477 2188 3
1544 2579 2188 3
1545 2477 2188 3
1546 2579 2188 3
1547 2477 2188 3
1548 2593 2188 3
1549 2477 2188 3
1550 2593 2188 3
1551 2607 2188 3
1552 2623 2188 3
1553 2529 2188 3
1554 2591 2188 3
1555 2661 2188 3
1556 2625 2188 3
1557 2585 2188 3
1558 2586 2188 3
1559 2562 2188 3
1560 2588 2188 3
1561 2562 2188 3
1562 2676 2188 3
1563 2729 2188 3
1564 2827 2188 3
1565 2866 2188 3
1566 2640 2188 3
1567 2409 2188 3
1568 2417 2188 3
1569 2409 2188 3
1570 2438 2188 3
1571 2487 2188 3
1572 2438 2188 3
1573 2487 2188 3
1574 2438 2188 3
1575 2409 2188 3
1576 2417 2188 3
1577 2438 2188 3
1578 2487 2188 3
1579 2438 2188 3
1580 2487 2188 3
1581 2438 2188 3
1582 2491 2188 3
1583 2438 2188 3
1584 2502 2188 3
1585 2438 2188 3
1586 2502 2188 3
1587 2483 2188 3
1588 2438 2188 3
1589 2483 2188 3
1590 2485 2188 3
1591 2574 2188 3
1592 2680 2188 3
1593 2574 2188 3
1594 2680 2188 3
1595 2762 2188 3
1596 2758 2188 3
1597 2825 2188 3
1598 2758 2188 3
1599 2825 2188 3
1600 2792 2188 3
1601 2673 2188 3
1602 2586 2188 3
1603 2617 2188 3
1604 2639 2188 3
1605 2667 2188 3
1606 2639 2188 3
1607 2709 2188 3
1608 2768 2188 3
1609 2586 2188 3
1610 2485 2188 3
1611 2468 2188 3
1612 2485 2188 3
1613 2514 2188 3
1614 2571 2188 3
1615 2469 2188 3
1616 2452 2188 3
1617 2469 2188 3
1618 2520 2188 3
1619 2469 2188 3
1620 2558 2188 3
1621 2660 2188 3
1622 2651 2188 3
1623 2660 2188 3
1624 2759 2188 3
1625 2860 2188 3
1626 2945 2188 3
1627 3064 2188 3
1628 3034 2188 3
1629 2935 2188 3
1630 2886 2188 3
1631 2885 2188 3
1632 3026 2188 3
1633 2912 2188 3
1634 2885 2188 3
1635 2912 2188 3
1636 3098 2188 3
1637 2755 2188 3
1638 2795 2188 3
1639 2848 2188 3
1640 2831 2188 3
1641 2916 2188 3
1642 2814 2188 3
1643 2986 2188 3
1644 3024 2188 3
1645 3218 2188 3
1646 3086 2188 3
1647 3085 2188 3
1648 3129 2188 3
1649 3076 2188 3
1650 2936 2188 3
1651 2883 2188 3
1652 2844 2188 3
1653 2706 2188 3
1654 2692 2188 3
1655 2561 2188 3
1656 2565 2188 3
1657 2561 2188 3
1658 2569 2188 3
1659 2561 2188 3
1660 2587 2188 3
1661 2587 2188 3
1662 2591 2188 3
1663 2615 2188 3
1664 2591 2188 3
1665 2615 2188 3
1666 2644 2188 3
1667 2644 2188 3
1668 2544 2188 3
1669 2522 2188 3
1670 2405 2188 3
1671 2454 2188 3
1672 2405 2188 3
1673 2458 2188 3
1674 2405 2188 3
1675 2467 2188 3
1676 2530 2188 3
1677 2454 2188 3
1678 2383 2188 3
1679 2391 2188 3
1680 2444 2188 3
1681 2391 2188 3
1682 2460 2188 3
1683 2538 2188 3
1684 2539 2188 3
1685 2467 2188 3
1686 2466 2188 3
1687 2391 2188 3
1688 2466 2188 3
1689 2467 2188 3
1690 2566 2188 3
1691 2667 2188 3
1692 2752 2188 3
1693 2759 2188 3
1694 2752 2188 3
1695 2860 2188 3
1696 2758 2188 3
1697 2915 2188 3
1698 2758 2188 3
1699 2915 2188 3
1700 2886 2188 3
1701 2885 2188 3
1702 2886 2188 3
1703 2890 2188 3
1704 2795 2188 3
1705 2780 2188 3
1706 2721 2188 3
1707 2693 2188 3
1708 2555 2188 3
1709 2551 2188 3
1710 2550 2188 3
1711 2551 2188 3
1712 2555 2188 3
1713 2583 2188 3
1714 2555 2188 3
1715 2586 2188 3
1716 2578 2188 3
1717 2569 2188 3
1718 2515 2188 3
1719 2518 2188 3
1720 2526 2188 3
1721 2518 2188 3
1722 2527 2188 3
1723 2629 2188 3
1724 2527 2188 3
1725 2518 2188 3
1726 2515 2188 3
1727 2518 2188 3
1728 2526 2188 3
1729 2527 2188 3
1730 2548 2188 3
1731 2601 2188 3
1732 2660 2188 3
1733 2601 2188 3
1734 2660 2188 3
1735 2656 2188 3
1736 2627 2188 3
1737 2627 2188 3
1738 2631 2188 3
1739 2640 2188 3
1740 2648 2188 3
1741 2640 2188 3
1742 2648 2188 3
1743 2647 2188 3
1744 2631 2188 3
1745 2647 2188 3
1746 2647 2188 3
1747 2648 2188 3
1748 2644 2188 3
1749 2648 2188 3
1750 2542 2188 3
1751 2489 2188 3
1752 2449 2188 3
1753 2448 2188 3
1754 2449 2188 3
1755 2448 2188 3
1756 2449 2188 3
1757 2453 2188 3
1758 2449 2188 3
1759 2453 2188 3
1760 2468 2188 3
1761 2493 2188 3
1762 2518 2188 3
1763 2517 2188 3
1764 2502 2188 3
1765 2517 2188 3
1766 2521 2188 3
1767 2537 2188 3
1768 2306 2188 3
1769 2277 2188 3
1770 2285 2188 3
1771 2338 2188 3
1772 2285 2188 3
1773 2354 2188 3
1774 2285 2188 3
1775 2306 2188 3
1776 2381 2188 3
1777 2377 2188 3
1778 2348 2188 3
1779 2319 2188 3
1780 2348 2188 3
1781 2319 2188 3
1782 2348 2188 3
1783 2379 2188 3
1784 2304 2188 3
1785 2312 2188 3
1786 2304 2188 3
1787 2313 2188 3
1788 2434 2188 3
1790 2548 2188 3
1791 2657 2188 3
1792 2693 2188 3
1793 2815 2188 3
1794 2917 2188 3
1795 2877 2188 3
1796 2934 2188 3
1797 2943 2188 3
1798 2952 2188 3
1800 2769 2188 3
1801 2677 2188 3
1802 2668 2188 3
1803 2548 2188 3
1804 2519 2188 3
1805 2519 2188 3
1806 2444 2188 3
1807 2452 2188 3
1808 2444 2188 3
1809 2473 2188 3
1810 2526 2188 3
1811 2473 2188 3
1813 2359 2188 3
1814 2330 2188 3
1815 2338 2188 3
1816 2359 2188 3
1817 2410 2188 3
1818 2359 2188 3
1819 2410 2188 3
1820 2414 2188 3
1821 2306 2188 3
1823 2413 2188 3
1824 2406 2188 3
1825 2285 2188 3
1826 2277 2188 3
1827 2285 2188 3
1828 2306 2188 3
1829 2359 2188 3
1830 2306 2188 3
1831 2375 2188 3
1832 2390 2188 3
1833 2439 2188 3
1834 2509 2188 3
1835 2469 2188 3
1836 2470 2188 3
1837 2469 2188 3
1838 2511 2188 3
1839 2610 2188 3
1840 2511 2188 3
1841 2462 2188 3
1842 2420 2188 3
1843 2462 2188 3
1844 2420 2188 3
1845 2462 2188 3
1846 2603 2188 3
1847 2772 2188 3
1848 2781 2188 3
1849 2903 2188 3
1850 2772 2188 3
1851 2827 2188 3
1852 2703 2188 3
1853 2722 2188 3
1854 2846 2188 3
1855 2719 2188 3
1856 2709 2188 3
1857 2700 2188 3
1858 2719 2188 3
1859 2849 2188 3
1860 2629 2188 3
1861 2480 2188 3
1862 2259 2188 3
1863 2265 2188 3
1864 2286 2188 3
1865 2335 2188 3
1866 2286 2188 3
1867 2335 2188 3
1868 2286 2188 3
1869 2339 2188 3
1870 2286 2188 3
1871 2364 2188 3
1872 2292 2188 3
1873 2263 2188 3
1874 2263 2188 3
1875 2263 2188 3
1876 2263 2188 3
1877 2272 2188 3
1878 2271 2188 3
1879 2271 2188 3
1880 2271 2188 3
1881 2292 2188 3
1882 2335 2188 3
1883 2286 2188 3
1884 2259 2188 3
1885 2265 2188 3
1886 2286 2188 3
1887 2339 2188 3
1888 2286 2188 3
1889 2364 2188 3
1890 2292 2188 3
1891 2364 2188 3
1892 2384 2188 3
1893 2473 2188 3
1894 2439 2188 3
1895 2509 2188 3
1896 2439 2188 3
1897 2509 2188 3
1898 2575 2188 3
1899 2500 2188 3
1900 2435 2188 3
1901 2395 2188 3
1902 2366 2188 3
1903 2467 2188 3
1904 2346 2188 3
1905 2421 2188 3
1906 2346 2188 3
1907 2454 2188 3
1908 2346 2188 3
1909 2468 2188 3
1910 2570 2188 3
1911 2497 2188 3
1912 2590 2188 3
1913 2470 2188 3
1914 2377 2188 3
1915 2408 2188 3
1916 2333 2188 3
1917 2341 2188 3
1918 2333 2188 3
1919 2342 2188 3
1920 2417 2188 3
1921 2377 2188 3
1922 2434 2188 3
1923 2464 2188 3
1924 2563 2188 3
1925 2664 2188 3
1926 2749 2188 3
1927 2890 2188 3
1928 3044 2188 3
1929 3118 2188 3
1930 3153 2188 3
1931 3321 2188 3
1932 3295 2188 3
1933 3300 2188 3
1934 3303 2188 3
1935 3328 2188 3
1936 3497 2188 3
1937 3408 2188 3
1938 3649 2188 3
Customer 1: 16
B1 ID: 24 D1 ID: 25
Customer 2: 24
B2 ID: 49 D2 ID: 48
-----
Route 1 Before: 50,4,49,24,22,13,31,8,19,26,50
Route 2 Before: 50,4,49,24,22,13,31,8,19,26,50
-----
---------
Route 1 After: 50,4,48,25,22,13,31,8,19,26,50
Route 2 After: 50,4,48,25,22,13,31,8,19,26,50
---------
Priority swap cost contribution: -65
1939 3584 2188 3
1940 3478 2188 3
1941 3478 2188 3
1942 3477 2188 3
1943 3333 2188 3
1944 3312 2188 3
1945 3301 2188 3
1946 3312 2188 3
1947 3333 2188 3
1948 3312 2188 3
1949 3352 2188 3
1950 3227 2188 3
1951 3187 2188 3
1952 3018 2188 3
1953 2984 2188 3
1954 2965 2188 3
1955 2977 2188 3
1956 2965 2188 3
1957 2991 2188 3
1958 2965 2188 3
1959 2991 2188 3
1960 3000 2188 3
1961 2999 2188 3
1962 3010 2188 3
1963 3046 2188 3
1964 3005 2188 3
1965 2945 2188 3
1966 2892 2188 3
1967 2883 2188 3
1968 2465 2188 3
1969 2451 2188 3
1970 2371 2188 3
1971 2391 2188 3
1972 2431 2188 3
1973 2391 2188 3
1974 2431 2188 3
1975 2471 2188 3
1976 2524 2188 3
1977 2471 2188 3
1978 2530 2188 3
1979 2467 2188 3
1980 2520 2188 3
1981 2467 2188 3
1982 2542 2188 3
1983 2467 2188 3
1984 2542 2188 3
1986 2632 2188 3
1987 2726 2188 3
1988 2633 2188 3
1989 2625 2188 3
1990 2610 2188 3
1992 2610 2188 3
1993 2625 2188 3
1994 2610 2188 3
1995 2669 2188 3
1996 2610 2188 3
1997 2669 2188 3
1998 2775 2188 3
2000 2728 2188 3
2001 2440 2188 3
2002 2493 2188 3
2003 2440 2188 3
2004 2503 2188 3
2005 2440 2188 3
2006 2515 2188 3
2007 2440 2188 3
2008 2515 2188 3
2009 2516 2188 3
2010 2624 2188 3
2011 2516 2188 3
2012 2685 2188 3
2013 2630 2188 3
2014 2824 2188 3
2015 2820 2188 3
2016 3020 2188 3
2017 2820 2188 3
2018 3021 2188 3
2019 2890 2188 3
2020 2786 2188 3
2021 2842 2188 3
2022 2786 2188 3
2023 2842 2188 3
2024 2844 2188 3
2025 2744 2188 3
2026 2743 2188 3
2027 2744 2188 3
2028 2748 2188 3
2029 2554 2188 3
2030 2607 2188 3
2031 2662 2188 3
2032 2484 2188 3
2033 2431 2188 3
2034 2467 2188 3
2035 2431 2188 3
2036 2484 2188 3
2037 2547 2188 3
2038 2484 2188 3
2039 2586 2188 3
2040 2626 2188 3
2041 2626 2188 3
2042 2457 2188 3
2043 2355 2188 3
2044 2302 2188 3
2045 2321 2188 3
2046 2302 2188 3
2047 2355 2188 3
2048 2418 2188 3
2049 2444 2188 3
2050 2418 2188 3
2051 2491 2188 3
2052 2457 2188 3
2053 2556 2188 3
2054 2669 2188 3
2055 2749 2188 3
2056 2742 2188 3
2057 2661 2188 3
2058 2541 2188 3
2059 2355 2188 3
2060 2457 2188 3
2061 2355 2188 3
2062 2457 2188 3
2063 2464 2188 3
2064 2510 2188 3
2065 2650 2188 3
2066 2646 2188 3
2067 2810 2188 3
2068 3021 2188 3
2069 3069 2188 3
2070 2971 2188 3
2071 2972 2188 3
2072 3086 2188 3
2073 3077 2188 3
2074 3086 2188 3
2075 3236 2188 3
2076 3078 2188 3
2077 2964 2188 3
2078 2946 2188 3
2079 2946 2188 3
2080 2946 2188 3
2081 2954 2188 3
2082 2943 2188 3
2083 2935 2188 3
2084 2935 2188 3
2085 2935 2188 3
2086 2935 2188 3
2087 2937 2188 3
2088 2963 2188 3
2089 2859 2188 3
2090 2887 2188 3
2091 2859 2188 3
2092 2893 2188 3
2093 2894 2188 3
2094 2863 2188 3
2095 2905 2188 3
2096 2863 2188 3
2097 2935 2188 3
2098 2893 2188 3
2099 2997 2188 3
2100 2893 2188 3
2101 2789 2188 3
2102 2736 2188 3
2103 2702 2188 3
2104 2644 2188 3
2105 2599 2188 3
2106 2603 2188 3
2107 2648 2188 3
2108 2690 2188 3
2109 2738 2188 3
2110 2738 2188 3
2111 2766 2188 3
2112 2648 2188 3
2113 2698 2188 3
2114 2743 2188 3
2115 2698 2188 3
2116 2771 2188 3
2117 2698 2188 3
2118 2771 2188 3
2119 2848 2188 3
2120 2771 2188 3
2121 2873 2188 3
2122 2875 2188 3
2123 2771 2188 3
2124 2873 2188 3
2125 2875 2188 3
2126 2888 2188 3
2127 2748 2188 3
2128 2675 2188 3
2129 2622 2188 3
2130 2572 2188 3
2131 2568 2188 3
2132 2568 2188 3
2133 2568 2188 3
2134 2572 2188 3
2135 2589 2188 3
2136 2588 2188 3
2137 2588 2188 3
2138 2594 2188 3
2139 2621 2188 3
2140 2594 2188 3
2141 2637 2188 3
2142 2690 2188 3
2143 2763 2188 3
2144 2867 2188 3
2145 2939 2188 3
2146 2802 2188 3
2147 2667 2188 3
2148 2606 2188 3
2149 2553 2188 3
2150 2534 2188 3
2151 2454 2188 3
2152 2333 2188 3
2153 2386 2188 3
2154 2333 2188 3
2155 2402 2188 3
2156 2333 2188 3
2157 2408 2188 3
2158 2451 2188 3
2159 2451 2188 3
2160 2422 2188 3
2161 2451 2188 3
2162 2451 2188 3
2163 2451 2188 3
2164 2451 2188 3
2165 2454 2188 3
2166 2543 2188 3
2167 2420 2188 3
2168 2299 2188 3
2169 2352 2188 3
2170 2299 2188 3
2171 2374 2188 3
2172 2299 2188 3
2173 2374 2188 3
2174 2375 2188 3
2175 2374 2188 3
2176 2299 2188 3
2177 2352 2188 3
2178 2299 2188 3
2179 2388 2188 3
2180 2299 2188 3
2181 2411 2188 3
2182 2413 2188 3
2183 2500 2188 3
2184 2413 2188 3
2186 2638 2188 3
2187 2647 2188 3
2188 2606 2188 3
2189 2498 2188 3
2190 2375 2188 3
2191 2420 2188 3
2192 2375 2188 3
2193 2474 2188 3
2194 2375 2188 3
2195 2498 2188 3
2196 2570 2188 3
2197 2679 2188 3
2198 2715 2188 3
2199 2728 2188 3
2200 2715 2188 3
2201 2884 2188 3
2202 2863 2188 3
2203 2655 2188 3
2204 2524 2188 3
2205 2634 2188 3
2206 2435 2188 3
2207 2382 2188 3
2208 2382 2188 3
2209 2382 2188 3
2210 2382 2188 3
2211 2382 2188 3
2212 2382 2188 3
2213 2382 2188 3
2214 2435 2188 3
2215 2524 2188 3
2216 2698 2188 3
Customer 1: 13
B1 ID: 16 D1 ID: 17
Customer 2: 14
B2 ID: 19 D2 ID: 18
-----
Route 1 Before: 50,16,13,27,22,11,4,48,23,9,36,50
Route 2 Before: 50,5,6,0,1,3,7,41,8,19,50
-----
---------
Route 1 After: 50,17,13,27,22,11,4,48,23,9,36,50
Route 2 After: 50,5,6,0,1,3,7,41,8,18,50
---------
Priority swap cost contribution: 66
2217 2764 2188 3
2218 2738 2188 3
2219 2847 2188 3
2220 2738 2188 3
2221 2847 2188 3
2222 2862 2188 3
2223 3049 2188 3
2224 3278 2188 3
2225 3361 2188 3
2226 3053 2188 3
2227 3061 2188 3
2228 3175 2188 3
2229 3237 2188 3
2230 3175 2188 3
2231 3242 2188 3
2232 3126 2188 3
2233 3126 2188 3
2234 3060 2188 3
2235 3027 2188 3
2236 2890 2188 3
2237 2899 2188 3
2238 2890 2188 3
2239 2933 2188 3
2240 2934 2188 3
2241 3048 2188 3
2242 2934 2188 3
2243 3048 2188 3
2244 2948 2188 3
2245 2799 2188 3
2246 2828 2188 3
2247 2884 2188 3
2248 3025 2188 3
2249 3004 2188 3
2250 2804 2188 3
2251 2617 2188 3
2252 2468 2188 3
2253 2454 2188 3
2254 2428 2188 3
2255 2432 2188 3
2256 2440 2188 3
2257 2454 2188 3
2258 2285 2188 3
2259 2277 2188 3
2260 2285 2188 3
2261 2306 2188 3
2262 2359 2188 3
2263 2306 2188 3
2264 2375 2188 3
2265 2306 2188 3
2266 2381 2188 3
2267 2352 2188 3
2268 2277 2188 3
2269 2330 2188 3
2270 2277 2188 3
2271 2348 2188 3
2272 2397 2188 3
2273 2383 2188 3
2274 2354 2188 3
2275 2381 2188 3
2276 2459 2188 3
2277 2413 2188 3
2278 2427 2188 3
2279 2453 2188 3
2280 2453 2188 3
2281 2579 2188 3
2282 2628 2188 3
2283 2647 2188 3
2284 2736 2188 3
2285 2502 2188 3
2286 2517 2188 3
2287 2658 2188 3
2288 2637 2188 3
2289 2667 2188 3
2290 2836 2188 3
2291 2781 2188 3
2292 2982 2188 3
2293 3031 2188 3
2294 3133 2188 3
2295 3159 2188 3
2296 3307 2188 3
2297 3528 2188 3
2298 3519 2188 3
2299 3498 2188 3
2300 3599 2188 3
2301 3657 2188 3
2302 3636 2188 3
2303 3607 2188 3
2304 3407 2188 3
2305 3585 2188 3
2306 3407 2188 3
2307 3585 2188 3
2308 3567 2188 3
2309 3621 2188 3
2310 3567 2188 3
2311 3676 2188 3
2312 3543 2188 3
2313 3561 2188 3
2314 3543 2188 3
2315 3563 2188 3
2316 3543 2188 3
2317 3561 2188 3
2318 3577 2188 3
2319 3583 2188 3
2320 3565 2188 3
2321 3557 2188 3
2322 3565 2188 3
2323 3557 2188 3
2324 3565 2188 3
2325 3312 2188 3
2326 3152 2188 3
2327 3014 2188 3
2328 2956 2188 3
2329 2602 2188 3
2330 2623 2188 3
2331 2509 2188 3
2332 2480 2188 3
2333 2488 2188 3
2334 2509 2188 3
2335 2562 2188 3
2336 2509 2188 3
2337 2564 2188 3
2338 2395 2188 3
2339 2366 2188 3
2340 2374 2188 3
2341 2395 2188 3
2342 2427 2188 3
2343 2442 2188 3
2344 2427 2188 3
2345 2442 2188 3
2346 2495 2188 3
2347 2442 2188 3
2348 2502 2188 3
2349 2377 2188 3
2350 2348 2188 3
2351 2356 2188 3
2352 2377 2188 3
2353 2430 2188 3
2354 2377 2188 3
2355 2452 2188 3
2356 2452 2188 3
2357 2482 2188 3
2358 2581 2188 3
2359 2682 2188 3
2360 2804 2188 3
2361 2953 2188 3
2362 2944 2188 3
2363 2953 2188 3
2364 3120 2188 3
2365 2937 2188 3
2366 3078 2188 3
2367 3132 2188 3
2368 3194 2188 3
2369 3074 2188 3
2370 3066 2188 3
2371 3074 2188 3
2372 3066 2188 3
2373 3074 2188 3
2374 3082 2188 3
2375 3090 2188 3
2376 3032 2188 3
2377 3031 2188 3
2378 2843 2188 3
2379 2853 2188 3
2380 2911 2188 3
2381 2918 2188 3
2382 2888 2188 3
2383 2824 2188 3
2384 2816 2188 3
2385 2816 2188 3
2386 2817 2188 3
2387 2816 2188 3
2388 2824 2188 3
2389 2816 2188 3
2390 2825 2188 3
2391 2695 2188 3
2392 2659 2188 3
2393 2684 2188 3
2394 2659 2188 3
2395 2695 2188 3
2396 2683 2188 3
2397 2673 2188 3
2398 2704 2188 3
2399 2696 2188 3
2400 2658 2188 3
2401 2658 2188 3
2402 2604 2188 3
2403 2607 2188 3
2404 2615 2188 3
2405 2607 2188 3
2406 2616 2188 3
2407 2630 2188 3
2408 2651 2188 3
2409 2704 2188 3
2410 2766 2188 3
2411 2829 2188 3
2412 2789 2188 3
2413 2668 2188 3
2414 2615 2188 3
2415 2594 2188 3
2416 2580 2188 3
2417 2577 2188 3
2418 2580 2188 3
2419 2594 2188 3
2420 2626 2188 3
2421 2679 2188 3
2422 2713 2188 3
2423 2573 2188 3
2424 2520 2188 3
2425 2512 2188 3
2426 2461 2188 3
2427 2454 2188 3
2428 2329 2188 3
2429 2321 2188 3
2430 2329 2188 3
2431 2350 2188 3
2432 2403 2188 3
2433 2350 2188 3
2434 2452 2188 3
2435 2452 2188 3
2436 2452 2188 3
2437 2551 2188 3
2438 2452 2188 3
2439 2350 2188 3
2440 2478 2188 3
2441 2499 2188 3
2442 2574 2188 3
2443 2574 2188 3
2444 2696 2188 3
2445 2574 2188 3
2446 2696 2188 3
2447 2766 2188 3
2448 2553 2188 3
2449 2553 2188 3
2450 2431 2188 3
2451 2329 2188 3
2452 2350 2188 3
2453 2329 2188 3
2454 2350 2188 3
2455 2491 2188 3
2456 2350 2188 3
2457 2491 2188 3
2459 2491 2188 3
2460 2681 2188 3
2461 2350 2188 3
2462 2452 2188 3
2463 2548 2188 3
2464 2544 2188 3
2465 2652 2188 3
2466 2793 2188 3
2467 2807 2188 3
2468 2787 2188 3
2469 2617 2188 3
2470 2609 2188 3
2471 2617 2188 3
2472 2764 2188 3
2473 2750 2188 3
2474 2764 2188 3
2475 2617 2188 3
2476 2509 2188 3
2477 2488 2188 3
2478 2480 2188 3
2479 2482 2188 3
2480 2480 2188 3
2481 2488 2188 3
2482 2509 2188 3
2483 2488 2188 3
2484 2509 2188 3
2485 2541 2188 3
2486 2556 2188 3
2487 2609 2188 3
2488 2556 2188 3
2489 2616 2188 3
2490 2491 2188 3
2491 2470 2188 3
2492 2491 2188 3
2493 2470 2188 3
2494 2491 2188 3
2495 2377 2188 3
2496 2348 2188 3
2497 2356 2188 3
2498 2377 2188 3
2499 2430 2188 3
2500 2377 2188 3
2501 2452 2188 3
2502 2377 2188 3
2503 2452 2188 3
2504 2452 2188 3
2505 2453 2188 3
2506 2452 2188 3
2507 2377 2188 3
2508 2491 2188 3
2509 2356 2188 3
2510 2377 2188 3
2511 2491 2188 3
2512 2593 2188 3
2513 2607 2188 3
2514 2558 2188 3
2515 2624 2188 3
2516 2793 2188 3
2517 2891 2188 3
2518 2753 2188 3
2519 2704 2188 3
2520 2906 2188 3
2521 2563 2188 3
2522 2548 2188 3
2523 2533 2188 3
2524 2497 2188 3
2525 2483 2188 3
2526 2532 2188 3
2527 2483 2188 3
2528 2532 2188 3
2529 2483 2188 3
2530 2624 2188 3
2531 2638 2188 3
2532 2832 2188 3
2533 3031 2188 3
2534 2874 2188 3
2535 3031 2188 3
2536 2832 2188 3
2537 2921 2188 3
2538 2921 2188 3
2539 3166 2188 3
2540 2921 2188 3
2541 3166 2188 3
2542 2921 2188 3
2543 3166 2188 3
2544 3291 2188 3
2545 3275 2188 3
2546 3198 2188 3
2547 2982 2188 3
2548 3164 2188 3
2549 2982 2188 3
2550 2976 2188 3
2551 2975 2188 3
2552 2975 2188 3
2553 2835 2188 3
2554 2663 2188 3
2555 2610 2188 3
2556 2584 2188 3
2557 2576 2188 3
2558 2580 2188 3
2559 2472 2188 3
2560 2480 2188 3
2561 2512 2188 3
2562 2565 2188 3
2563 2512 2188 3
2564 2587 2188 3
2565 2512 2188 3
2566 2600 2188 3
2567 2406 2188 3
2568 2398 2188 3
2569 2406 2188 3
2570 2421 2188 3
2571 2406 2188 3
2572 2427 2188 3
2573 2480 2188 3
2574 2555 2188 3
2575 2480 2188 3
2576 2569 2188 3
2577 2448 2188 3
2578 2395 2188 3
2579 2366 2188 3
2580 2374 2188 3
2581 2395 2188 3
2582 2448 2188 3
2583 2517 2188 3
2584 2448 2188 3
2585 2523 2188 3
2586 2494 2188 3
2587 2419 2188 3
2588 2366 2188 3
2589 2374 2188 3
2590 2427 2188 3
2591 2496 2188 3
2592 2427 2188 3
2593 2502 2188 3
2594 2502 2188 3
2595 2574 2188 3
2596 2594 2188 3
2597 2580 2188 3
2598 2594 2188 3
2599 2732 2188 3
2600 2870 2188 3
2601 3074 2188 3
2602 3188 2188 3
2603 3065 2188 3
2604 3103 2188 3
2605 2911 2188 3
2606 2957 2188 3
2607 3063 2188 3
2608 3060 2188 3
2609 3062 2188 3
2610 3062 2188 3
2611 3117 2188 3
2612 3072 2188 3
2613 3168 2188 3
2614 3041 2188 3
2615 2965 2188 3
2616 3026 2188 3
2617 3010 2188 3
2618 2951 2188 3
2619 3027 2188 3
2620 2951 2188 3
2621 3027 2188 3
2622 3036 2188 3
2623 2921 2188 3
2624 2951 2188 3
2625 2813 2188 3
2626 2760 2188 3
2627 2715 2188 3
2628 2685 2188 3
2629 2691 2188 3
2630 2707 2188 3
Customer 1: 24
B1 ID: 48 D1 ID: 49
Customer 2: 16
B2 ID: 25 D2 ID: 24
-----
Route 1 Before: 50,17,21,31,25,48,9,50
Route 2 Before: 50,17,21,31,25,48,9,50
-----
---------
Route 1 After: 50,17,21,31,24,49,9,50
Route 2 After: 50,17,21,31,24,49,9,50
---------
Priority swap cost contribution: -93
2631 2614 2188 3
2632 2595 2188 3
2633 2595 2188 3
2634 2596 2188 3
2635 2585 2188 3
2636 2612 2188 3
2637 2493 2188 3
2638 2493 2188 3
2639 2391 2188 3
2640 2393 2188 3
2641 2391 2188 3
2642 2399 2188 3
2643 2420 2188 3
2644 2399 2188 3
2645 2420 2188 3
2646 2399 2188 3
2647 2452 2188 3
2648 2399 2188 3
2649 2488 2188 3
2650 2520 2188 3
2651 2535 2188 3
2652 2595 2188 3
2654 2724 2188 3
2655 2738 2188 3
2656 2718 2188 3
2657 2646 2188 3
2658 2765 2188 3
2659 2794 2188 3
2660 2865 2188 3
2661 2794 2188 3
2662 2882 2188 3
2663 2735 2188 3
2664 2708 2188 3
2665 2593 2188 3
2666 2620 2188 3
2667 2501 2188 3
2668 2573 2188 3
2669 2501 2188 3
2670 2645 2188 3
2671 2701 2188 3
2672 2870 2188 3
2673 2701 2188 3
2674 2891 2188 3
2675 2754 2188 3
2676 2652 2188 3
2677 2452 2188 3
2678 2467 2188 3
2679 2452 2188 3
2680 2467 2188 3
2681 2538 2188 3
2682 2558 2188 3
2683 2538 2188 3
2684 2614 2188 3
2685 2424 2188 3
2686 2352 2188 3
2687 2352 2188 3
2688 2277 2188 3
2689 2285 2188 3
2690 2306 2188 3
2691 2359 2188 3
2692 2306 2188 3
2693 2375 2188 3
2694 2306 2188 3
2695 2375 2188 3
2696 2348 2188 3
2697 2277 2188 3
2698 2306 2188 3
2699 2381 2188 3
2700 2306 2188 3
2701 2277 2188 3
2702 2285 2188 3
2703 2306 2188 3
2704 2359 2188 3
2705 2306 2188 3
2706 2375 2188 3
2707 2306 2188 3
2708 2375 2188 3
2709 2424 2188 3
2710 2381 2188 3
2711 2352 2188 3
2712 2277 2188 3
2713 2348 2188 3
2714 2397 2188 3
2715 2348 2188 3
2716 2397 2188 3
2717 2383 2188 3
2718 2383 2188 3
2719 2419 2188 3
2720 2410 2188 3
2721 2381 2188 3
2722 2410 2188 3
2723 2381 2188 3
2724 2459 2188 3
2725 2459 2188 3
2726 2473 2188 3
2727 2562 2188 3
2728 2502 2188 3
2729 2517 2188 3
2730 2616 2188 3
2731 2717 2188 3
2732 2886 2188 3
2733 2717 2188 3
2734 2935 2188 3
2735 2986 2188 3
2736 3055 2188 3
2737 3019 2188 3
2738 2957 2188 3
2739 2794 2188 3
2740 2719 2188 3
2741 2704 2188 3
2742 2770 2188 3
2743 2837 2188 3
2744 2770 2188 3
2745 2837 2188 3
2746 2836 2188 3
2747 2704 2188 3
2748 2814 2188 3
2749 2734 2188 3
2750 2705 2188 3
2751 2705 2188 3
2752 2785 2188 3
2753 2675 2188 3
2754 2705 2188 3
2755 2815 2188 3
2756 2899 2188 3
2757 3001 2188 3
2758 3105 2188 3
2759 3120 2188 3
2760 3001 2188 3
2761 3116 2188 3
2762 3246 2188 3
2763 3223 2188 3
2764 3101 2188 3
2765 3185 2188 3
2766 3101 2188 3
2767 3223 2188 3
2768 3146 2188 3
2769 3100 2188 3
2770 3146 2188 3
2771 3144 2188 3
2772 3182 2188 3
2773 3204 2188 3
2774 3304 2188 3
2775 3161 2188 3
2776 3021 2188 3
2777 2920 2188 3
2778 2820 2188 3
2779 2734 2188 3
2780 2699 2188 3
2781 2685 2188 3
2782 2672 2188 3
2783 2672 2188 3
2784 2641 2188 3
2785 2625 2188 3
2786 2641 2188 3
2787 2654 2188 3
2788 2673 2188 3
2789 2697 2188 3
2790 2673 2188 3
2791 2703 2188 3
2792 2677 2188 3
2793 2567 2188 3
2794 2377 2188 3
2795 2348 2188 3
2796 2356 2188 3
2797 2377 2188 3
2798 2430 2188 3
2799 2377 2188 3
2800 2452 2188 3
2801 2377 2188 3
2802 2478 2188 3
2803 2499 2188 3
2804 2478 2188 3
2805 2377 2188 3
2806 2452 2188 3
2807 2377 2188 3
2808 2491 2188 3
2809 2470 2188 3
2810 2595 2188 3
2811 2609 2188 3
2812 2595 2188 3
2813 2651 2188 3
2814 2769 2188 3
2815 2769 2188 3
2816 2769 2188 3
2817 2528 2188 3
2818 2529 2188 3
2819 2528 2188 3
2820 2655 2188 3
2821 2528 2188 3
2822 2655 2188 3
2823 2729 2188 3
2824 2747 2188 3
2826 2798 2188 3
2827 2807 2188 3
2828 2764 2188 3
2829 2719 2188 3
2830 2775 2188 3
2831 2743 2188 3
2832 2743 2188 3
2833 2742 2188 3
2834 2810 2188 3
2835 2940 2188 3
2836 2940 2188 3
2837 2983 2188 3
2838 2876 2188 3
2839 3053 2188 3
2840 2876 2188 3
2841 3053 2188 3
2842 3031 2188 3
2843 3200 2188 3
2844 3116 2188 3
2845 2973 2188 3
2846 2987 2188 3
2847 2973 2188 3
2848 3001 2188 3
2849 3124 2188 3
2850 2879 2188 3
2851 2728 2188 3
2852 2588 2188 3
2853 2546 2188 3
2854 2495 2188 3
2855 2487 2188 3
2856 2491 2188 3
2857 2487 2188 3
2858 2495 2188 3
2860 2356 2188 3
2861 2348 2188 3
2862 2356 2188 3
2863 2377 2188 3
2864 2430 2188 3
2865 2377 2188 3
2866 2452 2188 3
2867 2377 2188 3
2868 2478 2188 3
2870 2478 2188 3
2871 2356 2188 3
2872 2377 2188 3
2873 2452 2188 3
2875 2582 2188 3
2876 2431 2188 3
2878 2431 2188 3
2879 2572 2188 3
2880 2703 2188 3
2881 2423 2188 3
2882 2519 2188 3
2883 2423 2188 3
2884 2572 2188 3
2885 2423 2188 3
2886 2574 2188 3
2887 2723 2188 3
2888 2842 2188 3
2889 2925 2188 3
2890 2966 2188 3
2891 2837 2188 3
2892 2674 2188 3
2893 2682 2188 3
2894 2590 2188 3
2895 2601 2188 3
2897 2580 2188 3
2898 2568 2188 3
2899 2628 2188 3
2900 2727 2188 3
2901 2628 2188 3
2902 2734 2188 3
2903 2702 2188 3
2904 2731 2188 3
2905 2732 2188 3
2906 2764 2188 3
2907 2732 2188 3
2908 2851 2188 3
2909 2844 2188 3
2910 2838 2188 3
2911 2844 2188 3
2912 2846 2188 3
2913 2852 2188 3
2914 2846 2188 3
2915 2874 2188 3
2916 2844 2188 3
2917 2874 2188 3
2918 2852 2188 3
2919 2874 2188 3
2920 2957 2188 3
2921 2892 2188 3
2922 2957 2188 3
2923 3013 2188 3
2924 2957 2188 3
2925 2823 2188 3
2926 2740 2188 3
2927 2710 2188 3
2928 2688 2188 3
2929 2682 2188 3
2930 2659 2188 3
2931 2659 2188 3
2932 2643 2188 3
2933 2643 2188 3
2934 2650 2188 3
2935 2662 2188 3
2936 2650 2188 3
2937 2662 2188 3
2938 2676 2188 3
2939 2699 2188 3
2940 2700 2188 3
2941 2722 2188 3
2942 2700 2188 3
2943 2727 2188 3
2944 2782 2188 3
2945 2727 2188 3
2946 2782 2188 3
2947 2727 2188 3
2948 2782 2188 3
2949 2780 2188 3
2950 2645 2188 3
2951 2592 2188 3
2952 2578 2188 3
2953 2566 2188 3
2954 2569 2188 3
2955 2566 2188 3
2956 2569 2188 3
2957 2566 2188 3
2958 2578 2188 3
2959 2566 2188 3
2960 2595 2188 3
2961 2625 2188 3
2962 2658 2188 3
2963 2628 2188 3
2965 2742 2188 3
2966 2843 2188 3
2967 2835 2188 3
2968 2857 2188 3
2969 2860 2188 3
2970 2933 2188 3
2971 2991 2188 3
2972 3042 2188 3
2973 3026 2188 3
2974 2933 2188 3
2975 2916 2188 3
2976 2913 2188 3
2977 2840 2188 3
2978 2843 2188 3
2979 2840 2188 3
2981 2930 2188 3
2982 2991 2188 3
2983 3050 2188 3
2984 2898 2188 3
2985 2842 2188 3
2986 2843 2188 3
2987 2805 2188 3
2988 2765 2188 3
2989 2666 2188 3
2990 2641 2188 3
2991 2632 2188 3
2992 2559 2188 3
2993 2585 2188 3
2994 2559 2188 3
2995 2585 2188 3
2996 2638 2188 3
2997 2585 2188 3
2998 2640 2188 3
2999 2471 2188 3
3000 2445 2188 3
3001 2471 2188 3
3002 2524 2188 3
3003 2471 2188 3
3004 2573 2188 3
3005 2471 2188 3
3006 2573 2188 3
3007 2543 2188 3
3008 2445 2188 3
3009 2518 2188 3
3010 2519 2188 3
3011 2518 2188 3
3012 2514 2188 3
3013 2518 2188 3
3014 2514 2188 3
3015 2543 2188 3
3016 2445 2188 3
3017 2471 2188 3
3018 2612 2188 3
3019 2471 2188 3
3020 2573 2188 3
3021 2471 2188 3
3022 2612 2188 3
3023 2471 2188 3
3024 2612 2188 3
3025 2471 2188 3
3026 2612 2188 3
3027 2781 2188 3
3028 2612 2188 3
3029 2783 2188 3
3030 2787 2188 3
3031 2796 2188 3
3032 2647 2188 3
3033 2656 2188 3
3034 2677 2188 3
3035 2647 2188 3
3036 2677 2188 3
3037 2760 2188 3
3038 2737 2188 3
3039 2739 2188 3
3040 2764 2188 3
3041 2868 2188 3
3042 2764 2188 3
3043 2868 2188 3
3044 2983 2188 3
3045 3097 2188 3
3046 3201 2188 3
3047 3170 2188 3
3048 3250 2188 3
3049 3170 2188 3
3050 3250 2188 3
3051 3214 2188 3
3052 3170 2188 3
3053 3214 2188 3
3054 3247 2188 3
3055 3293 2188 3
3056 3093 2188 3
3057 3097 2188 3
3058 3093 2188 3
3059 3250 2188 3
3060 3248 2188 3
3061 3101 2188 3
3062 3248 2188 3
3063 3256 2188 3
3064 3035 2188 3
3065 3062 2188 3
3066 3019 2188 3
3067 3062 2188 3
3068 3163 2188 3
3069 3155 2188 3
3070 3008 2188 3
3071 3118 2188 3
3072 3031 2188 3
3073 2930 2188 3
3074 2887 2188 3
3075 2687 2188 3
3076 2658 2188 3
3077 2639 2188 3
3078 2639 2188 3
3079 2618 2188 3
3080 2637 2188 3
3081 2658 2188 3
3082 2685 2188 3
3083 2685 2188 3
3084 2566 2188 3
3085 2537 2188 3
3086 2518 2188 3
3087 2537 2188 3
3088 2557 2188 3
3089 2537 2188 3
3090 2558 2188 3
3091 2587 2188 3
3092 2659 2188 3
3093 2679 2188 3
3094 2558 2188 3
3095 2645 2188 3
3096 2558 2188 3
3097 2673 2188 3
3098 2801 2188 3
3099 2902 2188 3
3100 3029 2188 3
3101 2902 2188 3
3102 3029 2188 3
3103 3002 2188 3
3104 2886 2188 3
3105 2843 2188 3
3106 2788 2188 3
3107 2758 2188 3
3108 2725 2188 3
3109 2702 2188 3
3110 2679 2188 3
3111 2659 2188 3
3112 2613 2188 3
3113 2646 2188 3
3114 2613 2188 3
3115 2659 2188 3
3116 2644 2188 3
3117 2644 2188 3
3118 2699 2188 3
3119 2644 2188 3
3120 2704 2188 3
3121 2804 2188 3
3122 2808 2188 3
3123 2804 2188 3
3124 2808 2188 3
3125 2825 2188 3
3126 2808 2188 3
3127 2804 2188 3
3128 2704 2188 3
3129 2731 2188 3
3130 2704 2188 3
3132 2948 2188 3
3133 2952 2188 3
3134 2947 2188 3
3135 2952 2188 3
3136 3053 2188 3
3137 3107 2188 3
3138 3138 2188 3
3139 2980 2188 3
3140 2926 2188 3
3141 2921 2188 3
3142 2907 2188 3
3143 2885 2188 3
3144 2907 2188 3
3145 2911 2188 3
3146 2628 2188 3
3147 2510 2188 3
3148 2365 2188 3
3149 2357 2188 3
3150 2365 2188 3
3151 2357 2188 3
3152 2383 2188 3
3153 2357 2188 3
3154 2386 2188 3
3155 2439 2188 3
3156 2386 2188 3
3157 2459 2188 3
3158 2386 2188 3
3159 2475 2188 3
3160 2350 2188 3
3161 2321 2188 3
3162 2329 2188 3
3163 2350 2188 3
3164 2452 2188 3
3165 2452 2188 3
3166 2452 2188 3
3167 2350 2188 3
3168 2491 2188 3
3170 2491 2188 3
Customer 1: 17
B1 ID: 27 D1 ID: 26
Customer 2: 24
B2 ID: 49 D2 ID: 48
-----
Route 1 Before: 50,5,37,4,13,11,49,24,21,17,27,50
Route 2 Before: 50,5,37,4,13,11,49,24,21,17,27,50
-----
---------
Route 1 After: 50,5,37,4,13,11,48,24,21,17,26,50
Route 2 After: 50,5,37,4,13,11,48,24,21,17,26,50
---------
Priority swap cost contribution: 139
3171 2630 2188 3
3172 2647 2188 3
3173 2673 2188 3
3174 2805 2188 3
3175 2579 2188 3
3176 2553 2188 3
3177 2643 2188 3
3178 2553 2188 3
3179 2647 2188 3
3180 2727 2188 3
3181 2694 2188 3
3182 2684 2188 3
3183 2694 2188 3
3184 2708 2188 3
3185 2857 2188 3
3186 2979 2188 3
3187 2708 2188 3
3188 2872 2188 3
3189 2735 2188 3
3190 2727 2188 3
3191 2805 2188 3
3192 2872 2188 3
3193 2656 2188 3
3194 2673 2188 3
3195 2820 2188 3
3196 2673 2188 3
3197 2822 2188 3
3198 2940 2188 3
3199 2991 2188 3
3200 3119 2188 3
3201 2918 2188 3
3202 2967 2188 3
3203 2918 2188 3
3204 2967 2188 3
3205 2993 2188 3
3206 2967 2188 3
3207 3082 2188 3
3208 3064 2188 3
3209 2948 2188 3
3210 2974 2188 3
3211 2948 2188 3
3212 3064 2188 3
3213 3192 2188 3
3214 3059 2188 3
3215 3044 2188 3
3216 3060 2188 3
3217 3075 2188 3
3218 3071 2188 3
3219 2971 2188 3
3220 3029 2188 3
3221 3089 2188 3
3222 3029 2188 3
3223 3089 2188 3
3224 3093 2188 3
3225 2940 2188 3
3226 2894 2188 3
3227 2858 2188 3
3228 2866 2188 3
3229 2876 2188 3
3230 2866 2188 3
3231 2877 2188 3
3232 2820 2188 3
3233 2812 2188 3
3234 2812 2188 3
3235 2820 2188 3
3236 2830 2188 3
3237 2820 2188 3
3238 2839 2188 3
3239 2820 2188 3
3240 2866 2188 3
3241 2814 2188 3
3242 2717 2188 3
3243 2701 2188 3
3244 2717 2188 3
3245 2730 2188 3
3246 2759 2188 3
3247 2730 2188 3
3248 2759 2188 3
3249 2730 2188 3
3250 2776 2188 3
3251 2730 2188 3
3252 2701 2188 3
3253 2711 2188 3
3254 2701 2188 3
Priority 1: 0.8
Priority 2: 0.96
///////////////////
Feasible
Solution Cost: 2188
--------------
Route 0:

LOCATION | CUSTOMER
0 1000
27 21
27 18
27 19
27 2
8 12
0 1000
Max capacity: 150 Load:71
--------------
--------------
Route 1:

LOCATION | CUSTOMER
0 1000
16 20
2 6
28 0
28 23
28 3
28 1
3 7
20 22
4 8
26 14
0 1000
Max capacity: 150 Load:140
--------------
--------------
Route 2:

LOCATION | CUSTOMER
0 1000
1 5
30 16
26 24
26 13
29 10
29 17
29 15
29 4
29 11
5 9
0 1000
Max capacity: 150 Load:150
--------------
Solution Cost: 2188
Priority 1: 0.8
Priority 2: 0.96
///////////////////
Restart: 11
0 3712 1.7976931348623157E+308 0
1 3469 1.7976931348623157E+308 0
2 3346 1.7976931348623157E+308 0
3 3189 1.7976931348623157E+308 0
4 2939 1.7976931348623157E+308 0
5 2866 1.7976931348623157E+308 0
6 2807 1.7976931348623157E+308 0
7 2776 1.7976931348623157E+308 0
8 2748 2748 3 flip
8 2748 2748 3
9 2732 2732 3 relocate
9 2732 2732 3
10 2742 2732 3
11 2732 2732 3
12 2748 2732 3
13 2758 2732 3
14 2754 2732 3
15 2774 2732 3
16 2754 2732 3
17 2784 2732 3
18 2615 2615 3 flip
18 2615 2615 3
19 2590 2590 3 flip
19 2590 2590 3
20 2574 2574 3 two opt
20 2574 2574 3
21 2575 2574 3
22 2565 2565 3 swap
22 2565 2565 3
23 2581 2565 3
24 2565 2565 3
25 2581 2565 3
26 2565 2565 3
27 2593 2565 3
28 2565 2565 3
29 2593 2565 3
30 2476 2476 3 flip
30 2476 2476 3
31 2486 2476 3
32 2485 2476 3
33 2501 2476 3
34 2485 2476 3
35 2501 2476 3
36 2485 2476 3
37 2505 2476 3
38 2506 2476 3
39 2476 2476 3
40 2486 2476 3
41 2515 2476 3
42 2560 2476 3
43 2515 2476 3
44 2560 2476 3
45 2606 2476 3
46 2523 2476 3
47 2478 2476 3
48 2439 2439 3 swap
48 2439 2439 3
49 2439 2439 3
50 2337 2337 3 two opt
50 2337 2337 3
51 2346 2337 3
52 2337 2337 3
53 2346 2337 3
54 2366 2337 3
55 2411 2337 3
56 2417 2337 3
57 2438 2337 3
58 2430 2337 3
59 2366 2337 3
60 2419 2337 3
61 2366 2337 3
62 2430 2337 3
63 2366 2337 3
64 2455 2337 3
65 2475 2337 3
66 2498 2337 3
67 2568 2337 3
68 2627 2337 3
69 2653 2337 3
70 2627 2337 3
71 2700 2337 3
72 2691 2337 3
73 2701 2337 3
74 2819 2337 3
75 2701 2337 3
76 2691 2337 3
77 2618 2337 3
78 2644 2337 3
79 2618 2337 3
80 2644 2337 3
81 2618 2337 3
82 2652 2337 3
83 2661 2337 3
84 2652 2337 3
85 2684 2337 3
86 2676 2337 3
87 2570 2337 3
88 2411 2337 3
89 2382 2337 3
90 2411 2337 3
91 2382 2337 3
92 2435 2337 3
93 2382 2337 3
94 2486 2337 3
95 2382 2337 3
96 2487 2337 3
97 2460 2337 3
98 2566 2337 3
99 2460 2337 3
100 2569 2337 3
101 2625 2337 3
102 2634 2337 3
103 2657 2337 3
104 2693 2337 3
105 2814 2337 3
106 2693 2337 3
107 2814 2337 3
108 2715 2337 3
109 2718 2337 3
110 2832 2337 3
111 2823 2337 3
112 2821 2337 3
113 2796 2337 3
114 2531 2337 3
115 2629 2337 3
116 2531 2337 3
117 2629 2337 3
118 2531 2337 3
119 2654 2337 3
120 2531 2337 3
121 2671 2337 3
122 2683 2337 3
123 2825 2337 3
124 2814 2337 3
125 2682 2337 3
126 2537 2337 3
127 2517 2337 3
128 2549 2337 3
129 2524 2337 3
130 2604 2337 3
131 2524 2337 3
132 2614 2337 3
133 2547 2337 3
134 2498 2337 3
135 2506 2337 3
136 2498 2337 3
137 2527 2337 3
138 2576 2337 3
139 2582 2337 3
140 2452 2337 3
141 2350 2337 3
142 2321 2321 3 swap
142 2321 2321 3
143 2329 2321 3
144 2350 2321 3
145 2403 2321 3
146 2350 2321 3
147 2452 2321 3
148 2350 2321 3
149 2478 2321 3
150 2321 2321 3
151 2329 2321 3
152 2350 2321 3
153 2403 2321 3
154 2350 2321 3
155 2452 2321 3
156 2350 2321 3
157 2452 2321 3
158 2452 2321 3
159 2452 2321 3
160 2548 2321 3
161 2544 2321 3
162 2573 2321 3
163 2594 2321 3
164 2573 2321 3
165 2523 2321 3
166 2480 2321 3
167 2454 2321 3
168 2329 2321 3
169 2382 2321 3
170 2329 2321 3
171 2431 2321 3
172 2431 2321 3
173 2431 2321 3
174 2329 2321 3
175 2350 2321 3
176 2329 2321 3
177 2350 2321 3
178 2475 2321 3
179 2501 2321 3
180 2609 2321 3
181 2501 2321 3
182 2670 2321 3
183 2523 2321 3
184 2519 2321 3
185 2350 2321 3
186 2478 2321 3
187 2329 2321 3
188 2431 2321 3
189 2431 2321 3
190 2550 2321 3
191 2656 2321 3
192 2629 2321 3
193 2629 2321 3
194 2630 2321 3
195 2659 2321 3
196 2777 2321 3
197 2846 2321 3
198 2948 2321 3
199 2583 2321 3
200 2710 2321 3
201 2583 2321 3
202 2710 2321 3
203 2583 2321 3
204 2724 2321 3
205 2583 2321 3
206 2724 2321 3
207 2800 2321 3
208 2946 2321 3
209 2924 2321 3
210 2911 2321 3
211 2912 2321 3
212 2911 2321 3
213 2924 2321 3
214 2946 2321 3
215 2924 2321 3
216 2952 2321 3
217 2800 2321 3
218 2948 2321 3
219 2912 2321 3
220 2911 2321 3
221 2933 2321 3
222 2939 2321 3
223 2953 2321 3
224 3071 2321 3
225 2865 2321 3
226 2708 2321 3
227 2678 2321 3
228 2664 2321 3
229 2673 2321 3
230 2664 2321 3
231 2673 2321 3
232 2664 2321 3
233 2678 2321 3
234 2664 2321 3
235 2691 2321 3
236 2550 2321 3
237 2431 2321 3
238 2431 2321 3
239 2329 2321 3
240 2321 2321 3
241 2329 2321 3
242 2350 2321 3
243 2403 2321 3
244 2350 2321 3
245 2452 2321 3
246 2548 2321 3
247 2475 2321 3
248 2501 2321 3
249 2475 2321 3
250 2513 2321 3
251 2512 2321 3
252 2513 2321 3
253 2386 2321 3
254 2412 2321 3
255 2514 2321 3
256 2514 2321 3
257 2485 2321 3
258 2455 2321 3
259 2485 2321 3
260 2455 2321 3
261 2582 2321 3
262 2455 2321 3
263 2582 2321 3
264 2611 2321 3
265 2700 2321 3
266 2725 2321 3
267 2624 2321 3
268 2599 2321 3
269 2681 2321 3
270 2707 2321 3
271 2583 2321 3
272 2681 2321 3
273 2573 2321 3
274 2650 2321 3
275 2629 2321 3
276 2728 2321 3
277 2806 2321 3
278 2681 2321 3
279 2846 2321 3
280 2787 2321 3
281 2801 2321 3
282 2905 2321 3
283 2878 2321 3
284 2868 2321 3
285 2775 2321 3
286 2784 2321 3
287 2811 2321 3
288 2784 2321 3
289 2815 2321 3
290 2798 2321 3
291 2797 2321 3
292 2805 2321 3
293 2797 2321 3
294 2806 2321 3
295 2823 2321 3
296 2814 2321 3
297 2911 2321 3
298 2814 2321 3
299 2918 2321 3
300 2861 2321 3
301 2847 2321 3
302 2851 2321 3
303 2747 2321 3
304 2714 2321 3
305 2599 2321 3
306 2600 2321 3
307 2596 2321 3
308 2600 2321 3
309 2599 2321 3
310 2600 2321 3
311 2631 2321 3
312 2600 2321 3
313 2601 2321 3
314 2600 2321 3
315 2600 2321 3
316 2494 2321 3
317 2495 2321 3
318 2494 2321 3
319 2495 2321 3
320 2494 2321 3
321 2499 2321 3
322 2502 2321 3
323 2555 2321 3
324 2502 2321 3
325 2555 2321 3
326 2502 2321 3
327 2555 2321 3
328 2539 2321 3
329 2538 2321 3
330 2375 2321 3
331 2360 2321 3
332 2359 2321 3
333 2360 2321 3
334 2359 2321 3
335 2360 2321 3
336 2364 2321 3
337 2360 2321 3
338 2364 2321 3
339 2379 2321 3
340 2404 2321 3
341 2450 2321 3
342 2404 2321 3
343 2457 2321 3
344 2404 2321 3
345 2475 2321 3
346 2495 2321 3
347 2475 2321 3
348 2548 2321 3
349 2593 2321 3
350 2450 2321 3
351 2379 2321 3
352 2450 2321 3
353 2470 2321 3
354 2450 2321 3
355 2547 2321 3
356 2592 2321 3
357 2544 2321 3
358 2592 2321 3
359 2678 2321 3
360 2755 2321 3
361 2844 2321 3
362 2764 2321 3
363 2792 2321 3
364 2872 2321 3
365 2877 2321 3
366 2852 2321 3
367 2867 2321 3
368 2852 2321 3
369 2881 2321 3
370 2959 2321 3
371 2969 2321 3
372 2861 2321 3
373 2591 2321 3
374 2394 2321 3
375 2365 2321 3
376 2373 2321 3
377 2394 2321 3
378 2443 2321 3
379 2381 2321 3
380 2352 2321 3
381 2348 2321 3
382 2319 2319 3 two opt
382 2319 2319 3
383 2327 2319 3
384 2319 2319 3
385 2348 2319 3
386 2377 2319 3
387 2348 2319 3
388 2377 2319 3
389 2408 2319 3
390 2333 2319 3
391 2304 2304 3 swap
391 2304 2304 3
392 2312 2304 3
393 2304 2304 3
394 2312 2304 3
395 2321 2304 3
396 2342 2304 3
397 2395 2304 3
398 2509 2304 3
399 2488 2304 3
400 2609 2304 3
401 2608 2304 3
402 2609 2304 3
403 2682 2304 3
404 2642 2304 3
405 2691 2304 3
406 2432 2304 3
407 2534 2304 3
408 2432 2304 3
409 2553 2304 3
410 2606 2304 3
411 2602 2304 3
412 2724 2304 3
413 2753 2304 3
414 2533 2304 3
415 2363 2304 3
416 2310 2304 3
417 2363 2304 3
418 2465 2304 3
419 2363 2304 3
420 2465 2304 3
421 2465 2304 3
422 2465 2304 3
423 2537 2304 3
424 2533 2304 3
425 2622 2304 3
426 2730 2304 3
427 2622 2304 3
428 2563 2304 3
429 2765 2304 3
430 2563 2304 3
431 2808 2304 3
432 2948 2304 3
433 3117 2304 3
434 3062 2304 3
435 3287 2304 3
436 3415 2304 3
437 3338 2304 3
438 3408 2304 3
439 3409 2304 3
440 3422 2304 3
441 3518 2304 3
442 3500 2304 3
443 3499 2304 3
444 3522 2304 3
445 3518 2304 3
446 3500 2304 3
447 3487 2304 3
448 3363 2304 3
449 3152 2304 3
450 2958 2304 3
451 2904 2304 3
452 2776 2304 3
453 2653 2304 3
454 2600 2304 3
455 2577 2304 3
456 2630 2304 3
457 2577 2304 3
458 2630 2304 3
459 2577 2304 3
460 2670 2304 3
461 2577 2304 3
462 2670 2304 3
463 2598 2304 3
464 2600 2304 3
465 2624 2304 3
466 2600 2304 3
467 2624 2304 3
468 2628 2304 3
469 2660 2304 3
470 2613 2304 3
471 2646 2304 3
472 2290 2290 3 two opt
472 2290 2290 3
473 2343 2290 3
474 2290 2290 3
475 2348 2290 3
476 2290 2290 3
477 2392 2290 3
478 2290 2290 3
479 2392 2290 3
480 2491 2290 3
481 2392 2290 3
482 2502 2290 3
483 2201 2201 3 swap
483 2201 2201 3
484 2254 2201 3
485 2201 2201 3
486 2290 2201 3
487 2401 2201 3
488 2290 2201 3
489 2392 2201 3
490 2290 2201 3
491 2411 2201 3
492 2484 2201 3
493 2607 2201 3
494 2438 2201 3
495 2445 2201 3
496 2384 2201 3
497 2365 2201 3
498 2438 2201 3
499 2551 2201 3
500 2605 2201 3
501 2466 2201 3
502 2467 2201 3
503 2496 2201 3
504 2466 2201 3
505 2462 2201 3
506 2466 2201 3
507 2604 2201 3
508 2591 2201 3
509 2730 2201 3
510 2836 2201 3
511 3027 2201 3
512 2836 2201 3
513 3026 2201 3
514 2897 2201 3
515 2875 2201 3
516 2671 2201 3
517 2667 2201 3
518 2667 2201 3
519 2668 2201 3
520 2667 2201 3
521 2682 2201 3
522 2563 2201 3
523 2564 2201 3
524 2563 2201 3
525 2510 2201 3
526 2448 2201 3
527 2449 2201 3
528 2448 2201 3
529 2449 2201 3
530 2448 2201 3
531 2463 2201 3
532 2448 2201 3
533 2463 2201 3
534 2464 2201 3
535 2492 2201 3
536 2518 2201 3
537 2493 2201 3
538 2468 2201 3
539 2453 2201 3
540 2449 2201 3
541 2464 2201 3
542 2449 2201 3
543 2471 2201 3
544 2475 2201 3
545 2528 2201 3
546 2475 2201 3
547 2552 2201 3
548 2543 2201 3
549 2411 2201 3
550 2413 2201 3
551 2411 2201 3
552 2413 2201 3
553 2411 2201 3
554 2413 2201 3
555 2466 2201 3
556 2413 2201 3
557 2515 2201 3
558 2413 2201 3
559 2515 2201 3
560 2587 2201 3
561 2583 2201 3
562 2706 2201 3
563 2814 2201 3
564 2823 2201 3
565 2872 2201 3
566 2823 2201 3
567 2995 2201 3
568 2974 2201 3
569 2863 2201 3
570 2642 2201 3
571 2691 2201 3
572 2636 2201 3
573 2577 2201 3
574 2548 2201 3
575 2577 2201 3
576 2548 2201 3
577 2603 2201 3
578 2548 2201 3
579 2661 2201 3
580 2548 2201 3
581 2742 2201 3
582 2945 2201 3
583 2900 2201 3
584 3074 2201 3
585 3267 2201 3
586 3318 2201 3
587 3060 2201 3
588 2683 2201 3
589 2805 2201 3
590 2788 2201 3
591 2683 2201 3
592 2805 2201 3
593 2907 2201 3
594 2805 2201 3
595 2907 2201 3
596 2983 2201 3
597 2861 2201 3
598 2683 2201 3
599 2813 2201 3
600 2619 2201 3
601 2489 2201 3
602 2500 2201 3
603 2331 2201 3
604 2384 2201 3
605 2331 2201 3
606 2394 2201 3
607 2331 2201 3
608 2406 2201 3
609 2331 2201 3
610 2406 2201 3
611 2406 2201 3
612 2482 2201 3
613 2509 2201 3
614 2482 2201 3
615 2509 2201 3
616 2598 2201 3
617 2632 2201 3
618 2632 2201 3
619 2632 2201 3
620 2586 2201 3
621 2482 2201 3
622 2538 2201 3
623 2482 2201 3
624 2538 2201 3
625 2540 2201 3
626 2440 2201 3
627 2515 2201 3
628 2524 2201 3
629 2623 2201 3
630 2524 2201 3
631 2632 2201 3
632 2557 2201 3
633 2671 2201 3
634 2662 2201 3
635 2856 2201 3
636 2852 2201 3
637 3034 2201 3
638 2852 2201 3
639 3034 2201 3
640 2985 2201 3
641 2960 2201 3
642 2944 2201 3
643 2960 2201 3
644 2944 2201 3
645 2969 2201 3
646 2944 2201 3
647 3014 2201 3
648 3003 2201 3
649 3028 2201 3
650 3004 2201 3
651 2985 2201 3
652 2658 2201 3
653 2644 2201 3
654 2564 2201 3
655 2588 2201 3
656 2562 2201 3
657 2588 2201 3
658 2564 2201 3
659 2605 2201 3
660 2564 2201 3
661 2605 2201 3
662 2665 2201 3
663 2788 2201 3
664 2889 2201 3
665 2822 2201 3
666 2902 2201 3
667 2822 2201 3
668 3009 2201 3
669 3203 2201 3
670 3270 2201 3
671 3203 2201 3
672 3270 2201 3
673 3244 2201 3
674 3375 2201 3
675 3188 2201 3
676 3057 2201 3
677 2822 2201 3
678 2689 2201 3
679 2693 2201 3
680 2689 2201 3
681 2693 2201 3
682 2689 2201 3
683 2693 2201 3
684 2705 2201 3
685 2659 2201 3
686 2618 2201 3
687 2582 2201 3
688 2578 2201 3
689 2582 2201 3
690 2486 2201 3
691 2487 2201 3
692 2540 2201 3
693 2487 2201 3
694 2562 2201 3
695 2487 2201 3
696 2609 2201 3
697 2600 2201 3
698 2635 2201 3
699 2582 2201 3
700 2618 2201 3
701 2641 2201 3
702 2612 2201 3
703 2543 2201 3
704 2460 2201 3
705 2516 2201 3
706 2460 2201 3
707 2564 2201 3
708 2493 2201 3
709 2418 2201 3
710 2471 2201 3
711 2418 2201 3
712 2532 2201 3
713 2657 2201 3
714 2657 2201 3
715 2534 2201 3
716 2413 2201 3
717 2411 2201 3
718 2299 2201 3
719 2352 2201 3
720 2299 2201 3
721 2374 2201 3
722 2299 2201 3
723 2374 2201 3
724 2375 2201 3
725 2420 2201 3
726 2375 2201 3
727 2420 2201 3
728 2417 2201 3
729 2388 2201 3
730 2417 2201 3
731 2426 2201 3
732 2534 2201 3
733 2426 2201 3
734 2534 2201 3
735 2526 2201 3
736 2524 2201 3
737 2475 2201 3
738 2563 2201 3
739 2539 2201 3
740 2563 2201 3
741 2539 2201 3
742 2567 2201 3
743 2654 2201 3
744 2632 2201 3
745 2454 2201 3
746 2476 2201 3
747 2454 2201 3
748 2476 2201 3
749 2454 2201 3
750 2476 2201 3
751 2454 2201 3
752 2476 2201 3
753 2454 2201 3
754 2503 2201 3
755 2454 2201 3
756 2503 2201 3
757 2454 2201 3
758 2507 2201 3
759 2454 2201 3
760 2562 2201 3
761 2454 2201 3
762 2575 2201 3
763 2597 2201 3
764 2695 2201 3
765 2436 2201 3
766 2407 2201 3
767 2436 2201 3
768 2414 2201 3
769 2414 2201 3
770 2414 2201 3
771 2414 2201 3
772 2414 2201 3
773 2422 2201 3
774 2271 2201 3
775 2196 2196 3 two opt
775 2196 2196 3
776 2188 2188 3 swap
776 2188 2188 3
777 2196 2188 3
778 2217 2188 3
779 2270 2188 3
780 2217 2188 3
781 2286 2188 3
782 2259 2188 3
783 2188 2188 3
784 2241 2188 3
785 2188 2188 3
786 2259 2188 3
787 2308 2188 3
788 2263 2188 3
789 2263 2188 3
790 2301 2188 3
791 2373 2188 3
792 2393 2188 3
793 2363 2188 3
794 2452 2188 3
795 2418 2188 3
796 2587 2188 3
797 2418 2188 3
798 2590 2188 3
799 2422 2188 3
800 2600 2188 3
801 2609 2188 3
802 2600 2188 3
803 2422 2188 3
804 2347 2188 3
805 2461 2188 3
806 2347 2188 3
807 2461 2188 3
808 2639 2188 3
809 2618 2188 3
810 2339 2188 3
811 2379 2188 3
812 2339 2188 3
813 2441 2188 3
814 2339 2188 3
815 2488 2188 3
816 2639 2188 3
817 2833 2188 3
818 2541 2188 3
819 2682 2188 3
820 2541 2188 3
821 2682 2188 3
822 2928 2188 3
823 3055 2188 3
824 2852 2188 3
825 2662 2188 3
826 2468 2188 3
827 2319 2188 3
828 2327 2188 3
829 2347 2188 3
830 2368 2188 3
831 2391 2188 3
832 2393 2188 3
833 2348 2188 3
834 2401 2188 3
835 2348 2188 3
836 2412 2188 3
837 2348 2188 3
838 2450 2188 3
839 2348 2188 3
840 2450 2188 3
841 2348 2188 3
842 2456 2188 3
843 2348 2188 3
844 2468 2188 3
845 2589 2188 3
846 2638 2188 3
847 2379 2188 3
848 2230 2188 3
849 2238 2188 3
850 2259 2188 3
851 2304 2188 3
852 2259 2188 3
853 2304 2188 3
854 2310 2188 3
855 2412 2188 3
856 2310 2188 3
857 2431 2188 3
858 2310 2188 3
859 2459 2188 3
860 2310 2188 3
861 2412 2188 3
862 2412 2188 3
863 2539 2188 3
864 2628 2188 3
865 2651 2188 3
866 2757 2188 3
867 2642 2188 3
868 2756 2188 3
869 2615 2188 3
870 2642 2188 3
871 2615 2188 3
872 2754 2188 3
873 2840 2188 3
874 2691 2188 3
875 2699 2188 3
876 2691 2188 3
877 2699 2188 3
878 2817 2188 3
879 2413 2188 3
880 2299 2188 3
881 2374 2188 3
882 2299 2188 3
883 2411 2188 3
884 2413 2188 3
885 2515 2188 3
886 2524 2188 3
887 2628 2188 3
888 2797 2188 3
889 2869 2188 3
890 3104 2188 3
891 3148 2188 3
892 3011 2188 3
893 3026 2188 3
894 2826 2188 3
895 2957 2188 3
896 2826 2188 3
897 2957 2188 3
898 2939 2188 3
899 2803 2188 3
900 2630 2188 3
901 2614 2188 3
902 2477 2188 3
903 2452 2188 3
904 2448 2188 3
905 2449 2188 3
906 2448 2188 3
907 2449 2188 3
908 2448 2188 3
909 2449 2188 3
910 2464 2188 3
911 2449 2188 3
912 2464 2188 3
913 2492 2188 3
914 2491 2188 3
915 2476 2188 3
916 2448 2188 3
917 2470 2188 3
918 2448 2188 3
919 2452 2188 3
920 2448 2188 3
921 2452 2188 3
922 2477 2188 3
923 2452 2188 3
924 2502 2188 3
925 2555 2188 3
926 2502 2188 3
927 2604 2188 3
928 2676 2188 3
929 2604 2188 3
930 2676 2188 3
931 2672 2188 3
932 2692 2188 3
933 2672 2188 3
934 2692 2188 3
935 2672 2188 3
936 2737 2188 3
937 2785 2188 3
938 2895 2188 3
939 2758 2188 3
940 2685 2188 3
941 2758 2188 3
942 2873 2188 3
943 2758 2188 3
944 2873 2188 3
945 2821 2188 3
946 2918 2188 3
947 2904 2188 3
948 2904 2188 3
949 2783 2188 3
950 2702 2188 3
951 2637 2188 3
952 2673 2188 3
953 2716 2188 3
954 2752 2188 3
955 2864 2188 3
956 2673 2188 3
957 2738 2188 3
958 2702 2188 3
959 2782 2188 3
960 2637 2188 3
961 2735 2188 3
962 2676 2188 3
963 2682 2188 3
964 2684 2188 3
965 2682 2188 3
966 2684 2188 3
967 2687 2188 3
968 2676 2188 3
969 2715 2188 3
970 2712 2188 3
971 2690 2188 3
972 2792 2188 3
973 2690 2188 3
974 2813 2188 3
975 2690 2188 3
976 2640 2188 3
977 2634 2188 3
978 2611 2188 3
979 2612 2188 3
980 2611 2188 3
981 2614 2188 3
982 2611 2188 3
983 2614 2188 3
984 2637 2188 3
985 2637 2188 3
986 2575 2188 3
987 2572 2188 3
988 2575 2188 3
989 2572 2188 3
990 2575 2188 3
991 2579 2188 3
992 2602 2188 3
993 2579 2188 3
994 2608 2188 3
995 2663 2188 3
996 2608 2188 3
997 2676 2188 3
998 2531 2188 3
999 2463 2188 3
1000 2486 2188 3
1001 2463 2188 3
1002 2508 2188 3
1003 2550 2188 3
1004 2463 2188 3
1005 2536 2188 3
1006 2463 2188 3
1007 2536 2188 3
1008 2463 2188 3
1009 2556 2188 3
1010 2463 2188 3
1011 2516 2188 3
1012 2620 2188 3
1013 2623 2188 3
1014 2703 2188 3
1015 2803 2188 3
1016 2807 2188 3
1017 2923 2188 3
1018 3012 2188 3
1019 2807 2188 3
1020 2913 2188 3
1021 2962 2188 3
1022 2861 2188 3
1023 3001 2188 3
1024 3002 2188 3
1025 3125 2188 3
1026 3081 2188 3
1027 3040 2188 3
1028 3036 2188 3
1029 3036 2188 3
1030 2977 2188 3
1031 2981 2188 3
1032 2977 2188 3
1033 2981 2188 3
1034 3051 2188 3
1035 3011 2188 3
1036 3065 2188 3
1037 3075 2188 3
1038 3065 2188 3
1039 3252 2188 3
1040 3439 2188 3
1041 3414 2188 3
1042 3414 2188 3
1043 3243 2188 3
1044 3243 2188 3
1045 3246 2188 3
1046 3257 2188 3
1047 3286 2188 3
1048 3415 2188 3
1049 3394 2188 3
1050 3207 2188 3
1051 3067 2188 3
1052 2995 2188 3
1053 2922 2188 3
1054 2785 2188 3
1055 2731 2188 3
1056 2730 2188 3
1057 2731 2188 3
1058 2731 2188 3
1059 2731 2188 3
1060 2727 2188 3
1061 2731 2188 3
1062 2727 2188 3
1063 2731 2188 3
1064 2735 2188 3
1065 2735 2188 3
1066 2629 2188 3
1067 2625 2188 3
1068 2625 2188 3
1069 2625 2188 3
1070 2625 2188 3
1071 2629 2188 3
1072 2644 2188 3
1073 2629 2188 3
1074 2644 2188 3
1075 2649 2188 3
1076 2666 2188 3
1077 2649 2188 3
1078 2665 2188 3
1079 2711 2188 3
1080 2665 2188 3
1081 2711 2188 3
1082 2732 2188 3
1083 2499 2188 3
1084 2483 2188 3
1085 2483 2188 3
1086 2478 2188 3
1087 2494 2188 3
1088 2508 2188 3
1089 2478 2188 3
1090 2505 2188 3
1091 2478 2188 3
1092 2505 2188 3
1093 2478 2188 3
1094 2507 2188 3
1095 2550 2188 3
1096 2507 2188 3
1097 2550 2188 3
1098 2523 2188 3
1099 2478 2188 3
1100 2523 2188 3
1101 2478 2188 3
1102 2532 2188 3
1103 2478 2188 3
1104 2570 2188 3
1105 2464 2188 3
1106 2442 2188 3
1107 2419 2188 3
1108 2442 2188 3
1109 2464 2188 3
1110 2470 2188 3
1111 2464 2188 3
1112 2470 2188 3
1113 2470 2188 3
1114 2497 2188 3
1115 2470 2188 3
1116 2497 2188 3
1117 2470 2188 3
1118 2502 2188 3
1119 2436 2188 3
1120 2407 2188 3
1121 2436 2188 3
1122 2414 2188 3
1123 2414 2188 3
1124 2414 2188 3
1125 2414 2188 3
1126 2414 2188 3
1127 2422 2188 3
1128 2375 2188 3
1129 2388 2188 3
1130 2375 2188 3
1131 2422 2188 3
1132 2375 2188 3
1133 2427 2188 3
1134 2196 2188 3
1135 2188 2188 3
1136 2196 2188 3
1137 2249 2188 3
1138 2196 2188 3
1139 2265 2188 3
1140 2196 2188 3
1141 2271 2188 3
1142 2271 2188 3
1143 2293 2188 3
1144 2272 2188 3
1145 2271 2188 3
1146 2314 2188 3
1147 2403 2188 3
1148 2502 2188 3
1149 2580 2188 3
1150 2459 2188 3
1151 2480 2188 3
1152 2481 2188 3
1153 2582 2188 3
1154 2638 2188 3
1155 2493 2188 3
1156 2437 2188 3
1157 2493 2188 3
1158 2614 2188 3
1159 2747 2188 3
1160 2671 2188 3
1161 2668 2188 3
1162 2776 2188 3
1163 2803 2188 3
1164 2904 2188 3
1165 2925 2188 3
1166 2904 2188 3
1167 2769 2188 3
1168 2847 2188 3
1169 2977 2188 3
1170 3047 2188 3
1171 3029 2188 3
1172 3032 2188 3
1173 3034 2188 3
1174 3026 2188 3
1175 3099 2188 3
1176 3026 2188 3
1177 3167 2188 3
1178 3243 2188 3
1179 3181 2188 3
1180 3067 2188 3
1181 3040 2188 3
1182 3067 2188 3
1183 3138 2188 3
1184 3034 2188 3
1185 3116 2188 3
1186 3230 2188 3
1187 3285 2188 3
1188 3159 2188 3
1189 3273 2188 3
1190 3295 2188 3
1191 3408 2188 3
1192 3300 2188 3
1193 2918 2188 3
1194 2919 2188 3
1195 2918 2188 3
1196 2991 2188 3
1197 2918 2188 3
1198 3041 2188 3
1199 2770 2188 3
1200 2634 2188 3
1201 2564 2188 3
1202 2312 2188 3
1203 2259 2188 3
1204 2265 2188 3
1205 2259 2188 3
1206 2286 2188 3
1207 2335 2188 3
1208 2286 2188 3
1209 2339 2188 3
1210 2417 2188 3
1211 2345 2188 3
1212 2316 2188 3
1213 2241 2188 3
1214 2188 2188 3
1215 2196 2188 3
1216 2188 2188 3
1217 2217 2188 3
1218 2270 2188 3
1219 2339 2188 3
1220 2270 2188 3
1221 2359 2188 3
1222 2467 2188 3
1223 2359 2188 3
1224 2338 2188 3
1225 2446 2188 3
1226 2338 2188 3
1227 2452 2188 3
1228 2473 2188 3
1229 2609 2188 3
1230 2778 2188 3
1231 2723 2188 3
1232 2925 2188 3
1233 2918 2188 3
1234 2919 2188 3
1235 2918 2188 3
1236 2716 2188 3
1237 2818 2188 3
1238 2935 2188 3
1239 2837 2188 3
1240 2910 2188 3
1241 2769 2188 3
1242 2895 2188 3
1243 2769 2188 3
1244 2895 2188 3
1245 2940 2188 3
1246 3081 2188 3
1247 3008 2188 3
1248 3034 2188 3
1249 3136 2188 3
1250 3106 2188 3
1251 3233 2188 3
1252 3242 2188 3
1253 3329 2188 3
1254 2903 2188 3
1255 2900 2188 3
1256 2855 2188 3
1257 2900 2188 3
1258 2855 2188 3
1259 2900 2188 3
1260 2903 2188 3
1261 3012 2188 3
1262 3126 2188 3
1263 3228 2188 3
1264 3334 2188 3
1265 3443 2188 3
1266 3319 2188 3
1267 3310 2188 3
1268 3236 2188 3
1269 3332 2188 3
1270 3205 2188 3
1271 3267 2188 3
1272 3039 2188 3
1273 2763 2188 3
1274 2696 2188 3
1275 2556 2188 3
1276 2487 2188 3
1278 2329 2188 3
1279 2276 2188 3
1280 2295 2188 3
1281 2276 2188 3
1282 2302 2188 3
1283 2276 2188 3
1284 2349 2188 3
1285 2345 2188 3
1286 2349 2188 3
1287 2356 2188 3
1288 2445 2188 3
1289 2411 2188 3
1290 2321 2188 3
1291 2415 2188 3
1292 2495 2188 3
1293 2488 2188 3
1294 2302 2188 3
1295 2404 2188 3
1296 2302 2188 3
1297 2404 2188 3
1298 2302 2188 3
1299 2415 2188 3
1300 2573 2188 3
1301 2415 2188 3
1302 2587 2188 3
1303 2623 2188 3
1304 2513 2188 3
1305 2623 2188 3
1306 2721 2188 3
1307 2820 2188 3
1308 2675 2188 3
1309 2734 2188 3
1310 2675 2188 3
1311 2748 2188 3
1312 2732 2188 3
1313 2748 2188 3
1314 2732 2188 3
Customer 1: 24
B1 ID: 48 D1 ID: 49
Customer 2: 15
B2 ID: 22 D2 ID: 21
-----
Route 1 Before: 50,16,4,22,48,13,27,11,23,9,50
Route 2 Before: 50,16,4,22,48,13,27,11,23,9,50
-----
---------
Route 1 After: 50,16,4,21,49,13,27,11,23,9,50
Route 2 After: 50,16,4,21,49,13,27,11,23,9,50
---------
Priority swap cost contribution: 56
1315 2788 2188 3
1316 2517 2188 3
1317 2533 2188 3
1318 2517 2188 3
1319 2533 2188 3
1320 2517 2188 3
1321 2638 2188 3
1322 2665 2188 3
1323 2638 2188 3
1324 2680 2188 3
1325 2669 2188 3
1326 2632 2188 3
1327 2515 2188 3
1328 2460 2188 3
1329 2459 2188 3
1330 2475 2188 3
1331 2459 2188 3
1332 2475 2188 3
1333 2459 2188 3
1334 2512 2188 3
1335 2568 2188 3
1336 2512 2188 3
1337 2633 2188 3
1338 2646 2188 3
1339 2513 2188 3
1340 2649 2188 3
1341 2867 2188 3
1342 2894 2188 3
1343 2649 2188 3
1344 2782 2188 3
1345 2649 2188 3
1346 2886 2188 3
1347 2935 2188 3
1348 3049 2188 3
1349 2886 2188 3
1350 2885 2188 3
1351 2885 2188 3
1352 2748 2188 3
1353 2648 2188 3
1354 2504 2188 3
1356 2448 2188 3
1357 2449 2188 3
1358 2448 2188 3
1359 2449 2188 3
1360 2448 2188 3
1361 2452 2188 3
1362 2312 2188 3
1363 2259 2188 3
1364 2260 2188 3
1365 2259 2188 3
1366 2280 2188 3
1367 2296 2188 3
1368 2367 2188 3
1369 2296 2188 3
1370 2371 2188 3
1371 2371 2188 3
1372 2443 2188 3
1373 2463 2188 3
1374 2509 2188 3
1375 2514 2188 3
1376 2521 2188 3
1377 2528 2188 3
1378 2566 2188 3
1379 2536 2188 3
1380 2490 2188 3
1381 2331 2188 3
1382 2407 2188 3
1383 2496 2188 3
1384 2400 2188 3
1385 2400 2188 3
1386 2344 2188 3
1387 2492 2188 3
1388 2344 2188 3
1389 2492 2188 3
1390 2602 2188 3
1391 2598 2188 3
1392 2606 2188 3
1393 2748 2188 3
1394 2720 2188 3
1395 2868 2188 3
1396 3022 2188 3
1397 2868 2188 3
1398 3029 2188 3
1399 3023 2188 3
1400 2862 2188 3
1401 2863 2188 3
1402 3017 2188 3
1403 2803 2188 3
1404 2797 2188 3
1405 2804 2188 3
1406 2788 2188 3
1407 2810 2188 3
1408 2924 2188 3
1409 3123 2188 3
1410 2971 2188 3
1411 2994 2188 3
1413 3056 2188 3
1414 3048 2188 3
1415 2986 2188 3
1416 2715 2188 3
1417 2745 2188 3
1418 2715 2188 3
1419 2713 2188 3
1420 2624 2188 3
1421 2680 2188 3
1422 2742 2188 3
1423 2776 2188 3
1424 2777 2188 3
1425 2552 2188 3
1426 2551 2188 3
1427 2552 2188 3
1428 2572 2188 3
1429 2625 2188 3
1430 2572 2188 3
1431 2627 2188 3
1432 2458 2188 3
1433 2437 2188 3
1434 2438 2188 3
1435 2458 2188 3
1436 2498 2188 3
1437 2458 2188 3
1438 2474 2188 3
1439 2438 2188 3
1440 2458 2188 3
1441 2511 2188 3
1442 2458 2188 3
1443 2514 2188 3
1444 2458 2188 3
1445 2514 2188 3
1446 2490 2188 3
1447 2441 2188 3
1448 2420 2188 3
1449 2421 2188 3
1450 2441 2188 3
1451 2490 2188 3
1452 2589 2188 3
1453 2699 2188 3
1454 2626 2188 3
1455 2631 2188 3
1456 2626 2188 3
1457 2638 2188 3
1458 2711 2188 3
1459 2638 2188 3
1460 2727 2188 3
1461 2789 2188 3
1462 2823 2188 3
1463 2833 2188 3
1464 2823 2188 3
1465 2823 2188 3
1466 2814 2188 3
1467 2915 2188 3
1468 2953 2188 3
1469 2695 2188 3
1470 2589 2188 3
1471 2563 2188 3
1472 2531 2188 3
1473 2519 2188 3
1474 2524 2188 3
1475 2511 2188 3
1476 2362 2188 3
1477 2339 2188 3
1478 2392 2188 3
1479 2339 2188 3
1480 2395 2188 3
1481 2339 2188 3
1482 2395 2188 3
1483 2404 2188 3
1484 2395 2188 3
1485 2405 2188 3
1486 2395 2188 3
1487 2411 2188 3
1488 2362 2188 3
1489 2549 2188 3
1490 2559 2188 3
1491 2706 2188 3
1492 2828 2188 3
1493 2687 2188 3
1494 2640 2188 3
1495 2582 2188 3
1496 2556 2188 3
1497 2553 2188 3
1498 2524 2188 3
1499 2531 2188 3
1500 2519 2188 3
1501 2524 2188 3
1502 2511 2188 3
1503 2362 2188 3
1504 2339 2188 3
1505 2392 2188 3
1506 2339 2188 3
1507 2395 2188 3
1508 2339 2188 3
1509 2395 2188 3
1510 2391 2188 3
1511 2362 2188 3
1512 2391 2188 3
1513 2463 2188 3
1514 2467 2188 3
1515 2476 2188 3
1516 2467 2188 3
1517 2362 2188 3
1518 2411 2188 3
1519 2532 2188 3
1520 2411 2188 3
1521 2544 2188 3
1522 2411 2188 3
1523 2549 2188 3
1524 2362 2188 3
1525 2411 2188 3
1526 2559 2188 3
1527 2411 2188 3
1528 2559 2188 3
1529 2530 2188 3
1530 2531 2188 3
1531 2609 2188 3
1532 2531 2188 3
1533 2609 2188 3
1534 2610 2188 3
1535 2633 2188 3
1536 2641 2188 3
1537 2632 2188 3
1538 2721 2188 3
1539 2821 2188 3
1540 2704 2188 3
1541 2775 2188 3
1542 2704 2188 3
1543 2808 2188 3
1544 2811 2188 3
1545 2940 2188 3
1546 2811 2188 3
1547 2940 2188 3
1548 3079 2188 3
1549 3132 2188 3
1550 3270 2188 3
1551 3167 2188 3
1552 3107 2188 3
1553 3062 2188 3
1554 3107 2188 3
1555 3167 2188 3
1556 3192 2188 3
1557 3215 2188 3
1558 3187 2188 3
1559 3203 2188 3
1560 3187 2188 3
1561 3208 2188 3
1562 3324 2188 3
1563 3301 2188 3
1564 3265 2188 3
1565 3288 2188 3
1566 3393 2188 3
1567 3288 2188 3
1568 3443 2188 3
1569 3546 2188 3
1570 3541 2188 3
1571 3429 2188 3
1572 3516 2188 3
1573 3481 2188 3
1574 3619 2188 3
1575 3410 2188 3
1576 3270 2188 3
1577 3132 2188 3
1578 2917 2188 3
1579 2820 2188 3
1580 2657 2188 3
1581 2634 2188 3
1582 2607 2188 3
1583 2630 2188 3
1584 2607 2188 3
1585 2630 2188 3
1586 2607 2188 3
1587 2630 2188 3
1588 2637 2188 3
1589 2639 2188 3
1590 2657 2188 3
1591 2639 2188 3
1592 2657 2188 3
1593 2680 2188 3
1594 2741 2188 3
1595 2684 2188 3
1596 2707 2188 3
1597 2755 2188 3
1598 2837 2188 3
1599 2820 2188 3
1600 2832 2188 3
1601 2529 2188 3
1602 2476 2188 3
1603 2505 2188 3
1604 2447 2188 3
1605 2400 2188 3
1606 2447 2188 3
1607 2400 2188 3
1608 2452 2188 3
1609 2505 2188 3
1610 2452 2188 3
1611 2527 2188 3
1612 2526 2188 3
1613 2471 2188 3
1614 2487 2188 3
1615 2332 2188 3
1616 2303 2188 3
1617 2302 2188 3
1618 2303 2188 3
1619 2332 2188 3
1620 2332 2188 3
1621 2385 2188 3
1622 2332 2188 3
1623 2421 2188 3
1624 2520 2188 3
1625 2621 2188 3
1626 2726 2188 3
1627 2621 2188 3
1628 2729 2188 3
1629 2621 2188 3
1630 2630 2188 3
1631 2759 2188 3
1632 2882 2188 3
1633 2792 2188 3
1634 2762 2188 3
1635 2765 2188 3
1636 2772 2188 3
1637 2760 2188 3
1638 2772 2188 3
1639 2862 2188 3
1640 2852 2188 3
1641 2763 2188 3
1642 2751 2188 3
1643 2747 2188 3
1644 2752 2188 3
1645 2747 2188 3
1647 2832 2188 3
1648 2910 2188 3
1649 2832 2188 3
1650 2603 2188 3
1651 2576 2188 3
1652 2582 2188 3
1653 2603 2188 3
1654 2632 2188 3
1655 2574 2188 3
1656 2525 2188 3
1657 2456 2188 3
1658 2427 2188 3
1659 2431 2188 3
1660 2427 2188 3
1661 2432 2188 3
1662 2427 2188 3
1663 2435 2188 3
1664 2447 2188 3
1665 2468 2188 3
1666 2521 2188 3
1667 2520 2188 3
1668 2521 2188 3
1669 2590 2188 3
1670 2543 2188 3
1671 2522 2188 3
1672 2543 2188 3
1673 2592 2188 3
1674 2543 2188 3
1675 2592 2188 3
1676 2648 2188 3
1677 2710 2188 3
1678 2744 2188 3
1679 2566 2188 3
1680 2517 2188 3
1681 2559 2188 3
1682 2517 2188 3
1683 2566 2188 3
1684 2517 2188 3
1685 2704 2188 3
1686 2803 2188 3
1687 2904 2188 3
1688 3108 2188 3
1689 3229 2188 3
1690 3392 2188 3
1691 3192 2188 3
1692 3092 2188 3
1693 3048 2188 3
1694 3002 2188 3
1695 2973 2188 3
1696 2974 2188 3
1697 2997 2188 3
1698 3024 2188 3
1699 3025 2188 3
1700 2997 2188 3
1701 3024 2188 3
1702 3025 2188 3
1703 3054 2188 3
1704 3156 2188 3
1705 3260 2188 3
1706 3154 2188 3
1707 3141 2188 3
1708 3165 2188 3
1709 3000 2188 3
1710 2972 2188 3
1711 2912 2188 3
1712 2891 2188 3
1713 2912 2188 3
1714 2935 2188 3
1715 2912 2188 3
1716 2972 2188 3
1717 2990 2188 3
1718 2883 2188 3
1719 2862 2188 3
1720 2883 2188 3
1721 2929 2188 3
1722 2914 2188 3
1723 2979 2188 3
1724 3051 2188 3
1725 2967 2188 3
1726 2902 2188 3
1727 2881 2188 3
1728 2860 2188 3
1729 2774 2188 3
1730 2755 2188 3
1731 2765 2188 3
1732 2755 2188 3
1733 2765 2188 3
1734 2755 2188 3
1735 2776 2188 3
1736 2755 2188 3
1738 2755 2188 3
1739 2776 2188 3
1740 2785 2188 3
1741 2816 2188 3
1742 2786 2188 3
1743 2734 2188 3
1744 2703 2188 3
1745 2679 2188 3
1746 2672 2188 3
1747 2679 2188 3
1748 2692 2188 3
1749 2711 2188 3
1750 2692 2188 3
1751 2716 2188 3
1752 2643 2188 3
1753 2623 2188 3
1754 2627 2188 3
1755 2623 2188 3
1756 2627 2188 3
1757 2623 2188 3
1758 2627 2188 3
1759 2634 2188 3
1760 2647 2188 3
1761 2666 2188 3
1762 2647 2188 3
1763 2675 2188 3
1764 2558 2188 3
1765 2538 2188 3
1766 2534 2188 3
1767 2538 2188 3
1768 2534 2188 3
1769 2538 2188 3
1770 2545 2188 3
1771 2564 2188 3
1772 2545 2188 3
1773 2587 2188 3
1774 2545 2188 3
1775 2587 2188 3
1776 2560 2188 3
1777 2494 2188 3
1778 2312 2188 3
1779 2259 2188 3
1780 2260 2188 3
1781 2259 2188 3
1782 2280 2188 3
1783 2303 2188 3
1784 2280 2188 3
1785 2333 2188 3
1786 2389 2188 3
1787 2333 2188 3
1788 2389 2188 3
1789 2389 2188 3
1790 2369 2188 3
1791 2385 2188 3
1792 2369 2188 3
1793 2424 2188 3
1794 2424 2188 3
1795 2349 2188 3
1796 2438 2188 3
1797 2546 2188 3
1798 2555 2188 3
1799 2676 2188 3
1800 2555 2188 3
1801 2502 2188 3
1802 2456 2188 3
1803 2456 2188 3
1804 2348 2188 3
1805 2344 2188 3
1806 2345 2188 3
1807 2349 2188 3
1808 2369 2188 3
1809 2385 2188 3
1810 2438 2188 3
1811 2385 2188 3
1812 2456 2188 3
1813 2407 2188 3
1814 2456 2188 3
1815 2407 2188 3
1816 2528 2188 3
1817 2407 2188 3
1818 2528 2188 3
1819 2634 2188 3
1820 2586 2188 3
1821 2599 2188 3
1822 2372 2188 3
1823 2421 2188 3
1824 2372 2188 3
1825 2425 2188 3
1826 2372 2188 3
1827 2541 2188 3
1828 2639 2188 3
1829 2783 2188 3
1830 2827 2188 3
1831 2772 2188 3
1832 2873 2188 3
1833 2907 2188 3
1834 2673 2188 3
1835 2832 2188 3
1836 2851 2188 3
1837 2851 2188 3
1838 2822 2188 3
1839 2851 2188 3
1840 2968 2188 3
1841 2851 2188 3
1842 2968 2188 3
1843 2939 2188 3
1844 2923 2188 3
1845 2938 2188 3
1846 2946 2188 3
1847 2835 2188 3
1848 2806 2188 3
1849 2811 2188 3
1850 2838 2188 3
1851 2811 2188 3
1852 2913 2188 3
1853 2984 2188 3
1854 2937 2188 3
1855 2909 2188 3
1856 2917 2188 3
1857 2806 2188 3
1858 2833 2188 3
1859 2838 2188 3
1860 2960 2188 3
1862 3087 2188 3
1863 3157 2188 3
1864 3158 2188 3
1865 3091 2188 3
1866 3135 2188 3
1867 3112 2188 3
1868 3088 2188 3
1869 3133 2188 3
1870 3025 2188 3
1871 3133 2188 3
1872 3025 2188 3
1873 3139 2188 3
1874 3217 2188 3
1875 2990 2188 3
1876 2876 2188 3
1877 2892 2188 3
1878 2876 2188 3
1879 2903 2188 3
1880 2838 2188 3
1881 2811 2188 3
1882 2806 2188 3
1883 2822 2188 3
1884 2821 2188 3
1885 2836 2188 3
1886 2806 2188 3
1887 2833 2188 3
1888 2806 2188 3
1889 2833 2188 3
1890 2806 2188 3
1891 2851 2188 3
1892 2847 2188 3
1893 2802 2188 3
1894 2818 2188 3
1895 2802 2188 3
1896 2829 2188 3
1897 2802 2188 3
1898 2829 2188 3
1899 2833 2188 3
1900 2838 2188 3
1901 2838 2188 3
1902 2834 2188 3
1903 2838 2188 3
1904 2854 2188 3
1905 2897 2188 3
1906 2908 2188 3
1907 2897 2188 3
1908 2851 2188 3
1909 2827 2188 3
1910 2854 2188 3
1911 2827 2188 3
1912 2873 2188 3
1913 2918 2188 3
1914 2971 2188 3
1915 3024 2188 3
1916 3022 2188 3
1917 3024 2188 3
1918 2971 2188 3
1919 2984 2188 3
1920 2979 2188 3
1921 2984 2188 3
1922 3093 2188 3
1923 3151 2188 3
1924 2848 2188 3
1925 2835 2188 3
1926 2836 2188 3
1927 2835 2188 3
1928 2836 2188 3
1929 2839 2188 3
1930 2684 2188 3
1931 2642 2188 3
1932 2691 2188 3
1933 2570 2188 3
1934 2515 2188 3
1935 2514 2188 3
1936 2518 2188 3
1937 2462 2188 3
1938 2463 2188 3
1939 2462 2188 3
1940 2483 2188 3
1941 2536 2188 3
1942 2483 2188 3
1943 2538 2188 3
1944 2369 2188 3
1945 2348 2188 3
1946 2349 2188 3
1947 2369 2188 3
1948 2392 2188 3
1949 2369 2188 3
1950 2348 2188 3
1951 2349 2188 3
1952 2369 2188 3
1953 2392 2188 3
1954 2369 2188 3
1955 2422 2188 3
1956 2369 2188 3
1957 2425 2188 3
1958 2369 2188 3
1959 2425 2188 3
1960 2421 2188 3
1961 2372 2188 3
1962 2421 2188 3
1963 2400 2188 3
1964 2344 2188 3
1965 2345 2188 3
1966 2344 2188 3
1967 2397 2188 3
1968 2344 2188 3
1969 2400 2188 3
1970 2344 2188 3
1971 2400 2188 3
1972 2400 2188 3
1973 2521 2188 3
1974 2400 2188 3
1975 2521 2188 3
1976 2654 2188 3
1977 2521 2188 3
1978 2654 2188 3
1979 2675 2188 3
1980 2654 2188 3
1981 2654 2188 3
1982 2614 2188 3
1983 2635 2188 3
1984 2514 2188 3
1985 2524 2188 3
1986 2514 2188 3
1988 2441 2188 3
1989 2506 2188 3
1990 2464 2188 3
1991 2602 2188 3
1992 2638 2188 3
1993 2651 2188 3
1994 2392 2188 3
1995 2421 2188 3
1996 2392 2188 3
1997 2500 2188 3
1998 2392 2188 3
1999 2561 2188 3
2000 2561 2188 3
2001 2561 2188 3
2002 2795 2188 3
2003 2795 2188 3
2004 2920 2188 3
2005 2896 2188 3
2006 2896 2188 3
2007 2869 2188 3
2008 2865 2188 3
2009 2841 2188 3
2010 2845 2188 3
2011 2868 2188 3
2012 2896 2188 3
2013 2926 2188 3
2014 2896 2188 3
2015 3029 2188 3
2016 3036 2188 3
2017 3048 2188 3
2018 3041 2188 3
2019 2970 2188 3
2020 2977 2188 3
2021 2970 2188 3
2022 3041 2188 3
2023 3029 2188 3
2024 3036 2188 3
2025 2896 2188 3
2026 2866 2188 3
2027 2820 2188 3
2028 2691 2188 3
2029 2476 2188 3
2030 2529 2188 3
2031 2476 2188 3
2032 2531 2188 3
2033 2362 2188 3
2034 2415 2188 3
2035 2362 2188 3
2036 2418 2188 3
2037 2362 2188 3
2038 2418 2188 3
2039 2362 2188 3
2040 2483 2188 3
2041 2592 2188 3
2042 2483 2188 3
2043 2362 2188 3
2044 2483 2188 3
2045 2362 2188 3
2046 2483 2188 3
2047 2589 2188 3
2048 2732 2188 3
2049 2483 2188 3
2050 2362 2188 3
2051 2520 2188 3
2052 2622 2188 3
2053 2631 2188 3
2054 2483 2188 3
2055 2582 2188 3
2056 2483 2188 3
2057 2630 2188 3
2058 2483 2188 3
2060 2460 2188 3
2061 2395 2188 3
2062 2339 2188 3
2063 2392 2188 3
2064 2339 2188 3
2065 2460 2188 3
2066 2339 2188 3
2067 2460 2188 3
2068 2411 2188 3
2069 2540 2188 3
2070 2553 2188 3
2071 2548 2188 3
2072 2544 2188 3
2073 2556 2188 3
2074 2629 2188 3
2075 2556 2188 3
2076 2629 2188 3
2077 2718 2188 3
2078 2720 2188 3
2079 2723 2188 3
2080 2737 2188 3
2081 2720 2188 3
2082 2773 2188 3
2083 2837 2188 3
2084 2704 2188 3
2085 2775 2188 3
2086 2704 2188 3
2087 2775 2188 3
2088 2704 2188 3
2089 2778 2188 3
2090 2732 2188 3
2091 2596 2188 3
2092 2362 2188 3
2093 2411 2188 3
2094 2362 2188 3
2095 2411 2188 3
2096 2532 2188 3
2097 2411 2188 3
2098 2532 2188 3
2099 2541 2188 3
2100 2519 2188 3
2101 2510 2188 3
2102 2435 2188 3
2103 2430 2188 3
2104 2426 2188 3
2105 2430 2188 3
2106 2435 2188 3
2107 2442 2188 3
2108 2495 2188 3
2109 2494 2188 3
2110 2495 2188 3
2111 2442 2188 3
2112 2517 2188 3
2113 2518 2188 3
2114 2526 2188 3
2115 2517 2188 3
2116 2442 2188 3
2117 2517 2188 3
2118 2442 2188 3
2119 2517 2188 3
2120 2540 2188 3
2121 2583 2188 3
2122 2434 2188 3
2123 2385 2188 3
2124 2434 2188 3
2125 2385 2188 3
2126 2434 2188 3
2127 2418 2188 3
2128 2427 2188 3
2129 2418 2188 3
2130 2428 2188 3
2131 2418 2188 3
2132 2471 2188 3
2133 2418 2188 3
2134 2587 2188 3
2135 2418 2188 3
2136 2539 2188 3
2137 2566 2188 3
2138 2539 2188 3
2139 2581 2188 3
2140 2511 2188 3
2141 2510 2188 3
2142 2516 2188 3
2143 2395 2188 3
2144 2404 2188 3
2145 2395 2188 3
2146 2405 2188 3
2147 2458 2188 3
2148 2405 2188 3
2149 2538 2188 3
2150 2405 2188 3
2151 2605 2188 3
2152 2405 2188 3
2153 2625 2188 3
2154 2405 2188 3
2155 2625 2188 3
2156 2595 2188 3
2157 2789 2188 3
2158 2733 2188 3
2159 2803 2188 3
2160 2809 2188 3
2161 2712 2188 3
2162 2834 2188 3
2163 2693 2188 3
2164 2693 2188 3
2165 2628 2188 3
2166 2592 2188 3
2167 2593 2188 3
2168 2583 2188 3
2169 2609 2188 3
2170 2526 2188 3
2171 2530 2188 3
2172 2540 2188 3
2173 2568 2188 3
2174 2564 2188 3
2175 2539 2188 3
2176 2535 2188 3
2177 2531 2188 3
2178 2532 2188 3
2179 2522 2188 3
2180 2526 2188 3
2181 2522 2188 3
2182 2526 2188 3
2183 2530 2188 3
2184 2526 2188 3
2185 2533 2188 3
2186 2526 2188 3
2187 2536 2188 3
2188 2561 2188 3
2189 2532 2188 3
2190 2522 2188 3
2191 2526 2188 3
2192 2579 2188 3
2193 2526 2188 3
2194 2617 2188 3
2195 2602 2188 3
2196 2585 2188 3
2197 2602 2188 3
2198 2607 2188 3
2199 2614 2188 3
2200 2676 2188 3
2201 2758 2188 3
2202 2735 2188 3
2203 2777 2188 3
2204 2735 2188 3
2205 2777 2188 3
2206 2822 2188 3
2207 2680 2188 3
2208 2759 2188 3
2209 2757 2188 3
2210 2614 2188 3
2211 2699 2188 3
2212 2743 2188 3
2213 2629 2188 3
2214 2674 2188 3
2215 2526 2188 3
2216 2645 2188 3
2217 2526 2188 3
2218 2645 2188 3
2219 2666 2188 3
2220 2746 2188 3
2221 2666 2188 3
2222 2746 2188 3
2223 2720 2188 3
2224 2841 2188 3
2225 2654 2188 3
2226 2653 2188 3
2227 2654 2188 3
2228 2653 2188 3
2229 2681 2188 3
2230 2654 2188 3
2231 2681 2188 3
2232 2814 2188 3
2233 2681 2188 3
2234 2819 2188 3
2235 2793 2188 3
2236 2774 2188 3
2237 2773 2188 3
2238 2774 2188 3
2239 2775 2188 3
2240 2794 2188 3
2241 2861 2188 3
2242 2710 2188 3
2243 2727 2188 3
2244 2779 2188 3
2245 2727 2188 3
2246 2779 2188 3
2247 2877 2188 3
2248 2817 2188 3
2249 2955 2188 3
2250 2848 2188 3
2251 2819 2188 3
2252 2811 2188 3
2253 2697 2188 3
2254 2693 2188 3
2255 2693 2188 3
2256 2693 2188 3
2257 2697 2188 3
2258 2708 2188 3
2259 2708 2188 3
2260 2707 2188 3
2261 2724 2188 3
2262 2707 2188 3
2263 2724 2188 3
2264 2713 2188 3
2265 2737 2188 3
2266 2730 2188 3
2267 2783 2188 3
2268 2730 2188 3
2269 2832 2188 3
2270 2852 2188 3
2271 2842 2188 3
2272 2813 2188 3
2273 2836 2188 3
2274 2865 2188 3
2275 2875 2188 3
2276 2829 2188 3
2277 2803 2188 3
2278 2857 2188 3
2279 2803 2188 3
2280 2872 2188 3
2281 2946 2188 3
2282 2872 2188 3
2283 2946 2188 3
2284 2900 2188 3
2285 2874 2188 3
2286 2731 2188 3
2287 2554 2188 3
2288 2542 2188 3
2289 2547 2188 3
2290 2534 2188 3
2291 2547 2188 3
2292 2534 2188 3
2293 2563 2188 3
2294 2418 2188 3
2295 2362 2188 3
2296 2415 2188 3
2297 2362 2188 3
2298 2418 2188 3
2299 2362 2188 3
2300 2483 2188 3
2301 2434 2188 3
2302 2533 2188 3
2303 2434 2188 3
2304 2582 2188 3
2305 2533 2188 3
2306 2521 2188 3
2307 2642 2188 3
2308 2521 2188 3
2309 2642 2188 3
2310 2778 2188 3
2311 2774 2188 3
2312 2750 2188 3
2313 2774 2188 3
2314 2750 2188 3
2315 2778 2188 3
2316 2780 2188 3
2317 2760 2188 3
2318 2649 2188 3
2319 2636 2188 3
2320 2632 2188 3
2321 2622 2188 3
2322 2626 2188 3
2324 2641 2188 3
2325 2625 2188 3
2326 2609 2188 3
2327 2608 2188 3
2328 2609 2188 3
2329 2605 2188 3
2330 2605 2188 3
2331 2600 2188 3
2332 2616 2188 3
2333 2630 2188 3
2334 2600 2188 3
2335 2627 2188 3
2336 2600 2188 3
2337 2627 2188 3
2338 2600 2188 3
2339 2629 2188 3
2340 2683 2188 3
2341 2629 2188 3
2342 2740 2188 3
2344 2627 2188 3
2345 2531 2188 3
2346 2502 2188 3
2347 2502 2188 3
2348 2427 2188 3
2349 2431 2188 3
2350 2427 2188 3
2351 2431 2188 3
2352 2427 2188 3
2353 2432 2188 3
2354 2427 2188 3
2355 2435 2188 3
2356 2427 2188 3
2357 2439 2188 3
2358 2492 2188 3
2359 2491 2188 3
2360 2492 2188 3
2361 2614 2188 3
2362 2704 2188 3
2363 2806 2188 3
2364 2658 2188 3
2365 2609 2188 3
2366 2757 2188 3
2367 2609 2188 3
2368 2757 2188 3
2369 2609 2188 3
2370 2796 2188 3
2371 2895 2188 3
2372 2991 2188 3
2373 2981 2188 3
2374 3042 2188 3
2375 2803 2188 3
2376 2777 2188 3
2377 2800 2188 3
2378 2921 2188 3
2379 2948 2188 3
2380 2921 2188 3
2381 3085 2188 3
2382 2940 2188 3
2383 2802 2188 3
2384 2766 2188 3
2385 2775 2188 3
2386 2766 2188 3
2387 2802 2188 3
2388 2912 2188 3
2389 2689 2188 3
2390 2863 2188 3
2391 2689 2188 3
2392 2927 2188 3
2393 2689 2188 3
2394 2958 2188 3
2395 2689 2188 3
2396 2958 2188 3
2397 2912 2188 3
2398 3070 2188 3
2399 3104 2188 3
2400 3051 2188 3
2401 3017 2188 3
2402 2859 2188 3
2403 2636 2188 3
2404 2658 2188 3
2405 2598 2188 3
2406 2458 2188 3
2407 2405 2188 3
2408 2434 2188 3
2409 2405 2188 3
2410 2510 2188 3
2411 2405 2188 3
2412 2510 2188 3
2413 2483 2188 3
2414 2592 2188 3
2415 2740 2188 3
2416 2753 2188 3
2417 2746 2188 3
2418 2592 2188 3
2419 2740 2188 3
2420 2592 2188 3
2421 2746 2188 3
2422 2753 2188 3
2423 2761 2188 3
2424 2882 2188 3
2425 2870 2188 3
2426 2869 2188 3
2427 2881 2188 3
2428 2740 2188 3
2429 2733 2188 3
2430 2740 2188 3
2432 2717 2188 3
2433 2710 2188 3
2434 2717 2188 3
2435 2710 2188 3
2436 2717 2188 3
2437 2738 2188 3
2438 2859 2188 3
2439 2847 2188 3
2440 2846 2188 3
2441 2858 2188 3
2442 2846 2188 3
2443 2963 2188 3
2444 3101 2188 3
2445 2963 2188 3
2446 3101 2188 3
2447 2963 2188 3
2448 3170 2188 3
2449 3189 2188 3
2450 2963 2188 3
2451 2986 2188 3
2452 3170 2188 3
2453 3170 2188 3
2454 3189 2188 3
2455 3278 2188 3
2456 3189 2188 3
2457 3300 2188 3
2458 2999 2188 3
2459 2944 2188 3
2460 2790 2188 3
2461 2782 2188 3
2462 2718 2188 3
2463 2719 2188 3
2464 2623 2188 3
2465 2632 2188 3
2466 2623 2188 3
2467 2647 2188 3
2468 2623 2188 3
2469 2652 2188 3
2470 2632 2188 3
2471 2694 2188 3
2473 2696 2188 3
2474 2704 2188 3
2475 2503 2188 3
2476 2495 2188 3
2477 2496 2188 3
2478 2502 2188 3
2479 2503 2188 3
2480 2502 2188 3
2481 2555 2188 3
2482 2502 2188 3
2483 2604 2188 3
2484 2502 2188 3
2485 2604 2188 3
2486 2604 2188 3
2487 2614 2188 3
2488 2615 2188 3
2489 2605 2188 3
2490 2605 2188 3
2491 2625 2188 3
2492 2576 2188 3
2493 2556 2188 3
2494 2576 2188 3
2495 2625 2188 3
2496 2576 2188 3
2497 2638 2188 3
2498 2434 2188 3
2499 2413 2188 3
2500 2414 2188 3
2501 2434 2188 3
2502 2483 2188 3
2503 2425 2188 3
2504 2369 2188 3
2505 2348 2188 3
2506 2349 2188 3
2507 2369 2188 3
2508 2392 2188 3
2509 2369 2188 3
2510 2392 2188 3
2511 2372 2188 3
2512 2421 2188 3
2513 2372 2188 3
2514 2421 2188 3
2515 2400 2188 3
2516 2344 2188 3
2518 2344 2188 3
2519 2345 2188 3
2520 2344 2188 3
2521 2397 2188 3
2522 2344 2188 3
2523 2400 2188 3
2524 2344 2188 3
2525 2492 2188 3
2526 2602 2188 3
2527 2598 2188 3
2528 2606 2188 3
2529 2561 2188 3
2530 2536 2188 3
2531 2439 2188 3
2532 2427 2188 3
2533 2432 2188 3
2534 2439 2188 3
2535 2549 2188 3
2536 2536 2188 3
2537 2381 2188 3
2538 2503 2188 3
2539 2381 2188 3
2540 2503 2188 3
2541 2693 2188 3
2542 2803 2188 3
2543 2784 2188 3
2544 2842 2188 3
2545 2922 2188 3
2546 2842 2188 3
2547 2922 2188 3
2548 3020 2188 3
2549 3024 2188 3
2550 2880 2188 3
2551 2742 2188 3
2552 2624 2188 3
2553 2571 2188 3
2554 2526 2188 3
2555 2526 2188 3
2556 2522 2188 3
2557 2526 2188 3
2558 2536 2188 3
2559 2526 2188 3
2560 2536 2188 3
2561 2535 2188 3
2562 2539 2188 3
2563 2349 2188 3
2564 2345 2188 3
2565 2344 2188 3
2566 2348 2188 3
2567 2344 2188 3
2568 2345 2188 3
2569 2398 2188 3
2570 2345 2188 3
2571 2401 2188 3
2572 2345 2188 3
2573 2477 2188 3
2574 2345 2188 3
2575 2499 2188 3
2576 2345 2188 3
2577 2499 2188 3
2578 2546 2188 3
2579 2553 2188 3
2580 2504 2188 3
2581 2673 2188 3
2582 2504 2188 3
2583 2691 2188 3
2584 2504 2188 3
2585 2691 2188 3
2586 2787 2188 3
2587 2691 2188 3
2588 2790 2188 3
2589 2886 2188 3
2590 2994 2188 3
2591 2990 2188 3
2592 2997 2188 3
2593 2856 2188 3
2594 2924 2188 3
2595 2769 2188 3
2596 2870 2188 3
2597 2768 2188 3
2598 2674 2188 3
2599 2500 2188 3
2600 2392 2188 3
2601 2421 2188 3
2602 2392 2188 3
2603 2497 2188 3
2604 2392 2188 3
2605 2528 2188 3
2606 2392 2188 3
2607 2528 2188 3
2608 2671 2188 3
2609 2683 2188 3
2610 2772 2188 3
2611 2683 2188 3
2612 2772 2188 3
2613 2759 2188 3
2614 2604 2188 3
2615 2708 2188 3
2616 2601 2188 3
2617 2624 2188 3
2618 2728 2188 3
2619 2845 2188 3
2620 2728 2188 3
2621 2874 2188 3
2622 2925 2188 3
2623 2697 2188 3
2624 2597 2188 3
2625 2505 2188 3
2626 2430 2188 3
2627 2394 2188 3
2628 2400 2188 3
2629 2447 2188 3
2630 2400 2188 3
2631 2447 2188 3
2632 2500 2188 3
2633 2447 2188 3
2634 2515 2188 3
2635 2450 2188 3
2636 2440 2188 3
2637 2447 2188 3
2638 2519 2188 3
2639 2539 2188 3
2640 2628 2188 3
2641 2659 2188 3
2642 2641 2188 3
2643 2567 2188 3
2644 2575 2188 3
2645 2537 2188 3
2646 2567 2188 3
2647 2643 2188 3
2648 2567 2188 3
2649 2643 2188 3
2650 2666 2188 3
2651 2795 2188 3
2652 2814 2188 3
2653 2659 2188 3
2654 2668 2188 3
2655 2628 2188 3
2656 2622 2188 3
2657 2603 2188 3
2658 2554 2188 3
2659 2554 2188 3
2660 2554 2188 3
2661 2566 2188 3
2662 2554 2188 3
2663 2566 2188 3
2664 2593 2188 3
2665 2655 2188 3
2666 2721 2188 3
2667 2717 2188 3
2668 2693 2188 3
2669 2693 2188 3
2670 2709 2188 3
2671 2721 2188 3
2672 2742 2188 3
2673 2771 2188 3
2674 2790 2188 3
2675 2860 2188 3
2676 2728 2188 3
2677 2709 2188 3
2678 2688 2188 3
2679 2676 2188 3
2680 2435 2188 3
2681 2427 2188 3
2682 2435 2188 3
2683 2447 2188 3
2684 2435 2188 3
2685 2447 2188 3
2686 2468 2188 3
2687 2543 2188 3
2688 2543 2188 3
2689 2649 2188 3
2690 2808 2188 3
2691 2630 2188 3
2692 2703 2188 3
2693 2630 2188 3
2694 2703 2188 3
2695 2786 2188 3
2696 2807 2188 3
2697 2786 2188 3
2698 2856 2188 3
2699 2902 2188 3
2700 2703 2188 3
2701 2630 2188 3
2702 2601 2188 3
2703 2596 2188 3
2704 2612 2188 3
2705 2626 2188 3
2706 2596 2188 3
2707 2623 2188 3
2708 2596 2188 3
2709 2623 2188 3
2710 2596 2188 3
2711 2625 2188 3
2713 2672 2188 3
2714 2726 2188 3
2715 2799 2188 3
2716 2772 2188 3
2717 2759 2188 3
2718 2749 2188 3
2719 2753 2188 3
2720 2757 2188 3
2721 2704 2188 3
2722 2631 2188 3
2723 2615 2188 3
2724 2625 2188 3
2725 2615 2188 3
2726 2631 2188 3
2727 2684 2188 3
2728 2631 2188 3
2729 2704 2188 3
2730 2631 2188 3
2731 2747 2188 3
2732 2859 2188 3
2733 2819 2188 3
2734 2817 2188 3
2735 2784 2188 3
2736 2755 2188 3
2737 2770 2188 3
2738 2634 2188 3
2739 2640 2188 3
2740 2530 2188 3
2741 2382 2188 3
2742 2411 2188 3
2743 2382 2188 3
2744 2435 2188 3
2745 2382 2188 3
2746 2487 2188 3
2747 2382 2188 3
2748 2487 2188 3
2749 2460 2188 3
2750 2569 2188 3
2751 2717 2188 3
2752 2730 2188 3
2753 2723 2188 3
2754 2569 2188 3
2755 2723 2188 3
2756 2730 2188 3
2757 2738 2188 3
2758 2761 2188 3
2760 2972 2188 3
2761 2938 2188 3
2762 2916 2188 3
2763 2747 2188 3
2764 2779 2188 3
2765 2778 2188 3
2766 2800 2188 3
2767 2870 2188 3
2768 2800 2188 3
2769 2986 2188 3
2770 2992 2188 3
2771 2998 2188 3
2772 3053 2188 3
2773 3026 2188 3
2774 3003 2188 3
2775 2959 2188 3
2776 2701 2188 3
Priority 1: 0.8
Priority 2: 0.96
///////////////////
Feasible
Solution Cost: 2188
--------------
Route 0:

LOCATION | CUSTOMER
0 1000
27 21
27 18
27 19
27 2
8 12
0 1000
Max capacity: 150 Load:71
--------------
--------------
Route 1:

LOCATION | CUSTOMER
0 1000
1 5
30 16
26 13
29 17
29 15
29 4
29 10
29 11
5 9
0 1000
Max capacity: 150 Load:140
--------------
--------------
Route 2:

LOCATION | CUSTOMER
0 1000
16 20
2 6
28 23
28 3
28 0
28 1
3 7
20 22
4 8
26 24
26 14
0 1000
Max capacity: 150 Load:150
--------------
Solution Cost: 2188
Priority 1: 0.8
Priority 2: 0.96
///////////////////
Restart: 12
0 3493 1.7976931348623157E+308 0
1 3197 1.7976931348623157E+308 0
2 2997 1.7976931348623157E+308 0
3 2777 1.7976931348623157E+308 0
4 2712 1.7976931348623157E+308 0
5 2655 1.7976931348623157E+308 0
6 2602 1.7976931348623157E+308 0
7 2565 1.7976931348623157E+308 0
8 2537 2537 4 flip
8 2537 2537 4
9 2420 2420 4 flip
9 2420 2420 4
10 2404 2404 4 relocate
10 2404 2404 4
11 2404 2404 4
12 2311 2311 4 two opt
12 2311 2311 4
13 2282 2282 3 relocate
13 2282 2282 3
14 2283 2282 3
15 2282 2282 3
16 2303 2282 3
17 2332 2282 3
18 2303 2282 3
19 2332 2282 3
20 2336 2282 3
21 2280 2280 3 two opt
21 2280 2280 3
22 2259 2259 3 swap
22 2259 2259 3
23 2260 2259 3
24 2280 2259 3
25 2333 2259 3
26 2280 2259 3
27 2401 2259 3
28 2280 2259 3
29 2401 2259 3
30 2280 2259 3
31 2401 2259 3
32 2511 2259 3
33 2507 2259 3
34 2533 2259 3
35 2510 2259 3
36 2491 2259 3
37 2495 2259 3
38 2564 2259 3
39 2564 2259 3
40 2408 2259 3
41 2336 2259 3
42 2336 2259 3
43 2336 2259 3
44 2408 2259 3
45 2534 2259 3
46 2606 2259 3
47 2703 2259 3
48 2562 2259 3
49 2646 2259 3
50 2708 2259 3
51 2778 2259 3
52 2761 2259 3
53 2679 2259 3
54 2759 2259 3
55 2845 2259 3
56 2866 2259 3
57 2950 2259 3
58 2975 2259 3
59 2717 2259 3
60 2777 2259 3
61 2839 2259 3
62 2920 2259 3
63 3003 2259 3
64 3079 2259 3
65 3058 2259 3
66 3124 2259 3
67 3080 2259 3
68 2986 2259 3
69 2957 2259 3
70 2849 2259 3
71 2832 2259 3
72 2727 2259 3
73 2727 2259 3
74 2731 2259 3
75 2701 2259 3
76 2646 2259 3
77 2627 2259 3
78 2626 2259 3
79 2622 2259 3
80 2626 2259 3
81 2627 2259 3
82 2616 2259 3
83 2632 2259 3
84 2616 2259 3
85 2635 2259 3
86 2616 2259 3
87 2662 2259 3
88 2616 2259 3
89 2662 2259 3
90 2647 2259 3
91 2668 2259 3
92 2712 2259 3
93 2682 2259 3
94 2687 2259 3
95 2735 2259 3
96 2687 2259 3
97 2735 2259 3
98 2687 2259 3
99 2735 2259 3
100 2742 2259 3
101 2768 2259 3
102 2817 2259 3
103 2801 2259 3
104 2745 2259 3
105 2790 2259 3
106 2745 2259 3
107 2790 2259 3
108 2890 2259 3
109 2790 2259 3
110 2715 2259 3
111 2670 2259 3
112 2671 2259 3
113 2588 2259 3
114 2588 2259 3
115 2583 2259 3
116 2548 2259 3
117 2517 2259 3
118 2528 2259 3
119 2437 2259 3
120 2437 2259 3
121 2437 2259 3
122 2437 2259 3
123 2437 2259 3
124 2456 2259 3
125 2437 2259 3
126 2483 2259 3
127 2437 2259 3
128 2483 2259 3
129 2572 2259 3
130 2548 2259 3
131 2634 2259 3
132 2548 2259 3
133 2634 2259 3
134 2655 2259 3
135 2735 2259 3
136 2655 2259 3
137 2757 2259 3
138 2655 2259 3
139 2757 2259 3
140 2864 2259 3
141 2860 2259 3
142 2864 2259 3
143 2892 2259 3
144 2946 2259 3
145 3079 2259 3
146 3078 2259 3
147 3015 2259 3
148 3079 2259 3
149 3015 2259 3
150 2911 2259 3
151 2838 2259 3
152 2686 2259 3
153 2611 2259 3
154 2553 2259 3
155 2522 2259 3
156 2526 2259 3
157 2522 2259 3
158 2541 2259 3
159 2553 2259 3
160 2579 2259 3
161 2621 2259 3
162 2579 2259 3
163 2637 2259 3
164 2653 2259 3
165 2662 2259 3
166 2668 2259 3
167 2681 2259 3
168 2676 2259 3
169 2681 2259 3
170 2668 2259 3
171 2681 2259 3
172 2676 2259 3
173 2681 2259 3
174 2668 2259 3
175 2681 2259 3
176 2676 2259 3
177 2691 2259 3
178 2713 2259 3
179 2713 2259 3
180 2775 2259 3
Customer 1: 16
B1 ID: 24 D1 ID: 25
Customer 2: 24
B2 ID: 49 D2 ID: 48
-----
Route 1 Before: 50,49,24,11,4,27,13,9,36,50
Route 2 Before: 50,49,24,11,4,27,13,9,36,50
-----
---------
Route 1 After: 50,48,25,11,4,27,13,9,36,50
Route 2 After: 50,48,25,11,4,27,13,9,36,50
---------
Priority swap cost contribution: -30
181 2745 2259 3
182 2721 2259 3
183 2761 2259 3
184 2831 2259 3
185 2761 2259 3
186 2831 2259 3
187 2911 2259 3
188 2897 2259 3
189 2778 2259 3
190 2646 2259 3
191 2607 2259 3
192 2599 2259 3
193 2540 2259 3
194 2537 2259 3
195 2540 2259 3
196 2554 2259 3
197 2662 2259 3
198 2653 2259 3
199 2649 2259 3
200 2711 2259 3
201 2745 2259 3
202 2849 2259 3
203 3013 2259 3
204 2884 2259 3
205 2850 2259 3
206 2852 2259 3
207 2717 2259 3
208 2621 2259 3
209 2538 2259 3
210 2497 2259 3
211 2461 2259 3
212 2445 2259 3
213 2449 2259 3
214 2445 2259 3
215 2449 2259 3
216 2453 2259 3
217 2399 2259 3
218 2402 2259 3
219 2399 2259 3
220 2416 2259 3
221 2402 2259 3
222 2416 2259 3
223 2469 2259 3
224 2416 2259 3
225 2402 2259 3
226 2399 2259 3
227 2402 2259 3
228 2416 2259 3
229 2469 2259 3
230 2416 2259 3
231 2505 2259 3
232 2607 2259 3
233 2603 2259 3
234 2652 2259 3
235 2514 2259 3
236 2518 2259 3
237 2416 2259 3
238 2524 2259 3
239 2416 2259 3
240 2518 2259 3
241 2514 2259 3
242 2485 2259 3
243 2514 2259 3
244 2518 2259 3
245 2416 2259 3
246 2537 2259 3
247 2568 2259 3
248 2568 2259 3
249 2576 2259 3
250 2577 2259 3
251 2586 2259 3
252 2577 2259 3
253 2695 2259 3
254 2655 2259 3
255 2610 2259 3
256 2637 2259 3
257 2708 2259 3
258 2780 2259 3
259 2780 2259 3
260 2780 2259 3
261 2708 2259 3
262 2590 2259 3
263 2581 2259 3
264 2440 2259 3
265 2362 2259 3
266 2293 2259 3
267 2346 2259 3
268 2293 2259 3
269 2362 2259 3
270 2377 2259 3
271 2426 2259 3
272 2377 2259 3
273 2426 2259 3
274 2460 2259 3
275 2456 2259 3
276 2335 2259 3
277 2364 2259 3
278 2335 2259 3
279 2424 2259 3
280 2565 2259 3
281 2424 2259 3
282 2565 2259 3
283 2734 2259 3
284 2734 2259 3
285 2734 2259 3
286 2743 2259 3
287 2917 2259 3
288 2743 2259 3
289 2917 2259 3
290 3016 2259 3
291 3239 2259 3
292 3243 2259 3
293 3355 2259 3
294 3155 2259 3
295 3041 2259 3
296 3014 2259 3
297 3031 2259 3
298 3014 2259 3
299 3036 2259 3
300 2956 2259 3
301 2928 2259 3
302 2854 2259 3
303 2781 2259 3
304 2758 2259 3
305 2751 2259 3
306 2754 2259 3
307 2754 2259 3
308 2754 2259 3
309 2687 2259 3
310 2622 2259 3
311 2518 2259 3
312 2529 2259 3
313 2518 2259 3
314 2541 2259 3
315 2516 2259 3
316 2529 2259 3
317 2516 2259 3
318 2529 2259 3
319 2582 2259 3
320 2635 2259 3
321 2590 2259 3
322 2577 2259 3
323 2518 2259 3
324 2577 2259 3
325 2590 2259 3
326 2659 2259 3
327 2590 2259 3
328 2659 2259 3
329 2666 2259 3
330 2695 2259 3
331 2706 2259 3
332 2743 2259 3
333 2607 2259 3
334 2584 2259 3
335 2531 2259 3
336 2540 2259 3
337 2351 2259 3
338 2404 2259 3
339 2351 2259 3
340 2414 2259 3
341 2409 2259 3
342 2407 2259 3
343 2378 2259 3
344 2407 2259 3
345 2417 2259 3
346 2407 2259 3
347 2378 2259 3
348 2467 2259 3
349 2567 2259 3
350 2467 2259 3
351 2571 2259 3
352 2498 2259 3
353 2503 2259 3
354 2500 2259 3
355 2540 2259 3
356 2493 2259 3
357 2418 2259 3
358 2518 2259 3
359 2537 2259 3
360 2518 2259 3
361 2564 2259 3
362 2677 2259 3
363 2700 2259 3
364 2673 2259 3
365 2739 2259 3
366 2738 2259 3
367 2738 2259 3
368 2704 2259 3
369 2705 2259 3
370 2687 2259 3
371 2647 2259 3
372 2339 2259 3
373 2347 2259 3
374 2400 2259 3
375 2347 2259 3
376 2339 2259 3
377 2347 2259 3
378 2400 2259 3
379 2459 2259 3
380 2396 2259 3
381 2343 2259 3
382 2335 2259 3
383 2343 2259 3
384 2396 2259 3
385 2471 2259 3
386 2471 2259 3
387 2505 2259 3
388 2528 2259 3
389 2622 2259 3
390 2491 2259 3
391 2418 2259 3
392 2355 2259 3
393 2302 2259 3
394 2321 2259 3
395 2302 2259 3
396 2355 2259 3
397 2457 2259 3
398 2491 2259 3
399 2487 2259 3
400 2535 2259 3
401 2498 2259 3
402 2590 2259 3
403 2409 2259 3
404 2348 2259 3
405 2295 2259 3
406 2276 2259 3
407 2295 2259 3
408 2321 2259 3
409 2295 2259 3
410 2348 2259 3
411 2409 2259 3
412 2446 2259 3
413 2475 2259 3
414 2540 2259 3
415 2680 2259 3
416 2676 2259 3
417 2680 2259 3
418 2825 2259 3
419 2994 2259 3
420 2758 2259 3
421 2835 2259 3
422 2943 2259 3
423 2835 2259 3
424 2943 2259 3
425 2942 2259 3
426 2758 2259 3
427 2942 2259 3
428 2928 2259 3
429 2669 2259 3
430 2641 2259 3
431 2669 2259 3
432 2758 2259 3
433 2639 2259 3
434 2741 2259 3
435 2639 2259 3
436 2771 2259 3
437 2611 2259 3
438 2541 2259 3
439 2643 2259 3
440 2541 2259 3
441 2781 2259 3
442 2541 2259 3
443 2781 2259 3
444 2784 2259 3
445 2878 2259 3
446 2904 2259 3
447 3093 2259 3
448 2904 2259 3
449 3097 2259 3
450 2878 2259 3
451 2776 2259 3
452 2618 2259 3
453 2483 2259 3
454 2479 2259 3
455 2480 2259 3
456 2484 2259 3
457 2542 2259 3
458 2484 2259 3
459 2586 2259 3
460 2484 2259 3
461 2595 2259 3
462 2395 2259 3
463 2391 2259 3
464 2390 2259 3
465 2394 2259 3
466 2390 2259 3
467 2391 2259 3
468 2395 2259 3
469 2497 2259 3
470 2395 2259 3
471 2497 2259 3
472 2395 2259 3
473 2516 2259 3
474 2605 2259 3
475 2631 2259 3
476 2742 2259 3
477 2887 2259 3
478 2742 2259 3
479 2716 2259 3
480 2595 2259 3
481 2484 2259 3
482 2586 2259 3
483 2484 2259 3
484 2586 2259 3
485 2685 2259 3
486 2802 2259 3
487 2839 2259 3
488 2817 2259 3
489 2839 2259 3
490 2929 2259 3
491 2796 2259 3
492 2792 2259 3
493 2752 2259 3
494 2774 2259 3
495 2895 2259 3
496 2963 2259 3
497 2895 2259 3
498 3028 2259 3
499 2895 2259 3
500 3028 2259 3
501 2964 2259 3
502 2891 2259 3
503 2964 2259 3
504 3093 2259 3
505 3071 2259 3
506 3093 2259 3
507 2964 2259 3
508 3102 2259 3
509 3158 2259 3
510 3234 2259 3
511 3206 2259 3
512 3164 2259 3
513 3186 2259 3
514 3164 2259 3
515 3186 2259 3
516 3192 2259 3
517 3164 2259 3
518 3192 2259 3
519 3306 2259 3
520 3103 2259 3
521 3132 2259 3
522 3018 2259 3
523 2990 2259 3
524 2990 2259 3
525 2850 2259 3
526 2773 2259 3
527 2700 2259 3
528 2687 2259 3
529 2691 2259 3
530 2687 2259 3
531 2691 2259 3
532 2704 2259 3
533 2704 2259 3
534 2731 2259 3
535 2704 2259 3
536 2742 2259 3
537 2704 2259 3
538 2742 2259 3
539 2785 2259 3
540 2773 2259 3
541 2843 2259 3
542 2841 2259 3
543 2843 2259 3
544 2841 2259 3
545 2861 2259 3
546 2864 2259 3
547 2897 2259 3
548 2839 2259 3
549 2837 2259 3
550 2741 2259 3
551 2692 2259 3
552 2663 2259 3
553 2615 2259 3
554 2628 2259 3
555 2615 2259 3
556 2628 2259 3
557 2615 2259 3
558 2638 2259 3
559 2615 2259 3
560 2656 2259 3
561 2641 2259 3
562 2641 2259 3
563 2654 2259 3
564 2708 2259 3
565 2591 2259 3
566 2564 2259 3
567 2551 2259 3
568 2564 2259 3
569 2587 2259 3
570 2564 2259 3
571 2591 2259 3
572 2564 2259 3
573 2602 2259 3
574 2645 2259 3
575 2633 2259 3
576 2692 2259 3
577 2492 2259 3
578 2457 2259 3
579 2426 2259 3
580 2439 2259 3
581 2455 2259 3
582 2456 2259 3
583 2498 2259 3
584 2432 2259 3
585 2379 2259 3
586 2364 2259 3
587 2363 2259 3
589 2453 2259 3
590 2468 2259 3
591 2453 2259 3
592 2468 2259 3
593 2493 2259 3
594 2463 2259 3
595 2448 2259 3
596 2449 2259 3
597 2448 2259 3
598 2452 2259 3
599 2448 2259 3
600 2449 2259 3
601 2448 2259 3
602 2449 2259 3
603 2448 2259 3
604 2449 2259 3
605 2464 2259 3
606 2449 2259 3
607 2464 2259 3
608 2492 2259 3
609 2488 2259 3
610 2491 2259 3
611 2476 2259 3
612 2448 2259 3
613 2470 2259 3
614 2474 2259 3
615 2299 2259 3
616 2352 2259 3
617 2299 2259 3
618 2374 2259 3
619 2299 2259 3
620 2388 2259 3
621 2417 2259 3
622 2374 2259 3
623 2375 2259 3
624 2420 2259 3
625 2519 2259 3
626 2620 2259 3
627 2705 2259 3
628 2704 2259 3
629 2617 2259 3
630 2562 2259 3
631 2388 2259 3
632 2417 2259 3
635 2540 2259 3
636 2648 2259 3
637 2640 2259 3
638 2638 2259 3
639 2589 2259 3
640 2611 2259 3
641 2589 2259 3
642 2611 2259 3
643 2589 2259 3
644 2677 2259 3
645 2653 2259 3
646 2677 2259 3
647 2653 2259 3
648 2681 2259 3
649 2683 2259 3
650 2628 2259 3
651 2624 2259 3
652 2600 2259 3
653 2624 2259 3
654 2600 2259 3
655 2628 2259 3
656 2673 2259 3
657 2704 2259 3
658 2713 2259 3
659 2673 2259 3
660 2715 2259 3
661 2765 2259 3
662 2820 2259 3
663 2818 2259 3
664 2821 2259 3
665 2948 2259 3
666 2942 2259 3
667 2796 2259 3
668 2818 2259 3
669 2796 2259 3
670 2913 2259 3
671 2796 2259 3
672 2913 2259 3
673 2796 2259 3
674 2919 2259 3
675 2796 2259 3
677 2568 2259 3
678 2590 2259 3
679 2568 2259 3
680 2590 2259 3
681 2568 2259 3
682 2617 2259 3
683 2568 2259 3
684 2617 2259 3
685 2612 2259 3
686 2612 2259 3
687 2572 2259 3
688 2583 2259 3
689 2411 2259 3
690 2336 2259 3
691 2336 2259 3
692 2201 2201 3 flip
692 2201 2201 3
693 2254 2201 3
694 2201 2201 3
695 2290 2201 3
696 2348 2201 3
697 2290 2201 3
698 2392 2201 3
699 2290 2201 3
700 2392 2201 3
701 2491 2201 3
702 2392 2201 3
703 2503 2201 3
704 2392 2201 3
705 2290 2201 3
706 2411 2201 3
707 2437 2201 3
708 2290 2201 3
709 2413 2201 3
710 2513 2201 3
711 2324 2201 3
712 2426 2201 3
713 2324 2201 3
714 2494 2201 3
715 2531 2201 3
716 2644 2201 3
717 2724 2201 3
718 2702 2201 3
719 2702 2201 3
720 2720 2201 3
721 2749 2201 3
722 2720 2201 3
723 2749 2201 3
724 2766 2201 3
725 2697 2201 3
726 2679 2201 3
727 2729 2201 3
728 2679 2201 3
729 2741 2201 3
730 2716 2201 3
731 2738 2201 3
732 2716 2201 3
733 2738 2201 3
734 2808 2201 3
735 2804 2201 3
736 2865 2201 3
737 2945 2201 3
738 3016 2201 3
739 2865 2201 3
740 2945 2201 3
741 3070 2201 3
742 2916 2201 3
743 2836 2201 3
744 2704 2201 3
745 2643 2201 3
746 2619 2201 3
747 2647 2201 3
748 2619 2201 3
749 2647 2201 3
750 2585 2201 3
751 2544 2201 3
752 2508 2201 3
753 2480 2201 3
754 2457 2201 3
755 2493 2201 3
756 2457 2201 3
757 2497 2201 3
758 2497 2201 3
759 2550 2201 3
760 2497 2201 3
761 2550 2201 3
762 2550 2201 3
763 2550 2201 3
764 2570 2201 3
765 2497 2201 3
766 2586 2201 3
767 2463 2201 3
768 2508 2201 3
769 2550 2201 3
770 2598 2201 3
771 2598 2201 3
772 2612 2201 3
773 2628 2201 3
774 2598 2201 3
775 2644 2201 3
776 2684 2201 3
777 2724 2201 3
778 2745 2201 3
779 2787 2201 3
780 2677 2201 3
781 2747 2201 3
782 2677 2201 3
783 2747 2201 3
784 2748 2201 3
785 2748 2201 3
786 2727 2201 3
787 2755 2201 3
788 2688 2201 3
789 2728 2201 3
790 2688 2201 3
791 2755 2201 3
792 2688 2201 3
793 2789 2201 3
794 2688 2201 3
795 2789 2201 3
796 2719 2201 3
797 2739 2201 3
798 2711 2201 3
799 2719 2201 3
800 2739 2201 3
801 2821 2201 3
802 2839 2201 3
803 2803 2201 3
804 2822 2201 3
805 2803 2201 3
806 2827 2201 3
807 2837 2201 3
808 2827 2201 3
809 2854 2201 3
810 2874 2201 3
811 2787 2201 3
812 2791 2201 3
813 2618 2201 3
814 2640 2201 3
815 2587 2201 3
816 2565 2201 3
817 2565 2201 3
818 2565 2201 3
819 2565 2201 3
820 2565 2201 3
821 2587 2201 3
822 2686 2201 3
823 2787 2201 3
824 2919 2201 3
825 2719 2201 3
826 2587 2201 3
827 2525 2201 3
828 2503 2201 3
829 2503 2201 3
830 2454 2201 3
831 2414 2201 3
832 2414 2201 3
833 2436 2201 3
834 2414 2201 3
835 2436 2201 3
836 2436 2201 3
837 2414 2201 3
838 2422 2201 3
839 2271 2201 3
840 2196 2196 3 two opt
840 2196 2196 3
841 2188 2188 3 swap
841 2188 2188 3
842 2196 2188 3
843 2217 2188 3
844 2270 2188 3
845 2217 2188 3
846 2286 2188 3
847 2259 2188 3
848 2188 2188 3
849 2241 2188 3
850 2188 2188 3
851 2259 2188 3
852 2308 2188 3
853 2263 2188 3
854 2263 2188 3
855 2301 2188 3
856 2373 2188 3
857 2393 2188 3
858 2363 2188 3
859 2452 2188 3
860 2418 2188 3
861 2517 2188 3
862 2551 2188 3
863 2574 2188 3
864 2725 2188 3
865 2574 2188 3
866 2725 2188 3
867 2752 2188 3
868 2890 2188 3
869 3059 2188 3
870 2890 2188 3
871 3084 2188 3
872 3080 2188 3
873 3306 2188 3
874 3297 2188 3
875 3293 2188 3
876 3393 2188 3
877 3163 2188 3
878 3124 2188 3
879 3062 2188 3
880 2933 2188 3
881 2783 2188 3
882 2785 2188 3
883 2783 2188 3
884 2785 2188 3
885 2812 2188 3
886 2813 2188 3
887 2842 2188 3
888 2906 2188 3
889 3029 2188 3
890 3030 2188 3
891 3060 2188 3
892 3029 2188 3
893 3066 2188 3
894 3059 2188 3
895 3126 2188 3
896 3019 2188 3
897 3026 2188 3
898 3110 2188 3
899 3046 2188 3
900 2908 2188 3
901 2772 2188 3
902 2688 2188 3
903 2686 2188 3
904 2657 2188 3
905 2656 2188 3
906 2657 2188 3
907 2661 2188 3
908 2467 2188 3
909 2496 2188 3
910 2467 2188 3
911 2496 2188 3
912 2467 2188 3
913 2520 2188 3
914 2620 2188 3
915 2520 2188 3
916 2624 2188 3
917 2602 2188 3
918 2603 2188 3
919 2643 2188 3
920 2643 2188 3
921 2520 2188 3
922 2428 2188 3
923 2375 2188 3
924 2374 2188 3
925 2299 2188 3
926 2352 2188 3
927 2299 2188 3
928 2388 2188 3
929 2299 2188 3
930 2411 2188 3
931 2413 2188 3
932 2500 2188 3
933 2413 2188 3
934 2515 2188 3
935 2632 2188 3
936 2534 2188 3
937 2643 2188 3
938 2679 2188 3
939 2781 2188 3
940 2790 2188 3
941 2811 2188 3
942 2762 2188 3
943 2741 2188 3
944 2592 2188 3
945 2600 2188 3
946 2741 2188 3
947 2762 2188 3
948 2931 2188 3
949 2762 2188 3
950 2952 2188 3
951 2951 2188 3
952 3161 2188 3
953 3127 2188 3
954 3122 2188 3
955 3008 2188 3
956 3157 2188 3
957 3008 2188 3
958 3035 2188 3
959 3106 2188 3
960 2923 2188 3
961 3053 2188 3
962 2922 2188 3
963 3061 2188 3
964 3233 2188 3
965 3220 2188 3
966 3198 2188 3
967 3185 2188 3
968 3212 2188 3
969 3233 2188 3
970 3061 2188 3
971 3032 2188 3
972 3062 2188 3
973 3176 2188 3
974 3366 2188 3
975 3023 2188 3
976 2883 2188 3
977 2746 2188 3
978 2693 2188 3
979 2655 2188 3
980 2462 2188 3
981 2389 2188 3
982 2359 2188 3
983 2360 2188 3
984 2364 2188 3
985 2379 2188 3
986 2364 2188 3
987 2379 2188 3
988 2375 2188 3
989 2360 2188 3
990 2364 2188 3
991 2389 2188 3
992 2442 2188 3
993 2389 2188 3
994 2462 2188 3
995 2507 2188 3
996 2364 2188 3
997 2417 2188 3
998 2364 2188 3
999 2453 2188 3
1000 2481 2188 3
1001 2507 2188 3
1002 2480 2188 3
1003 2452 2188 3
1004 2467 2188 3
1005 2452 2188 3
1006 2467 2188 3
1007 2468 2188 3
1008 2497 2188 3
1009 2467 2188 3
1010 2523 2188 3
1011 2573 2188 3
1012 2571 2188 3
1013 2642 2188 3
1014 2571 2188 3
1015 2642 2188 3
1016 2662 2188 3
1017 2663 2188 3
1018 2747 2188 3
1019 2751 2188 3
1020 2844 2188 3
1021 2690 2188 3
1022 2626 2188 3
1023 2773 2188 3
1024 2626 2188 3
1025 2777 2188 3
1026 2951 2188 3
1027 3129 2188 3
1028 3117 2188 3
1029 3171 2188 3
1030 3231 2188 3
1031 3337 2188 3
1032 3337 2188 3
1033 2960 2188 3
1034 3101 2188 3
1035 3245 2188 3
1036 3368 2188 3
1037 3239 2188 3
1038 3260 2188 3
1039 3097 2188 3
1040 3153 2188 3
1041 3221 2188 3
1042 3100 2188 3
1043 3221 2188 3
1044 3153 2188 3
1045 3221 2188 3
1046 3221 2188 3
1047 3221 2188 3
1048 3221 2188 3
1049 3312 2188 3
1050 3050 2188 3
1051 2850 2188 3
1052 2821 2188 3
1053 2801 2188 3
1054 2779 2188 3
1055 2766 2188 3
1056 2762 2188 3
1057 2761 2188 3
1058 2762 2188 3
1059 2775 2188 3
1060 2779 2188 3
1061 2801 2188 3
1062 2779 2188 3
1063 2828 2188 3
1064 2731 2188 3
1065 2604 2188 3
1066 2555 2188 3
1067 2480 2188 3
1068 2479 2188 3
1069 2480 2188 3
1070 2484 2188 3
1071 2290 2188 3
1072 2298 2188 3
1073 2290 2188 3
1074 2343 2188 3
1075 2418 2188 3
1076 2343 2188 3
1077 2418 2188 3
1078 2471 2188 3
1079 2475 2188 3
1080 2419 2188 3
1081 2418 2188 3
1082 2507 2188 3
1083 2615 2188 3
1084 2507 2188 3
1085 2628 2188 3
1086 2507 2188 3
1087 2628 2188 3
1088 2522 2188 3
1089 2549 2188 3
1090 2540 2188 3
1091 2549 2188 3
1092 2473 2188 3
1093 2464 2188 3
1094 2435 2188 3
1095 2464 2188 3
1096 2473 2188 3
1097 2594 2188 3
1098 2473 2188 3
1099 2594 2188 3
1100 2704 2188 3
1101 2692 2188 3
1102 2585 2188 3
1103 2464 2188 3
1104 2415 2188 3
1105 2464 2188 3
1106 2415 2188 3
1107 2520 2188 3
1108 2448 2188 3
1109 2457 2188 3
1110 2448 2188 3
1111 2458 2188 3
1112 2564 2188 3
1113 2563 2188 3
1114 2569 2188 3
1115 2563 2188 3
1116 2570 2188 3
1117 2672 2188 3
1118 2506 2188 3
1119 2510 2188 3
1120 2553 2188 3
1121 2592 2188 3
1122 2553 2188 3
1123 2602 2188 3
1124 2464 2188 3
1125 2411 2188 3
1126 2362 2188 3
1127 2293 2188 3
1128 2346 2188 3
1129 2293 2188 3
1130 2362 2188 3
1131 2377 2188 3
1132 2426 2188 3
1133 2460 2188 3
1134 2456 2188 3
1135 2335 2188 3
1136 2364 2188 3
1137 2335 2188 3
1138 2424 2188 3
1139 2532 2188 3
1140 2424 2188 3
1141 2545 2188 3
1142 2576 2188 3
1143 2480 2188 3
1144 2481 2188 3
1145 2489 2188 3
1146 2481 2188 3
1147 2490 2188 3
1148 2587 2188 3
1149 2490 2188 3
1150 2587 2188 3
1151 2686 2188 3
1152 2787 2188 3
1153 2770 2188 3
1154 2769 2188 3
1155 2511 2188 3
1156 2586 2188 3
1157 2489 2188 3
1158 2480 2188 3
1159 2488 2188 3
1160 2489 2188 3
1161 2529 2188 3
1162 2628 2188 3
1163 2729 2188 3
1164 2868 2188 3
1165 2974 2188 3
1166 2868 2188 3
1167 2974 2188 3
1168 2868 2188 3
1169 2964 2188 3
1170 2964 2188 3
1171 2965 2188 3
1172 3079 2188 3
1173 3070 2188 3
1174 3256 2188 3
1175 3070 2188 3
1176 3256 2188 3
1177 3309 2188 3
1178 3292 2188 3
1179 3377 2188 3
1180 3410 2188 3
1181 3454 2188 3
1182 3401 2188 3
1183 3454 2188 3
1184 3609 2188 3
1185 3510 2188 3
1186 3321 2188 3
1187 3270 2188 3
1188 3195 2188 3
1189 3001 2188 3
1190 2929 2188 3
1191 2931 2188 3
1192 2929 2188 3
1193 2937 2188 3
1194 3127 2188 3
1195 2990 2188 3
1196 3005 2188 3
1197 2704 2188 3
1198 2719 2188 3
1199 2704 2188 3
1200 2639 2188 3
1201 2599 2188 3
1202 2452 2188 3
1203 2448 2188 3
1204 2448 2188 3
1205 2449 2188 3
1206 2448 2188 3
1207 2449 2188 3
1208 2453 2188 3
1209 2468 2188 3
1210 2453 2188 3
1211 2468 2188 3
1212 2493 2188 3
1213 2497 2188 3
1214 2522 2188 3
1215 2492 2188 3
1216 2508 2188 3
1217 2561 2188 3
1218 2508 2188 3
1219 2579 2188 3
1220 2348 2188 3
1221 2354 2188 3
1222 2348 2188 3
1223 2397 2188 3
1224 2348 2188 3
1225 2401 2188 3
1226 2348 2188 3
1227 2424 2188 3
1228 2352 2188 3
1229 2352 2188 3
1230 2352 2188 3
1231 2352 2188 3
1232 2361 2188 3
1233 2417 2188 3
1234 2272 2188 3
1235 2263 2188 3
1236 2263 2188 3
1237 2263 2188 3
1238 2263 2188 3
1239 2271 2188 3
1240 2292 2188 3
1241 2335 2188 3
1242 2286 2188 3
1243 2259 2188 3
1244 2265 2188 3
1245 2314 2188 3
1246 2265 2188 3
1247 2318 2188 3
1248 2265 2188 3
1249 2343 2188 3
1250 2271 2188 3
1251 2343 2188 3
1252 2363 2188 3
1253 2452 2188 3
1254 2483 2188 3
1255 2437 2188 3
1256 2433 2188 3
1257 2312 2188 3
1258 2304 2188 3
1259 2312 2188 3
1260 2304 2188 3
1261 2313 2188 3
1262 2435 2188 3
1263 2456 2188 3
1264 2342 2188 3
1265 2417 2188 3
1266 2377 2188 3
1267 2348 2188 3
1268 2456 2188 3
1269 2597 2188 3
1270 2769 2188 3
1271 2658 2188 3
1272 2731 2188 3
1273 2901 2188 3
1274 2731 2188 3
1275 2658 2188 3
1276 2489 2188 3
1277 2468 2188 3
1278 2488 2188 3
1279 2509 2188 3
1280 2395 2188 3
1281 2366 2188 3
1282 2374 2188 3
1283 2395 2188 3
1284 2435 2188 3
1285 2395 2188 3
1286 2448 2188 3
1287 2395 2188 3
1288 2470 2188 3
1289 2395 2188 3
1290 2470 2188 3
1291 2395 2188 3
1292 2496 2188 3
1293 2375 2188 3
1294 2346 2188 3
1295 2354 2188 3
1296 2374 2188 3
1297 2427 2188 3
1298 2374 2188 3
1299 2449 2188 3
1300 2374 2188 3
1301 2449 2188 3
1302 2448 2188 3
1303 2448 2188 3
1304 2327 2188 3
1305 2319 2188 3
1306 2327 2188 3
1307 2348 2188 3
1308 2377 2188 3
1309 2348 2188 3
1310 2401 2188 3
1311 2348 2188 3
1312 2456 2188 3
1313 2348 2188 3
1314 2517 2188 3
1315 2590 2188 3
1316 2590 2188 3
1317 2711 2188 3
1318 2656 2188 3
1319 2622 2188 3
1320 2721 2188 3
1321 2622 2188 3
1322 2773 2188 3
1323 2940 2188 3
1324 2943 2188 3
1325 2901 2188 3
1326 2912 2188 3
1327 2978 2188 3
1328 3150 2188 3
1329 3103 2188 3
1330 3090 2188 3
1331 3137 2188 3
1332 3090 2188 3
1333 3263 2188 3
1334 3263 2188 3
1335 3263 2188 3
1336 3255 2188 3
1337 3254 2188 3
1338 3261 2188 3
1339 3273 2188 3
1340 3159 2188 3
1341 3102 2188 3
1342 3103 2188 3
1344 3036 2188 3
1345 3056 2188 3
1346 3089 2188 3
1347 3155 2188 3
1348 3130 2188 3
1349 3082 2188 3
1350 2949 2188 3
1351 2916 2188 3
1352 2890 2188 3
1353 2784 2188 3
1354 2784 2188 3
1355 2693 2188 3
1356 2459 2188 3
1357 2458 2188 3
1358 2511 2188 3
1359 2458 2188 3
1360 2513 2188 3
1361 2344 2188 3
1362 2345 2188 3
1363 2344 2188 3
1364 2397 2188 3
1365 2344 2188 3
1366 2400 2188 3
1367 2344 2188 3
1368 2400 2188 3
1369 2344 2188 3
1370 2469 2188 3
1371 2490 2188 3
1372 2506 2188 3
1373 2552 2188 3
1374 2548 2188 3
1375 2552 2188 3
1376 2557 2188 3
1377 2564 2188 3
1378 2593 2188 3
1379 2639 2188 3
1380 2609 2188 3
1381 2563 2188 3
1382 2551 2188 3
1383 2547 2188 3
1384 2551 2188 3
1385 2556 2188 3
1386 2563 2188 3
1387 2609 2188 3
1388 2610 2188 3
1389 2617 2188 3
1390 2708 2188 3
1391 2552 2188 3
1392 2460 2188 3
1393 2395 2188 3
1394 2404 2188 3
1395 2395 2188 3
1396 2405 2188 3
1397 2477 2188 3
1398 2405 2188 3
1399 2477 2188 3
1400 2497 2188 3
1401 2630 2188 3
1402 2497 2188 3
1403 2635 2188 3
1404 2853 2188 3
1405 2973 2188 3
1406 2865 2188 3
1407 2781 2188 3
1408 2807 2188 3
1409 2799 2188 3
1410 2835 2188 3
1411 2893 2188 3
1412 2923 2188 3
1413 3029 2188 3
1414 3006 2188 3
1415 3000 2188 3
1416 3011 2188 3
1417 3039 2188 3
1418 3026 2188 3
1419 3049 2188 3
1420 3100 2188 3
1421 3093 2188 3
1422 3040 2188 3
1423 3093 2188 3
1424 3040 2188 3
1425 2901 2188 3
1426 2855 2188 3
1427 2766 2188 3
1428 2663 2188 3
1429 2633 2188 3
1430 2626 2188 3
1431 2472 2188 3
1432 2408 2188 3
1433 2431 2188 3
1434 2408 2188 3
1435 2461 2188 3
1436 2408 2188 3
1437 2464 2188 3
1438 2391 2188 3
1439 2362 2188 3
1440 2391 2188 3
1441 2362 2188 3
1442 2391 2188 3
1443 2463 2188 3
1444 2467 2188 3
1445 2476 2188 3
1446 2404 2188 3
1447 2395 2188 3
1448 2404 2188 3
1449 2405 2188 3
1450 2395 2188 3
1451 2411 2188 3
1452 2362 2188 3
1453 2415 2188 3
1454 2362 2188 3
1455 2467 2188 3
1456 2362 2188 3
1457 2531 2188 3
1458 2362 2188 3
1459 2549 2188 3
1460 2362 2188 3
1461 2549 2188 3
1462 2411 2188 3
1463 2395 2188 3
1464 2418 2188 3
1465 2427 2188 3
1466 2613 2188 3
1467 2427 2188 3
1468 2627 2188 3
1469 2831 2188 3
1470 2832 2188 3
1471 2683 2188 3
1472 2804 2188 3
1473 2959 2188 3
1474 2804 2188 3
1475 2959 2188 3
1476 2979 2188 3
1477 3089 2188 3
1478 2831 2188 3
1479 2838 2188 3
1480 2986 2188 3
1481 3075 2188 3
1482 3058 2188 3
1483 3053 2188 3
1484 3055 2188 3
1485 2810 2188 3
1486 2815 2188 3
1487 2777 2188 3
1488 2793 2188 3
1489 2820 2188 3
1490 2793 2188 3
1491 2820 2188 3
1492 2804 2188 3
1493 2833 2188 3
1494 2806 2188 3
1495 2928 2188 3
1496 2806 2188 3
1497 2932 2188 3
1498 2904 2188 3
1499 2925 2188 3
1500 2780 2188 3
1501 2626 2188 3
1502 2596 2188 3
1503 2362 2188 3
1504 2415 2188 3
1505 2362 2188 3
1506 2418 2188 3
1507 2362 2188 3
1508 2418 2188 3
1509 2427 2188 3
1510 2418 2188 3
1511 2362 2188 3
1512 2483 2188 3
1513 2362 2188 3
1514 2483 2188 3
1515 2434 2188 3
1516 2555 2188 3
1517 2434 2188 3
1518 2555 2188 3
1519 2576 2188 3
1520 2571 2188 3
1521 2567 2188 3
1522 2524 2188 3
1523 2525 2188 3
1524 2529 2188 3
1525 2534 2188 3
1526 2529 2188 3
1527 2541 2188 3
1528 2741 2188 3
1529 2541 2188 3
1530 2752 2188 3
1531 2518 2188 3
1532 2506 2188 3
1533 2505 2188 3
1534 2430 2188 3
1535 2426 2188 3
1537 2426 2188 3
1538 2430 2188 3
1539 2435 2188 3
1540 2442 2188 3
1541 2517 2188 3
1542 2442 2188 3
1543 2531 2188 3
1544 2442 2188 3
1545 2531 2188 3
1546 2635 2188 3
1547 2658 2188 3
1548 2719 2188 3
1549 2635 2188 3
1550 2704 2188 3
1551 2775 2188 3
1552 2747 2188 3
1553 2775 2188 3
1554 2768 2188 3
1555 2836 2188 3
1556 2680 2188 3
1557 2532 2188 3
1558 2407 2188 3
1559 2352 2188 3
1560 2351 2188 3
1561 2400 2188 3
1562 2351 2188 3
1563 2404 2188 3
1564 2351 2188 3
1565 2476 2188 3
1566 2371 2188 3
1567 2372 2188 3
1568 2371 2188 3
1569 2479 2188 3
1570 2371 2188 3
1571 2456 2188 3
1572 2532 2188 3
1573 2532 2188 3
1574 2671 2188 3
1575 2532 2188 3
1576 2460 2188 3
1577 2460 2188 3
1578 2395 2188 3
1579 2404 2188 3
1580 2405 2188 3
1581 2395 2188 3
1582 2411 2188 3
1583 2362 2188 3
1584 2415 2188 3
1585 2362 2188 3
1586 2467 2188 3
1587 2362 2188 3
1588 2531 2188 3
1589 2362 2188 3
1590 2549 2188 3
1591 2362 2188 3
1592 2552 2188 3
1593 2783 2188 3
1594 2673 2188 3
1595 2677 2188 3
1596 2704 2188 3
1597 2677 2188 3
1598 2704 2188 3
1599 2692 2188 3
1600 2813 2188 3
1601 2833 2188 3
1602 2812 2188 3
1603 2794 2188 3
1604 2812 2188 3
1605 2835 2188 3
1606 2903 2188 3
1607 3003 2188 3
1608 2931 2188 3
1609 2925 2188 3
1610 2902 2188 3
1611 2807 2188 3
1612 2780 2188 3
1613 2842 2188 3
1614 2869 2188 3
1615 2872 2188 3
1616 2874 2188 3
1617 2874 2188 3
1618 2874 2188 3
1619 2847 2188 3
1620 2845 2188 3
1621 2872 2188 3
1622 2845 2188 3
1623 2915 2188 3
1624 2916 2188 3
1625 2849 2188 3
1626 2916 2188 3
1627 2916 2188 3
1628 2783 2188 3
1629 2810 2188 3
1630 2783 2188 3
1631 2810 2188 3
1632 2783 2188 3
1633 2900 2188 3
1634 2799 2188 3
1635 2767 2188 3
1636 2799 2188 3
1637 2771 2188 3
1638 2771 2188 3
1639 2771 2188 3
1640 2833 2188 3
1641 2903 2188 3
1642 2863 2188 3
1643 2829 2188 3
1644 2833 2188 3
1645 2854 2188 3
1646 2833 2188 3
1647 2903 2188 3
1648 2771 2188 3
1649 2792 2188 3
1650 2652 2188 3
1651 2629 2188 3
1652 2608 2188 3
1653 2608 2188 3
1654 2608 2188 3
1655 2612 2188 3
1656 2608 2188 3
1657 2627 2188 3
1658 2608 2188 3
1659 2627 2188 3
1660 2634 2188 3
1661 2634 2188 3
1662 2634 2188 3
1663 2657 2188 3
1664 2634 2188 3
1665 2657 2188 3
1666 2659 2188 3
1667 2631 2188 3
1668 2652 2188 3
1669 2631 2188 3
1670 2654 2188 3
1671 2631 2188 3
1672 2693 2188 3
1673 2763 2188 3
1674 2631 2188 3
1675 2727 2188 3
1676 2670 2188 3
1677 2613 2188 3
1678 2581 2188 3
1679 2554 2188 3
1680 2554 2188 3
1681 2554 2188 3
1682 2558 2188 3
1683 2554 2188 3
1684 2566 2188 3
1685 2554 2188 3
1686 2566 2188 3
1687 2554 2188 3
1688 2566 2188 3
1689 2593 2188 3
1690 2593 2188 3
1692 2585 2188 3
1693 2527 2188 3
1694 2483 2188 3
1695 2479 2188 3
1696 2485 2188 3
1697 2479 2188 3
1698 2523 2188 3
1699 2515 2188 3
1700 2519 2188 3
1701 2540 2188 3
1702 2593 2188 3
1703 2540 2188 3
1704 2611 2188 3
1705 2687 2188 3
1706 2562 2188 3
1707 2555 2188 3
1708 2485 2188 3
1709 2472 2188 3
1710 2492 2188 3
1711 2472 2188 3
1712 2499 2188 3
1713 2472 2188 3
1714 2499 2188 3
1715 2548 2188 3
1716 2400 2188 3
1717 2344 2188 3
1718 2345 2188 3
1719 2344 2188 3
1720 2397 2188 3
1721 2344 2188 3
1722 2400 2188 3
1723 2344 2188 3
1724 2400 2188 3
1725 2344 2188 3
1726 2345 2188 3
1727 2344 2188 3
1728 2397 2188 3
1729 2344 2188 3
1730 2400 2188 3
1731 2344 2188 3
1732 2400 2188 3
1733 2400 2188 3
1734 2400 2188 3
1735 2462 2188 3
1736 2496 2188 3
1737 2391 2188 3
1738 2420 2188 3
1739 2391 2188 3
1740 2476 2188 3
1741 2391 2188 3
1742 2499 2188 3
1743 2391 2188 3
1744 2527 2188 3
1745 2648 2188 3
1746 2630 2188 3
1747 2623 2188 3
1748 2614 2188 3
1749 2621 2188 3
1750 2600 2188 3
1751 2610 2188 3
1752 2628 2188 3
1753 2610 2188 3
1754 2662 2188 3
1755 2771 2188 3
1756 2807 2188 3
1757 2882 2188 3
1758 3015 2188 3
1759 2882 2188 3
1760 3015 2188 3
1761 2882 2188 3
1762 3033 2188 3
1764 2802 2188 3
1765 2766 2188 3
1766 2802 2188 3
1767 2935 2188 3
1768 2802 2188 3
1769 2935 2188 3
1770 2886 2188 3
1772 2798 2188 3
1773 2774 2188 3
1774 2645 2188 3
1775 2666 2188 3
1776 2645 2188 3
1777 2673 2188 3
1778 2728 2188 3
1779 2673 2188 3
1780 2779 2188 3
1781 2673 2188 3
1782 2790 2188 3
1783 2786 2188 3
1784 2847 2188 3
1785 2786 2188 3
1786 2956 2188 3
1787 2786 2188 3
1788 2964 2188 3
1789 2968 2188 3
1790 2851 2188 3
1791 2780 2188 3
1792 2728 2188 3
1793 2673 2188 3
1794 2645 2188 3
1795 2673 2188 3
1796 2741 2188 3
1797 2673 2188 3
1798 2806 2188 3
1799 2673 2188 3
1800 2528 2188 3
1801 2500 2188 3
1802 2477 2188 3
1803 2454 2188 3
1804 2477 2188 3
1805 2454 2188 3
1806 2477 2188 3
1807 2500 2188 3
1808 2524 2188 3
1809 2528 2188 3
1810 2544 2188 3
1811 2528 2188 3
1812 2544 2188 3
1813 2576 2188 3
1814 2527 2188 3
1815 2493 2188 3
1816 2500 2188 3
1817 2493 2188 3
1818 2500 2188 3
1819 2520 2188 3
1820 2541 2188 3
1821 2570 2188 3
1822 2642 2188 3
1823 2668 2188 3
1825 2668 2188 3
1826 2642 2188 3
1827 2751 2188 3
1828 2872 2188 3
1829 2871 2188 3
1830 2872 2188 3
1831 2961 2188 3
1832 2872 2188 3
1833 2982 2188 3
1835 3124 2188 3
1836 3110 2188 3
1837 3056 2188 3
1838 3037 2188 3
1839 2999 2188 3
1840 3003 2188 3
1841 2999 2188 3
1842 3037 2188 3
1843 3160 2188 3
1844 3037 2188 3
1845 3160 2188 3
1846 3037 2188 3
1847 3228 2188 3
1848 3037 2188 3
1849 2999 2188 3
1850 3122 2188 3
1851 2987 2188 3
1852 2965 2188 3
1853 2907 2188 3
1854 2737 2188 3
1855 2726 2188 3
1856 2730 2188 3
1857 2739 2188 3
1858 2716 2188 3
1859 2731 2188 3
1860 2683 2188 3
1861 2679 2188 3
1862 2700 2188 3
1863 2679 2188 3
1864 2706 2188 3
1865 2735 2188 3
1866 2710 2188 3
1867 2715 2188 3
1868 2744 2188 3
1869 2730 2188 3
1870 2726 2188 3
1871 2751 2188 3
1872 2726 2188 3
1873 2762 2188 3
1874 2726 2188 3
1875 2697 2188 3
1876 2701 2188 3
1877 2697 2188 3
1878 2708 2188 3
1879 2719 2188 3
1880 2613 2188 3
1881 2613 2188 3
1882 2633 2188 3
1883 2642 2188 3
1884 2613 2188 3
1885 2633 2188 3
1886 2681 2188 3
1887 2633 2188 3
1888 2681 2188 3
1889 2633 2188 3
1890 2681 2188 3
1891 2674 2188 3
1892 2626 2188 3
1893 2633 2188 3
1895 2706 2188 3
1896 2677 2188 3
1897 2706 2188 3
1898 2759 2188 3
1899 2706 2188 3
1900 2761 2188 3
1901 2706 2188 3
1902 2761 2188 3
1903 2706 2188 3
1904 2772 2188 3
1905 2627 2188 3
1906 2466 2188 3
1907 2437 2188 3
1908 2437 2188 3
1909 2437 2188 3
1910 2437 2188 3
1911 2447 2188 3
1912 2446 2188 3
1913 2450 2188 3
1914 2260 2188 3
1915 2259 2188 3
1916 2260 2188 3
1917 2313 2188 3
1918 2260 2188 3
1919 2316 2188 3
1920 2260 2188 3
1921 2349 2188 3
1922 2405 2188 3
1923 2401 2188 3
1924 2372 2188 3
1925 2392 2188 3
1926 2421 2188 3
1927 2452 2188 3
1928 2431 2188 3
1929 2431 2188 3
1930 2439 2188 3
1931 2431 2188 3
1932 2440 2188 3
1933 2456 2188 3
1934 2529 2188 3
1935 2456 2188 3
1936 2555 2188 3
1937 2656 2188 3
1938 2777 2188 3
1939 2738 2188 3
1940 2759 2188 3
1941 2738 2188 3
1942 2907 2188 3
1943 2852 2188 3
1944 3041 2188 3
1945 3040 2188 3
1946 3016 2188 3
1947 2971 2188 3
1948 2978 2188 3
1949 2980 2188 3
1950 2923 2188 3
1951 2900 2188 3
1952 2887 2188 3
1953 2888 2188 3
1954 2879 2188 3
1955 2881 2188 3
1956 2858 2188 3
1957 2858 2188 3
1958 2839 2188 3
1959 2841 2188 3
1960 2776 2188 3
1961 2723 2188 3
1962 2721 2188 3
1963 2695 2188 3
1964 2672 2188 3
1965 2676 2188 3
1966 2672 2188 3
1967 2676 2188 3
1968 2684 2188 3
1969 2676 2188 3
1970 2689 2188 3
1971 2676 2188 3
1972 2695 2188 3
1973 2676 2188 3
1974 2695 2188 3
1975 2695 2188 3
1976 2708 2188 3
1977 2731 2188 3
1978 2708 2188 3
1979 2731 2188 3
1980 2738 2188 3
1981 2740 2188 3
1982 2754 2188 3
1983 2740 2188 3
1984 2754 2188 3
1985 2751 2188 3
1986 2780 2188 3
1987 2809 2188 3
1988 2852 2188 3
1989 2825 2188 3
1990 2826 2188 3
1991 2705 2188 3
1992 2708 2188 3
1993 2705 2188 3
1994 2712 2188 3
1995 2705 2188 3
1996 2751 2188 3
1997 2780 2188 3
1998 2864 2188 3
1999 2834 2188 3
2000 2877 2188 3
2001 2966 2188 3
2002 2873 2188 3
2003 2970 2188 3
2004 2973 2188 3
2005 2851 2188 3
2006 2957 2188 3
2007 2919 2188 3
2008 2955 2188 3
2009 2919 2188 3
2010 2981 2188 3
2011 3083 2188 3
2012 3018 2188 3
2013 2916 2188 3
2014 2851 2188 3
2015 2633 2188 3
2016 2493 2188 3
2017 2440 2188 3
2018 2503 2188 3
2019 2440 2188 3
2020 2515 2188 3
2021 2440 2188 3
2022 2515 2188 3
2024 2624 2188 3
2025 2516 2188 3
2026 2515 2188 3
2027 2440 2188 3
2028 2493 2188 3
2029 2440 2188 3
2030 2503 2188 3
2031 2498 2188 3
2032 2496 2188 3
2033 2467 2188 3
2034 2496 2188 3
2035 2506 2188 3
2036 2582 2188 3
2037 2498 2188 3
2038 2496 2188 3
2039 2467 2188 3
2040 2496 2188 3
2041 2526 2188 3
2042 2407 2188 3
2043 2378 2188 3
2044 2407 2188 3
2045 2378 2188 3
2046 2431 2188 3
2047 2378 2188 3
2048 2478 2188 3
2049 2378 2188 3
2050 2482 2188 3
2051 2409 2188 3
2052 2414 2188 3
2053 2351 2188 3
2054 2404 2188 3
2055 2351 2188 3
2056 2440 2188 3
2057 2548 2188 3
2058 2440 2188 3
2059 2554 2188 3
2060 2658 2188 3
2061 2694 2188 3
2062 2778 2188 3
2063 2791 2188 3
2064 2810 2188 3
2065 2829 2188 3
2066 2810 2188 3
2067 2829 2188 3
2068 2908 2188 3
2069 2865 2188 3
2070 2730 2188 3
2071 2679 2188 3
2072 2675 2188 3
2073 2679 2188 3
2074 2675 2188 3
2075 2679 2188 3
2076 2688 2188 3
2077 2717 2188 3
2078 2758 2188 3
2079 2729 2188 3
2080 2758 2188 3
2081 2828 2188 3
2082 2829 2188 3
2083 2762 2188 3
2084 2829 2188 3
2085 2903 2188 3
2086 3035 2188 3
2087 2969 2188 3
2088 3035 2188 3
2089 2969 2188 3
2090 3105 2188 3
2091 2969 2188 3
2092 3105 2188 3
2093 2973 2188 3
2094 2946 2188 3
2095 2906 2188 3
2096 2727 2188 3
2097 2728 2188 3
2098 2587 2188 3
2099 2558 2188 3
2100 2558 2188 3
2101 2557 2188 3
2102 2556 2188 3
2103 2465 2188 3
2104 2466 2188 3
2105 2465 2188 3
2106 2466 2188 3
2107 2465 2188 3
2108 2469 2188 3
2109 2465 2188 3
2110 2469 2188 3
2111 2494 2188 3
2112 2465 2188 3
2113 2493 2188 3
2114 2493 2188 3
2115 2523 2188 3
2116 2519 2188 3
2117 2550 2188 3
2118 2519 2188 3
2119 2555 2188 3
2120 2519 2188 3
2121 2494 2188 3
2122 2486 2188 3
2123 2482 2188 3
2124 2490 2188 3
2125 2465 2188 3
2126 2457 2188 3
2127 2449 2188 3
2128 2445 2188 3
2129 2449 2188 3
2130 2453 2188 3
2131 2399 2188 3
2132 2402 2188 3
2133 2399 2188 3
2134 2416 2188 3
2135 2402 2188 3
2136 2416 2188 3
2137 2469 2188 3
2138 2416 2188 3
2139 2505 2188 3
2140 2607 2188 3
2141 2505 2188 3
2142 2607 2188 3
2143 2598 2188 3
2144 2496 2188 3
2145 2598 2188 3
2146 2607 2188 3
2147 2679 2188 3
2148 2787 2188 3
2149 2662 2188 3
2150 2784 2188 3
2151 2653 2188 3
2152 2715 2188 3
2153 2662 2188 3
2154 2636 2188 3
2155 2662 2188 3
2156 2732 2188 3
2157 2896 2188 3
2158 2767 2188 3
2159 2751 2188 3
2160 2791 2188 3
2161 2840 2188 3
2162 2791 2188 3
2163 2890 2188 3
2164 2904 2188 3
2165 2881 2188 3
2166 2947 2188 3
2167 2882 2188 3
2168 2938 2188 3
2169 2749 2188 3
2170 2765 2188 3
2171 2749 2188 3
2172 2784 2188 3
2173 2749 2188 3
2174 2784 2188 3
2175 2574 2188 3
2176 2600 2188 3
2177 2574 2188 3
2178 2627 2188 3
2179 2574 2188 3
2180 2676 2188 3
2181 2574 2188 3
2182 2699 2188 3
2183 2670 2188 3
2184 2549 2188 3
2185 2600 2188 3
2186 2549 2188 3
2187 2602 2188 3
2188 2549 2188 3
2189 2651 2188 3
2190 2549 2188 3
2191 2651 2188 3
2192 2594 2188 3
2193 2598 2188 3
2194 2496 2188 3
2195 2549 2188 3
2196 2496 2188 3
2197 2598 2188 3
2198 2496 2188 3
2199 2617 2188 3
2200 2648 2188 3
2201 2648 2188 3
2202 2656 2188 3
2203 2657 2188 3
2204 2666 2188 3
2205 2544 2188 3
2206 2419 2188 3
2207 2410 2188 3
2208 2418 2188 3
2209 2419 2188 3
2210 2427 2188 3
2211 2480 2188 3
2212 2542 2188 3
2213 2534 2188 3
2214 2597 2188 3
2215 2593 2188 3
2216 2472 2188 3
2217 2547 2188 3
2218 2543 2188 3
2219 2543 2188 3
2220 2543 2188 3
2221 2543 2188 3
2222 2543 2188 3
2223 2547 2188 3
2224 2646 2188 3
2225 2547 2188 3
2226 2472 2188 3
2227 2480 2188 3
2228 2472 2188 3
2229 2534 2188 3
2230 2656 2188 3
2231 2758 2188 3
2232 2767 2188 3
2233 2936 2188 3
2234 2830 2188 3
2235 2829 2188 3
2236 2790 2188 3
2237 2735 2188 3
2238 2875 2188 3
2239 2876 2188 3
2240 3109 2188 3
2241 3082 2188 3
2242 3074 2188 3
2243 3220 2188 3
2244 3074 2188 3
2245 3220 2188 3
2246 3198 2188 3
2247 3177 2188 3
2248 3035 2188 3
2249 3057 2188 3
2250 2919 2188 3
2251 2897 2188 3
2252 2820 2188 3
2253 2762 2188 3
2254 2717 2188 3
2255 2713 2188 3
2256 2717 2188 3
2257 2762 2188 3
2258 2804 2188 3
2259 2852 2188 3
2260 2852 2188 3
2261 2880 2188 3
2262 2762 2188 3
2263 2812 2188 3
2264 2857 2188 3
2265 2812 2188 3
2266 2857 2188 3
2267 2910 2188 3
2268 2982 2188 3
2269 3012 2188 3
2270 2982 2188 3
2271 3037 2188 3
2272 2972 2188 3
2273 2802 2188 3
2274 2752 2188 3
2275 2750 2188 3
2276 2648 2188 3
2277 2644 2188 3
2278 2648 2188 3
2279 2671 2188 3
2280 2603 2188 3
2281 2599 2188 3
2282 2603 2188 3
2283 2676 2188 3
2284 2603 2188 3
2285 2680 2188 3
2286 2704 2188 3
2287 2708 2188 3
2288 2680 2188 3
2289 2704 2188 3
2290 2708 2188 3
2291 2740 2188 3
2292 2693 2188 3
2293 2745 2188 3
2294 2493 2188 3
2295 2299 2188 3
2296 2352 2188 3
2297 2427 2188 3
2298 2352 2188 3
2299 2427 2188 3
2300 2352 2188 3
2301 2441 2188 3
2302 2576 2188 3
2303 2441 2188 3
2304 2576 2188 3
2305 2556 2188 3
2306 2677 2188 3
2307 2686 2188 3
2308 2614 2188 3
2309 2601 2188 3
2310 2599 2188 3
2311 2552 2188 3
2312 2599 2188 3
2313 2552 2188 3
2314 2599 2188 3
2315 2567 2188 3
2316 2612 2188 3
2317 2567 2188 3
2318 2679 2188 3
2319 2657 2188 3
2320 2575 2188 3
2321 2572 2188 3
2322 2575 2188 3
2323 2572 2188 3
2324 2579 2188 3
2325 2572 2188 3
2326 2575 2188 3
2327 2572 2188 3
2328 2575 2188 3
2329 2579 2188 3
2330 2602 2188 3
2331 2579 2188 3
2332 2608 2188 3
2333 2653 2188 3
2334 2564 2188 3
2335 2564 2188 3
2336 2564 2188 3
2337 2591 2188 3
2338 2564 2188 3
2339 2602 2188 3
2340 2599 2188 3
2341 2663 2188 3
2342 2599 2188 3
2343 2672 2188 3
2344 2599 2188 3
2345 2672 2188 3
2346 2733 2188 3
2347 2738 2188 3
2348 2654 2188 3
2349 2675 2188 3
2350 2654 2188 3
2351 2675 2188 3
2352 2704 2188 3
2353 2730 2188 3
2354 2704 2188 3
2355 2730 2188 3
2356 2726 2188 3
2357 2799 2188 3
2358 2863 2188 3
2359 2956 2188 3
2360 2967 2188 3
2361 2956 2188 3
2362 2967 2188 3
2363 2864 2188 3
2364 2873 2188 3
2365 3003 2188 3
2366 2719 2188 3
2367 2453 2188 3
2368 2400 2188 3
2369 2408 2188 3
2370 2400 2188 3
2371 2434 2188 3
2372 2365 2188 3
2373 2196 2188 3
2374 2188 2188 3
2375 2196 2188 3
2376 2217 2188 3
2377 2270 2188 3
2378 2217 2188 3
2379 2286 2188 3
2380 2217 2188 3
2381 2292 2188 3
2382 2292 2188 3
2383 2263 2188 3
2384 2263 2188 3
2385 2188 2188 3
2386 2241 2188 3
2387 2188 2188 3
2388 2259 2188 3
2389 2335 2188 3
2390 2344 2188 3
2391 2272 2188 3
2392 2361 2188 3
2393 2433 2188 3
2394 2453 2188 3
2395 2484 2188 3
2396 2492 2188 3
2397 2453 2188 3
2398 2444 2188 3
2399 2493 2188 3
2400 2263 2188 3
2401 2188 2188 3
2402 2196 2188 3
2403 2188 2188 3
2404 2217 2188 3
2405 2270 2188 3
2406 2217 2188 3
2407 2286 2188 3
2408 2217 2188 3
2409 2286 2188 3
2410 2335 2188 3
2411 2292 2188 3
2412 2292 2188 3
2413 2381 2188 3
2414 2480 2188 3
2415 2381 2188 3
2416 2489 2188 3
2417 2381 2188 3
2418 2360 2188 3
2419 2352 2188 3
2420 2397 2188 3
2421 2499 2188 3
2422 2528 2188 3
2423 2559 2188 3
2424 2455 2188 3
2425 2451 2188 3
2426 2454 2188 3
2427 2451 2188 3
2428 2454 2188 3
2429 2462 2188 3
2430 2454 2188 3
2431 2463 2188 3
2432 2509 2188 3
2433 2469 2188 3
2434 2542 2188 3
2435 2469 2188 3
2436 2542 2188 3
2437 2597 2188 3
2438 2453 2188 3
2439 2380 2188 3
2440 2453 2188 3
2441 2584 2188 3
2442 2453 2188 3
2443 2594 2188 3
2444 2521 2188 3
2445 2619 2188 3
2446 2404 2188 3
2447 2407 2188 3
2448 2286 2188 3
2449 2361 2188 3
2450 2288 2188 3
2451 2259 2188 3
2452 2288 2188 3
2453 2263 2188 3
2454 2308 2188 3
2455 2259 2188 3
2456 2335 2188 3
2457 2263 2188 3
2458 2308 2188 3
2459 2435 2188 3
2460 2509 2188 3
2461 2548 2188 3
2462 2564 2188 3
2463 2570 2188 3
2464 2684 2188 3
2465 2570 2188 3
2466 2575 2188 3
2467 2670 2188 3
2468 2755 2188 3
2469 2601 2188 3
2470 2715 2188 3
2471 2694 2188 3
2472 2820 2188 3
2473 2839 2188 3
2474 2980 2188 3
2475 2560 2188 3
2476 2415 2188 3
2477 2294 2188 3
2478 2230 2188 3
2479 2238 2188 3
2480 2230 2188 3
2481 2259 2188 3
2482 2304 2188 3
2483 2310 2188 3
2484 2304 2188 3
2485 2310 2188 3
2486 2363 2188 3
2487 2310 2188 3
2488 2399 2188 3
2489 2457 2188 3
2490 2399 2188 3
2491 2501 2188 3
2492 2501 2188 3
2493 2539 2188 3
2494 2559 2188 3
2495 2704 2188 3
2496 2531 2188 3
2497 2412 2188 3
2498 2518 2188 3
2499 2590 2188 3
2500 2610 2188 3
2501 2589 2188 3
2502 2610 2188 3
2503 2610 2188 3
2504 2601 2188 3
2505 2500 2188 3
2506 2460 2188 3
2507 2382 2188 3
2508 2411 2188 3
2509 2382 2188 3
2510 2490 2188 3
2511 2382 2188 3
2512 2551 2188 3
2513 2474 2188 3
2514 2478 2188 3
2515 2518 2188 3
2516 2518 2188 3
2517 2349 2188 3
2518 2276 2188 3
2519 2295 2188 3
2520 2276 2188 3
2521 2302 2188 3
2522 2276 2188 3
2523 2302 2188 3
2524 2276 2188 3
2525 2329 2188 3
2526 2276 2188 3
2527 2365 2188 3
2528 2463 2188 3
2529 2404 2188 3
2530 2517 2188 3
2531 2648 2188 3
2532 2724 2188 3
2533 2751 2188 3
2534 2517 2188 3
2535 2664 2188 3
2536 2758 2188 3
2537 2850 2188 3
2538 2728 2188 3
2539 2701 2188 3
2540 2749 2188 3
2541 2643 2188 3
2542 2789 2188 3
2544 2864 2188 3
2545 2868 2188 3
2546 2795 2188 3
2547 2643 2188 3
2548 2789 2188 3
2549 2643 2188 3
2550 2335 2188 3
2551 2343 2188 3
2552 2396 2188 3
2553 2343 2188 3
2554 2406 2188 3
2555 2403 2188 3
2556 2374 2188 3
2557 2452 2188 3
2558 2452 2188 3
2559 2444 2188 3
2560 2397 2188 3
2561 2496 2188 3
2562 2572 2188 3
2563 2595 2188 3
2564 2519 2188 3
2565 2620 2188 3
2566 2705 2188 3
2567 2667 2188 3
2568 2696 2188 3
2569 2666 2188 3
2570 2662 2188 3
2571 2655 2188 3
2572 2468 2188 3
2573 2442 2188 3
2574 2370 2188 3
2575 2341 2188 3
2576 2394 2188 3
2577 2341 2188 3
2578 2462 2188 3
2579 2341 2188 3
2580 2482 2188 3
2581 2341 2188 3
2582 2482 2188 3
2583 2341 2188 3
2584 2482 2188 3
2585 2341 2188 3
2586 2482 2188 3
2587 2651 2188 3
2588 2482 2188 3
2589 2684 2188 3
2590 2611 2188 3
2591 2615 2188 3
2592 2642 2188 3
2593 2299 2188 3
2594 2352 2188 3
2595 2299 2188 3
2596 2368 2188 3
2597 2299 2188 3
2598 2413 2188 3
2599 2299 2188 3
2600 2368 2188 3
2601 2417 2188 3
2602 2420 2188 3
2603 2534 2188 3
2604 2658 2188 3
2605 2654 2188 3
2606 2663 2188 3
2607 2753 2188 3
2608 2693 2188 3
2609 2540 2188 3
2610 2593 2188 3
2611 2540 2188 3
2612 2593 2188 3
2613 2746 2188 3
2614 2784 2188 3
2615 2767 2188 3
2616 2766 2188 3
2617 2810 2188 3
2618 2801 2188 3
2619 2741 2188 3
2620 2403 2188 3
2621 2354 2188 3
2622 2348 2188 3
2623 2354 2188 3
2624 2403 2188 3
2625 2354 2188 3
2626 2348 2188 3
2627 2354 2188 3
2628 2375 2188 3
2629 2424 2188 3
2630 2375 2188 3
2631 2424 2188 3
2632 2381 2188 3
2633 2352 2188 3
2634 2352 2188 3
2635 2405 2188 3
2636 2352 2188 3
2637 2408 2188 3
2638 2263 2188 3
2639 2263 2188 3
2640 2271 2188 3
2641 2292 2188 3
2642 2335 2188 3
2643 2286 2188 3
2644 2259 2188 3
2645 2265 2188 3
2646 2286 2188 3
2647 2339 2188 3
2648 2286 2188 3
2649 2364 2188 3
2650 2292 2188 3
2651 2364 2188 3
2652 2364 2188 3
2653 2384 2188 3
2654 2363 2188 3
2655 2452 2188 3
2656 2418 2188 3
2657 2488 2188 3
2658 2418 2188 3
2659 2488 2188 3
2660 2639 2188 3
2661 2666 2188 3
2662 2639 2188 3
2663 2666 2188 3
2664 2653 2188 3
2665 2631 2188 3
2666 2653 2188 3
2667 2631 2188 3
2668 2653 2188 3
2669 2719 2188 3
2670 2653 2188 3
2671 2719 2188 3
2672 2795 2188 3
2673 2795 2188 3
2674 2850 2188 3
2675 2795 2188 3
2676 2850 2188 3
2677 2797 2188 3
2678 2770 2188 3
2679 2797 2188 3
2680 2831 2188 3
2681 2897 2188 3
2682 2918 2188 3
2684 2917 2188 3
2685 2936 2188 3
2686 3020 2188 3
2687 2974 2188 3
2688 2975 2188 3
Customer 1: 24
B1 ID: 48 D1 ID: 49
Customer 2: 16
B2 ID: 25 D2 ID: 24
-----
Route 1 Before: 50,5,27,11,4,13,48,25,36,50
Route 2 Before: 50,5,27,11,4,13,48,25,36,50
-----
---------
Route 1 After: 50,5,27,11,4,13,49,24,36,50
Route 2 After: 50,5,27,11,4,13,49,24,36,50
---------
Priority swap cost contribution: -5
2689 2970 2188 3
2690 2947 2188 3
2691 2778 2188 3
2692 2757 2188 3
2693 2759 2188 3
2694 2737 2188 3
2695 2754 2188 3
2696 2778 2188 3
2697 2754 2188 3
2698 2778 2188 3
2699 2786 2188 3
2700 2662 2188 3
2701 2641 2188 3
2702 2646 2188 3
2703 2641 2188 3
2704 2653 2188 3
2705 2674 2188 3
2706 2653 2188 3
2707 2674 2188 3
2708 2560 2188 3
2709 2531 2188 3
2710 2519 2188 3
2711 2524 2188 3
2712 2531 2188 3
2713 2539 2188 3
2714 2560 2188 3
2715 2589 2188 3
2716 2468 2188 3
2717 2439 2188 3
2718 2427 2188 3
2719 2431 2188 3
2720 2427 2188 3
2721 2432 2188 3
2722 2439 2188 3
2723 2447 2188 3
2724 2468 2188 3
2725 2521 2188 3
2726 2590 2188 3
2727 2543 2188 3
2728 2514 2188 3
2729 2522 2188 3
2730 2571 2188 3
2731 2522 2188 3
2732 2571 2188 3
2733 2644 2188 3
2734 2571 2188 3
2735 2644 2188 3
2736 2644 2188 3
2737 2734 2188 3
2738 2734 2188 3
2739 2767 2188 3
2740 2718 2188 3
2741 2473 2188 3
2742 2420 2188 3
2743 2421 2188 3
2744 2420 2188 3
2745 2441 2188 3
2746 2490 2188 3
2747 2441 2188 3
2748 2490 2188 3
2749 2441 2188 3
2750 2494 2188 3
2751 2624 2188 3
2752 2404 2188 3
2753 2351 2188 3
2754 2352 2188 3
2755 2351 2188 3
2756 2372 2188 3
2757 2421 2188 3
2758 2372 2188 3
2759 2421 2188 3
2760 2372 2188 3
2761 2425 2188 3
2762 2487 2188 3
2763 2656 2188 3
2764 2487 2188 3
2765 2659 2188 3
2766 2425 2188 3
2767 2629 2188 3
2768 2425 2188 3
2769 2491 2188 3
2770 2695 2188 3
2771 2834 2188 3
2772 2768 2188 3
2773 2768 2188 3
2774 2800 2188 3
2775 2747 2188 3
2776 2715 2188 3
2777 2662 2188 3
2778 2641 2188 3
2779 2641 2188 3
2780 2641 2188 3
2781 2645 2188 3
2782 2638 2188 3
2783 2404 2188 3
2784 2348 2188 3
2785 2349 2188 3
2786 2348 2188 3
2787 2369 2188 3
2788 2392 2188 3
2789 2369 2188 3
2790 2422 2188 3
2791 2369 2188 3
2792 2425 2188 3
2793 2421 2188 3
2794 2372 2188 3
2795 2541 2188 3
2796 2372 2188 3
2797 2559 2188 3
2798 2372 2188 3
2799 2559 2188 3
2800 2658 2188 3
2801 2848 2188 3
2802 3071 2188 3
2803 3044 2188 3
2804 3270 2188 3
2805 3277 2188 3
2806 3294 2188 3
2807 3156 2188 3
2808 3059 2188 3
2809 3047 2188 3
2810 3057 2188 3
2811 3058 2188 3
2812 3101 2188 3
2813 3058 2188 3
2814 3148 2188 3
2815 3000 2188 3
2816 2979 2188 3
2817 2980 2188 3
2818 2981 2188 3
2819 2985 2188 3
2820 3101 2188 3
2821 3084 2188 3
2822 2809 2188 3
2823 2660 2188 3
2824 2656 2188 3
2825 2655 2188 3
2826 2659 2188 3
2827 2655 2188 3
2828 2656 2188 3
2829 2752 2188 3
2830 2656 2188 3
2832 2804 2188 3
2833 2656 2188 3
2834 2804 2188 3
2835 2817 2188 3
2836 2727 2188 3
2837 2706 2188 3
2838 2701 2188 3
2839 2713 2188 3
2840 2706 2188 3
2841 2713 2188 3
Priority 1: 0.8
Priority 2: 0.96
///////////////////
Feasible
Solution Cost: 2188
--------------
Route 0:

LOCATION | CUSTOMER
0 1000
27 18
27 21
27 19
27 2
8 12
0 1000
Max capacity: 150 Load:71
--------------
--------------
Route 1:

LOCATION | CUSTOMER
0 1000
1 5
30 16
26 13
29 4
29 15
29 17
29 11
29 10
5 9
0 1000
Max capacity: 150 Load:140
--------------
--------------
Route 2:

LOCATION | CUSTOMER
0 1000
16 20
2 6
28 0
28 23
28 1
28 3
3 7
20 22
4 8
26 14
26 24
0 1000
Max capacity: 150 Load:150
--------------
Solution Cost: 2188
Priority 1: 0.8
Priority 2: 0.96
///////////////////
Restart: 13
0 3441 1.7976931348623157E+308 0
1 3270 1.7976931348623157E+308 0
2 3058 1.7976931348623157E+308 0
3 2952 1.7976931348623157E+308 0
4 2900 1.7976931348623157E+308 0
5 2841 1.7976931348623157E+308 0
6 2816 2816 3 flip
6 2816 2816 3
7 2792 2792 3 flip
7 2792 2792 3
8 2701 2701 3 flip
8 2701 2701 3
9 2624 2624 3 two opt
9 2624 2624 3
10 2377 2377 3 relocate
10 2377 2377 3
11 2369 2369 3 swap
11 2369 2369 3
12 2377 2369 3
13 2398 2369 3
14 2428 2369 3
15 2259 2259 3 flip
15 2259 2259 3
16 2230 2230 3 swap
16 2230 2230 3
17 2238 2230 3
18 2259 2230 3
19 2304 2230 3
20 2310 2230 3
21 2304 2230 3
22 2310 2230 3
23 2331 2230 3
24 2323 2230 3
25 2259 2230 3
26 2312 2230 3
27 2259 2230 3
28 2361 2230 3
29 2259 2230 3
30 2361 2230 3
31 2259 2230 3
32 2380 2230 3
33 2506 2230 3
34 2525 2230 3
35 2649 2230 3
36 2525 2230 3
37 2649 2230 3
38 2589 2230 3
39 2589 2230 3
40 2590 2230 3
41 2623 2230 3
42 2602 2230 3
43 2602 2230 3
44 2569 2230 3
45 2566 2230 3
46 2578 2230 3
47 2566 2230 3
48 2578 2230 3
49 2566 2230 3
50 2599 2230 3
51 2590 2230 3
52 2627 2230 3
53 2523 2230 3
54 2537 2230 3
55 2523 2230 3
56 2538 2230 3
57 2523 2230 3
58 2538 2230 3
59 2523 2230 3
60 2582 2230 3
61 2523 2230 3
62 2625 2230 3
63 2423 2230 3
64 2482 2230 3
65 2423 2230 3
66 2522 2230 3
67 2423 2230 3
68 2554 2230 3
69 2703 2230 3
70 2657 2230 3
71 2779 2230 3
72 2917 2230 3
73 2888 2230 3
74 2939 2230 3
75 2833 2230 3
76 2711 2230 3
77 2660 2230 3
78 2550 2230 3
79 2431 2230 3
80 2329 2230 3
81 2321 2230 3
82 2329 2230 3
83 2350 2230 3
84 2403 2230 3
85 2350 2230 3
86 2452 2230 3
87 2452 2230 3
88 2431 2230 3
89 2461 2230 3
90 2452 2230 3
91 2423 2230 3
92 2453 2230 3
93 2549 2230 3
94 2587 2230 3
95 2615 2230 3
96 2586 2230 3
97 2513 2230 3
98 2639 2230 3
99 2658 2230 3
100 2760 2230 3
101 2658 2230 3
102 2787 2230 3
103 2655 2230 3
104 2531 2230 3
105 2386 2230 3
106 2412 2230 3
107 2501 2230 3
108 2603 2230 3
109 2501 2230 3
110 2609 2230 3
111 2501 2230 3
112 2642 2230 3
113 2501 2230 3
114 2603 2230 3
115 2573 2230 3
116 2452 2230 3
117 2350 2230 3
118 2452 2230 3
119 2350 2230 3
120 2491 2230 3
121 2350 2230 3
122 2491 2230 3
123 2660 2230 3
124 2491 2230 3
125 2681 2230 3
126 2350 2230 3
127 2452 2230 3
128 2556 2230 3
129 2688 2230 3
130 2739 2230 3
131 2747 2230 3
132 2739 2230 3
133 2747 2230 3
134 2762 2230 3
135 2962 2230 3
136 3202 2230 3
137 3137 2230 3
138 3151 2230 3
139 3143 2230 3
140 3151 2230 3
141 3156 2230 3
142 3280 2230 3
143 3306 2230 3
144 3341 2230 3
145 3369 2230 3
146 3341 2230 3
147 3369 2230 3
148 3356 2230 3
149 3275 2230 3
150 3075 2230 3
151 2936 2230 3
152 2742 2230 3
153 2678 2230 3
154 2670 2230 3
155 2669 2230 3
156 2668 2230 3
157 2669 2230 3
158 2668 2230 3
159 2669 2230 3
160 2668 2230 3
161 2669 2230 3
162 2671 2230 3
163 2669 2230 3
164 2677 2230 3
165 2750 2230 3
166 2768 2230 3
167 2791 2230 3
168 2780 2230 3
169 2788 2230 3
170 2768 2230 3
171 2790 2230 3
172 2788 2230 3
173 2790 2230 3
174 2797 2230 3
175 2899 2230 3
176 2639 2230 3
177 2586 2230 3
178 2537 2230 3
179 2531 2230 3
180 2529 2230 3
181 2529 2230 3
182 2550 2230 3
183 2599 2230 3
184 2584 2230 3
185 2482 2230 3
186 2461 2230 3
187 2454 2230 3
188 2329 2230 3
189 2321 2230 3
190 2329 2230 3
191 2350 2230 3
192 2403 2230 3
193 2350 2230 3
194 2452 2230 3
195 2452 2230 3
196 2452 2230 3
197 2350 2230 3
198 2491 2230 3
199 2593 2230 3
200 2593 2230 3
201 2602 2230 3
202 2593 2230 3
203 2602 2230 3
204 2453 2230 3
205 2431 2230 3
206 2431 2230 3
207 2329 2230 3
208 2350 2230 3
209 2329 2230 3
210 2350 2230 3
211 2452 2230 3
212 2350 2230 3
213 2491 2230 3
214 2660 2230 3
215 2491 2230 3
216 2681 2230 3
217 2350 2230 3
218 2491 2230 3
219 2734 2230 3
220 2744 2230 3
221 2901 2230 3
222 3080 2230 3
223 3264 2230 3
224 3271 2230 3
225 3092 2230 3
226 2914 2230 3
227 2906 2230 3
228 2903 2230 3
229 2917 2230 3
230 2723 2230 3
231 2470 2230 3
232 2348 2230 3
233 2356 2230 3
234 2377 2230 3
235 2430 2230 3
236 2377 2230 3
237 2452 2230 3
238 2377 2230 3
239 2452 2230 3
240 2423 2230 3
241 2348 2230 3
242 2377 2230 3
243 2478 2230 3
244 2592 2230 3
245 2470 2230 3
246 2595 2230 3
247 2609 2230 3
248 2488 2230 3
249 2520 2230 3
250 2535 2230 3
251 2520 2230 3
252 2535 2230 3
253 2704 2230 3
254 2535 2230 3
255 2725 2230 3
256 2535 2230 3
257 2725 2230 3
258 2588 2230 3
259 2588 2230 3
260 2603 2230 3
261 2618 2230 3
262 2644 2230 3
263 2656 2230 3
264 2644 2230 3
265 2711 2230 3
266 2711 2230 3
267 2578 2230 3
268 2552 2230 3
269 2537 2230 3
270 2523 2230 3
271 2524 2230 3
272 2523 2230 3
273 2537 2230 3
274 2552 2230 3
275 2578 2230 3
276 2681 2230 3
277 2710 2230 3
278 2607 2230 3
279 2619 2230 3
280 2704 2230 3
281 2688 2230 3
282 2595 2230 3
283 2599 2230 3
284 2595 2230 3
285 2681 2230 3
286 2595 2230 3
287 2681 2230 3
288 2782 2230 3
289 2839 2230 3
290 2864 2230 3
291 2864 2230 3
292 2872 2230 3
293 2875 2230 3
294 2859 2230 3
295 2989 2230 3
296 3085 2230 3
297 3012 2230 3
298 2753 2230 3
299 2749 2230 3
300 2635 2230 3
301 2636 2230 3
302 2579 2230 3
303 2579 2230 3
304 2554 2230 3
305 2555 2230 3
306 2554 2230 3
307 2555 2230 3
308 2554 2230 3
309 2555 2230 3
310 2584 2230 3
311 2615 2230 3
312 2584 2230 3
313 2612 2230 3
314 2608 2230 3
315 2634 2230 3
316 2608 2230 3
317 2634 2230 3
318 2660 2230 3
319 2711 2230 3
320 2670 2230 3
321 2634 2230 3
322 2604 2230 3
323 2575 2230 3
324 2579 2230 3
325 2575 2230 3
326 2605 2230 3
327 2575 2230 3
328 2611 2230 3
329 2575 2230 3
330 2628 2230 3
331 2575 2230 3
332 2628 2230 3
333 2620 2230 3
334 2611 2230 3
335 2558 2230 3
336 2562 2230 3
337 2578 2230 3
338 2553 2230 3
339 2537 2230 3
340 2541 2230 3
341 2482 2230 3
342 2496 2230 3
343 2482 2230 3
344 2496 2230 3
345 2549 2230 3
346 2496 2230 3
347 2598 2230 3
348 2496 2230 3
349 2604 2230 3
350 2496 2230 3
351 2598 2230 3
352 2607 2230 3
353 2679 2230 3
354 2797 2230 3
355 2679 2230 3
356 2797 2230 3
357 2794 2230 3
358 2670 2230 3
359 2598 2230 3
360 2496 2230 3
361 2617 2230 3
362 2496 2230 3
363 2625 2230 3
364 2617 2230 3
365 2553 2230 3
366 2460 2230 3
367 2480 2230 3
368 2520 2230 3
369 2480 2230 3
370 2520 2230 3
371 2600 2230 3
372 2573 2230 3
373 2503 2230 3
374 2440 2230 3
375 2493 2230 3
376 2440 2230 3
377 2503 2230 3
378 2440 2230 3
379 2515 2230 3
380 2440 2230 3
381 2548 2230 3
382 2440 2230 3
383 2554 2230 3
384 2656 2230 3
385 2665 2230 3
386 2516 2230 3
387 2615 2230 3
388 2716 2230 3
389 2865 2230 3
390 2856 2230 3
391 2894 2230 3
392 2767 2230 3
393 2465 2230 3
394 2351 2230 3
395 2404 2230 3
396 2351 2230 3
397 2414 2230 3
398 2351 2230 3
399 2426 2230 3
400 2427 2230 3
401 2516 2230 3
402 2665 2230 3
403 2656 2230 3
404 2554 2230 3
405 2656 2230 3
406 2554 2230 3
407 2723 2230 3
408 2668 2230 3
409 2870 2230 3
410 2629 2230 3
411 2669 2230 3
412 2669 2230 3
413 2669 2230 3
414 2713 2230 3
415 2783 2230 3
416 2651 2230 3
417 2772 2230 3
418 2651 2230 3
419 2772 2230 3
420 2651 2230 3
421 2810 2230 3
422 2532 2230 3
423 2607 2230 3
424 2706 2230 3
425 2717 2230 3
426 2841 2230 3
427 2972 2230 3
428 2953 2230 3
429 2817 2230 3
430 2739 2230 3
431 2738 2230 3
432 2698 2230 3
433 2511 2230 3
434 2409 2230 3
435 2428 2230 3
436 2409 2230 3
437 2511 2230 3
438 2607 2230 3
439 2511 2230 3
440 2409 2230 3
441 2520 2230 3
442 2409 2230 3
443 2522 2230 3
444 2716 2230 3
445 2919 2230 3
446 3159 2230 3
447 3053 2230 3
448 3082 2230 3
449 3104 2230 3
450 2806 2230 3
451 2603 2230 3
452 2409 2230 3
453 2428 2230 3
454 2409 2230 3
455 2462 2230 3
456 2524 2230 3
457 2524 2230 3
458 2355 2230 3
459 2302 2230 3
460 2321 2230 3
461 2302 2230 3
462 2355 2230 3
463 2418 2230 3
464 2355 2230 3
465 2457 2230 3
466 2556 2230 3
467 2457 2230 3
468 2355 2230 3
469 2468 2230 3
470 2608 2230 3
471 2604 2230 3
472 2608 2230 3
473 2777 2230 3
474 2541 2230 3
475 2537 2230 3
476 2571 2230 3
477 2707 2230 3
478 2571 2230 3
479 2707 2230 3
480 2635 2230 3
481 2813 2230 3
482 2839 2230 3
483 2813 2230 3
484 2890 2230 3
485 2891 2230 3
486 2966 2230 3
487 2996 2230 3
488 2920 2230 3
489 2917 2230 3
490 2946 2230 3
491 2917 2230 3
492 2960 2230 3
493 2828 2230 3
494 2857 2230 3
495 2828 2230 3
496 2936 2230 3
497 2883 2230 3
498 2806 2230 3
499 2835 2230 3
500 2806 2230 3
501 2883 2230 3
502 2884 2230 3
503 2883 2230 3
504 3004 2230 3
505 3032 2230 3
506 3112 2230 3
507 3106 2230 3
508 3032 2230 3
509 3005 2230 3
510 3032 2230 3
511 3103 2230 3
512 3038 2230 3
513 3103 2230 3
514 3032 2230 3
515 3005 2230 3
516 2884 2230 3
517 2937 2230 3
518 2964 2230 3
519 2937 2230 3
520 3016 2230 3
521 3104 2230 3
522 3349 2230 3
523 3416 2230 3
524 3306 2230 3
525 3008 2230 3
526 2743 2230 3
527 2626 2230 3
528 2395 2230 3
529 2303 2230 3
530 2201 2201 3 two opt
530 2201 2201 3
531 2254 2201 3
532 2201 2201 3
533 2290 2201 3
534 2348 2201 3
535 2290 2201 3
536 2392 2201 3
537 2290 2201 3
538 2401 2201 3
539 2201 2201 3
540 2303 2201 3
541 2201 2201 3
542 2303 2201 3
543 2420 2201 3
544 2391 2201 3
545 2514 2201 3
546 2345 2201 3
547 2458 2201 3
548 2345 2201 3
549 2531 2201 3
550 2345 2201 3
551 2531 2201 3
552 2538 2201 3
553 2567 2201 3
554 2538 2201 3
555 2567 2201 3
556 2584 2201 3
557 2685 2201 3
558 2729 2201 3
559 2733 2201 3
560 2660 2201 3
561 2498 2201 3
562 2469 2201 3
563 2498 2201 3
564 2469 2201 3
565 2542 2201 3
566 2469 2201 3
567 2554 2201 3
568 2276 2201 3
569 2302 2201 3
570 2276 2201 3
571 2349 2201 3
572 2276 2201 3
573 2402 2201 3
574 2276 2201 3
575 2302 2201 3
576 2321 2201 3
577 2411 2201 3
578 2321 2201 3
579 2411 2201 3
580 2546 2201 3
581 2654 2201 3
582 2828 2201 3
583 2872 2201 3
584 3036 2201 3
585 3230 2201 3
586 3226 2201 3
587 3408 2201 3
588 3359 2201 3
589 3277 2201 3
590 3041 2201 3
591 3045 2201 3
592 3041 2201 3
593 3045 2201 3
594 3041 2201 3
595 3110 2201 3
596 3041 2201 3
597 3160 2201 3
598 3136 2201 3
599 3145 2201 3
600 2896 2201 3
601 2751 2201 3
602 2628 2201 3
603 2596 2201 3
604 2577 2201 3
605 2563 2201 3
606 2497 2201 3
607 2516 2201 3
608 2497 2201 3
609 2543 2201 3
610 2497 2201 3
611 2543 2201 3
612 2528 2201 3
613 2463 2201 3
614 2498 2201 3
615 2521 2201 3
616 2513 2201 3
617 2521 2201 3
618 2513 2201 3
619 2549 2201 3
620 2594 2201 3
621 2594 2201 3
622 2617 2201 3
623 2646 2201 3
624 2617 2201 3
625 2646 2201 3
626 2711 2201 3
627 2646 2201 3
628 2711 2201 3
629 2694 2201 3
630 2629 2201 3
631 2549 2201 3
632 2622 2201 3
633 2549 2201 3
634 2629 2201 3
635 2694 2201 3
636 2667 2201 3
637 2600 2201 3
638 2516 2201 3
639 2582 2201 3
640 2516 2201 3
641 2582 2201 3
642 2580 2201 3
643 2593 2201 3
644 2580 2201 3
645 2593 2201 3
646 2596 2201 3
647 2635 2201 3
648 2635 2201 3
649 2635 2201 3
650 2715 2201 3
651 2635 2201 3
652 2774 2201 3
653 2827 2201 3
654 2821 2201 3
655 2971 2201 3
656 2932 2201 3
657 2914 2201 3
658 2932 2201 3
659 2914 2201 3
660 2932 2201 3
661 2964 2201 3
662 2937 2201 3
663 2947 2201 3
664 2937 2201 3
665 2947 2201 3
666 2761 2201 3
667 2751 2201 3
668 2761 2201 3
669 2790 2201 3
670 2761 2201 3
671 2776 2201 3
672 2649 2201 3
673 2664 2201 3
674 2649 2201 3
675 2584 2201 3
676 2561 2201 3
677 2542 2201 3
678 2543 2201 3
679 2542 2201 3
680 2543 2201 3
681 2505 2201 3
682 2452 2201 3
683 2448 2201 3
684 2449 2201 3
685 2448 2201 3
686 2449 2201 3
687 2448 2201 3
688 2449 2201 3
689 2464 2201 3
690 2449 2201 3
691 2464 2201 3
692 2492 2201 3
693 2491 2201 3
694 2476 2201 3
695 2448 2201 3
696 2470 2201 3
697 2448 2201 3
698 2452 2201 3
699 2448 2201 3
700 2452 2201 3
701 2502 2201 3
702 2604 2201 3
703 2676 2201 3
704 2604 2201 3
705 2676 2201 3
706 2623 2201 3
707 2502 2201 3
708 2623 2201 3
709 2696 2201 3
710 2831 2201 3
711 2867 2201 3
712 2831 2201 3
713 2867 2201 3
714 3005 2201 3
715 2746 2201 3
716 2710 2201 3
717 2739 2201 3
718 2710 2201 3
719 2746 2201 3
720 2710 2201 3
721 2746 2201 3
722 2865 2201 3
723 2837 2201 3
724 2843 2201 3
725 2865 2201 3
726 2921 2201 3
727 2985 2201 3
728 2921 2201 3
729 3062 2201 3
730 2921 2201 3
731 3062 2201 3
732 3054 2201 3
733 3233 2201 3
734 3238 2201 3
735 3363 2201 3
736 3498 2201 3
737 3493 2201 3
738 3569 2201 3
739 3587 2201 3
740 3569 2201 3
741 3621 2201 3
742 3615 2201 3
743 3513 2201 3
744 3587 2201 3
745 3708 2201 3
746 3608 2201 3
747 3564 2201 3
748 3443 2201 3
749 3393 2201 3
750 3258 2201 3
751 3176 2201 3
752 3063 2201 3
753 3036 2201 3
754 3011 2201 3
755 2709 2201 3
756 2710 2201 3
757 2688 2201 3
758 2688 2201 3
759 2689 2201 3
760 2688 2201 3
761 2705 2201 3
762 2704 2201 3
763 2704 2201 3
764 2704 2201 3
765 2717 2201 3
766 2746 2201 3
767 2796 2201 3
768 2651 2201 3
769 2601 2201 3
770 2572 2201 3
771 2572 2201 3
772 2589 2201 3
773 2588 2201 3
774 2588 2201 3
775 2588 2201 3
776 2594 2201 3
777 2621 2201 3
778 2594 2201 3
779 2621 2201 3
780 2617 2201 3
781 2590 2201 3
782 2568 2201 3
783 2568 2201 3
784 2585 2201 3
785 2584 2201 3
786 2584 2201 3
787 2584 2201 3
788 2590 2201 3
789 2617 2201 3
790 2590 2201 3
791 2617 2201 3
792 2670 2201 3
793 2617 2201 3
794 2686 2201 3
795 2682 2201 3
796 2594 2201 3
797 2595 2201 3
798 2368 2201 3
799 2417 2201 3
800 2368 2201 3
801 2417 2201 3
802 2368 2201 3
803 2421 2201 3
804 2368 2201 3
805 2446 2201 3
806 2374 2201 3
807 2375 2201 3
808 2374 2201 3
809 2473 2201 3
810 2592 2201 3
811 2596 2201 3
812 2696 2201 3
813 2865 2201 3
814 2696 2201 3
Customer 1: 21
B1 ID: 39 D1 ID: 38
Customer 2: 14
B2 ID: 19 D2 ID: 18
-----
Route 1 Before: 50,39,17,13,27,11,4,22,48,23,9,50
Route 2 Before: 50,35,6,46,1,3,0,7,41,8,19,50
-----
---------
Route 1 After: 50,38,17,13,27,11,4,22,48,23,9,50
Route 2 After: 50,35,6,46,1,3,0,7,41,8,18,50
---------
Priority swap cost contribution: 173
815 2869 2201 3
Customer 1: 24
B1 ID: 48 D1 ID: 49
Customer 2: 15
B2 ID: 22 D2 ID: 21
-----
Route 1 Before: 50,38,17,13,27,11,4,22,48,23,9,50
Route 2 Before: 50,38,17,13,27,11,4,22,48,23,9,50
-----
---------
Route 1 After: 50,38,17,13,27,11,4,21,49,23,9,50
Route 2 After: 50,38,17,13,27,11,4,21,49,23,9,50
---------
Priority swap cost contribution: 167
816 3036 2201 3
817 2850 2201 3
818 2918 2201 3
819 2850 2201 3
820 2918 2201 3
821 2918 2201 3
822 2821 2201 3
823 2922 2201 3
824 3058 2201 3
825 2841 2201 3
826 2681 2201 3
827 2582 2201 3
828 2480 2201 3
829 2482 2201 3
830 2480 2201 3
831 2488 2201 3
832 2509 2201 3
833 2488 2201 3
834 2509 2201 3
835 2488 2201 3
836 2520 2201 3
837 2535 2201 3
838 2588 2201 3
839 2535 2201 3
840 2595 2201 3
841 2470 2201 3
842 2491 2201 3
843 2470 2201 3
844 2523 2201 3
845 2470 2201 3
846 2572 2201 3
847 2572 2201 3
848 2593 2201 3
849 2452 2201 3
850 2431 2201 3
851 2431 2201 3
852 2356 2201 3
853 2348 2201 3
854 2356 2201 3
855 2377 2201 3
856 2430 2201 3
857 2377 2201 3
858 2478 2201 3
859 2592 2201 3
860 2470 2201 3
861 2377 2201 3
862 2452 2201 3
863 2423 2201 3
864 2348 2201 3
865 2356 2201 3
866 2409 2201 3
867 2356 2201 3
868 2431 2201 3
869 2431 2201 3
870 2527 2201 3
871 2527 2201 3
872 2541 2201 3
873 2521 2201 3
874 2449 2201 3
875 2440 2201 3
876 2365 2201 3
877 2434 2201 3
878 2512 2201 3
879 2440 2201 3
880 2441 2201 3
881 2449 2201 3
882 2440 2201 3
883 2463 2201 3
884 2493 2201 3
885 2640 2201 3
886 2679 2201 3
887 2575 2201 3
888 2683 2201 3
889 2575 2201 3
890 2683 2201 3
891 2757 2201 3
892 2881 2201 3
893 2904 2201 3
894 3073 2201 3
895 3184 2201 3
896 3323 2201 3
897 3495 2201 3
898 3529 2201 3
899 3666 2201 3
900 3409 2201 3
901 3270 2201 3
902 3133 2201 3
903 2875 2201 3
904 2764 2201 3
905 2595 2201 3
906 2548 2201 3
907 2545 2201 3
908 2506 2201 3
909 2457 2201 3
910 2388 2201 3
911 2441 2201 3
912 2388 2201 3
913 2457 2201 3
914 2506 2201 3
915 2463 2201 3
916 2388 2201 3
917 2463 2201 3
918 2464 2201 3
919 2472 2201 3
920 2463 2201 3
921 2388 2201 3
922 2463 2201 3
923 2388 2201 3
924 2463 2201 3
925 2493 2201 3
926 2463 2201 3
927 2506 2201 3
928 2545 2201 3
929 2653 2201 3
930 2545 2201 3
931 2653 2201 3
932 2675 2201 3
933 2749 2201 3
934 2767 2201 3
935 2759 2201 3
936 2519 2201 3
937 2423 2201 3
938 2423 2201 3
939 2348 2201 3
940 2356 2201 3
941 2377 2201 3
942 2452 2201 3
943 2423 2201 3
944 2437 2201 3
945 2388 2201 3
946 2417 2201 3
947 2388 2201 3
948 2437 2201 3
949 2423 2201 3
950 2488 2201 3
951 2473 2201 3
952 2499 2201 3
953 2648 2201 3
954 2767 2201 3
955 2740 2201 3
956 2846 2201 3
957 2992 2201 3
958 2846 2201 3
959 2992 2201 3
960 2970 2201 3
961 2998 2201 3
962 2990 2201 3
963 2990 2201 3
964 2719 2201 3
965 2830 2201 3
966 2719 2201 3
967 2858 2201 3
968 3016 2201 3
969 2858 2201 3
970 3052 2201 3
971 3051 2201 3
972 3251 2201 3
973 3189 2201 3
974 3176 2201 3
975 3021 2201 3
976 2881 2201 3
977 2828 2201 3
978 2777 2201 3
979 2763 2201 3
980 2734 2201 3
981 2701 2201 3
982 2673 2201 3
983 2615 2201 3
984 2615 2201 3
985 2584 2201 3
986 2584 2201 3
987 2584 2201 3
988 2600 2201 3
989 2584 2201 3
990 2603 2201 3
991 2632 2201 3
992 2665 2201 3
993 2632 2201 3
994 2668 2201 3
995 2641 2201 3
996 2668 2201 3
997 2632 2201 3
998 2754 2201 3
999 2702 2201 3
1000 2725 2201 3
1001 2702 2201 3
1002 2725 2201 3
1003 2730 2201 3
1004 2719 2201 3
1005 2732 2201 3
1006 2746 2201 3
1007 2732 2201 3
1008 2746 2201 3
1009 2773 2201 3
1010 2746 2201 3
1011 2801 2201 3
1012 2746 2201 3
1013 2862 2201 3
1014 2860 2201 3
1015 2958 2201 3
1016 2733 2201 3
1017 2719 2201 3
1018 2730 2201 3
1019 2782 2201 3
1020 2730 2201 3
1021 2797 2201 3
1022 2781 2201 3
1023 2841 2201 3
1024 2870 2201 3
1025 2897 2201 3
1026 2905 2201 3
1027 3035 2201 3
1028 2975 2201 3
1029 2878 2201 3
1030 2958 2201 3
1031 3001 2201 3
1032 2987 2201 3
1033 2729 2201 3
1034 2510 2201 3
1035 2354 2201 3
1036 2354 2201 3
1037 2354 2201 3
1038 2354 2201 3
1039 2360 2201 3
1040 2381 2201 3
1041 2410 2201 3
1042 2410 2201 3
1043 2383 2201 3
1044 2410 2201 3
1045 2410 2201 3
1046 2381 2201 3
1047 2434 2201 3
1048 2381 2201 3
1049 2459 2201 3
1050 2381 2201 3
1051 2354 2201 3
1052 2360 2201 3
1053 2381 2201 3
1054 2410 2201 3
1055 2381 2201 3
1056 2434 2201 3
1057 2381 2201 3
1058 2459 2201 3
1059 2413 2201 3
1060 2384 2201 3
1061 2383 2201 3
1062 2354 2201 3
1063 2381 2201 3
1064 2459 2201 3
1065 2430 2201 3
1066 2384 2201 3
1067 2398 2201 3
1068 2277 2201 3
1069 2285 2201 3
1070 2277 2201 3
1072 2277 2201 3
1073 2306 2201 3
1074 2359 2201 3
1075 2306 2201 3
1077 2497 2201 3
1078 2482 2201 3
1079 2511 2201 3
1080 2613 2201 3
1081 2698 2201 3
1082 2544 2201 3
1083 2671 2201 3
1084 2544 2201 3
1085 2688 2201 3
1086 2780 2201 3
1087 2633 2201 3
1088 2843 2201 3
1089 2633 2201 3
1090 2843 2201 3
1091 2816 2201 3
1092 2603 2201 3
1093 2603 2201 3
1094 2796 2201 3
1095 2776 2201 3
1096 2922 2201 3
1097 2776 2201 3
1098 2922 2201 3
1099 2795 2201 3
1100 2988 2201 3
1101 3132 2201 3
1102 2988 2201 3
1103 3225 2201 3
1104 3285 2201 3
1105 3285 2201 3
1106 3366 2201 3
1107 3334 2201 3
1109 3304 2201 3
1110 3087 2201 3
1111 2897 2201 3
1112 2916 2201 3
1113 3018 2201 3
1114 2916 2201 3
1115 3060 2201 3
1116 3171 2201 3
1117 3078 2201 3
1118 2994 2201 3
1119 2962 2201 3
1120 3017 2201 3
1121 3139 2201 3
1122 3167 2201 3
1123 3139 2201 3
1124 3167 2201 3
1125 2898 2201 3
1126 2824 2201 3
1127 2769 2201 3
1128 2741 2201 3
1130 2731 2201 3
1131 2718 2201 3
1132 2666 2201 3
1133 2650 2201 3
1134 2650 2201 3
1135 2650 2201 3
1136 2662 2201 3
1137 2650 2201 3
1138 2662 2201 3
1139 2676 2201 3
1140 2699 2201 3
1141 2676 2201 3
1142 2731 2201 3
1143 2676 2201 3
1144 2731 2201 3
1145 2676 2201 3
1146 2753 2201 3
1147 2775 2201 3
1148 2753 2201 3
1149 2676 2201 3
1150 2758 2201 3
1151 2640 2201 3
1152 2622 2201 3
1153 2608 2201 3
1154 2606 2201 3
1155 2606 2201 3
1156 2606 2201 3
1157 2606 2201 3
1158 2606 2201 3
1159 2606 2201 3
1160 2608 2201 3
1161 2622 2201 3
1162 2608 2201 3
1163 2625 2201 3
1164 2624 2201 3
1165 2637 2201 3
1166 2624 2201 3
1167 2637 2201 3
1168 2655 2201 3
1169 2693 2201 3
1170 2655 2201 3
1171 2693 2201 3
1172 2763 2201 3
1173 2767 2201 3
1174 2754 2201 3
1175 2773 2201 3
1176 2815 2201 3
1177 2904 2201 3
1178 2905 2201 3
1179 2909 2201 3
1180 2904 2201 3
1181 2877 2201 3
1182 2769 2201 3
1183 2631 2201 3
1184 2449 2201 3
1185 2443 2201 3
1186 2470 2201 3
1187 2499 2201 3
1188 2452 2201 3
1189 2377 2201 3
1190 2348 2201 3
1191 2356 2201 3
1192 2377 2201 3
1193 2430 2201 3
1194 2377 2201 3
1195 2452 2201 3
1196 2452 2201 3
1197 2423 2201 3
1198 2423 2201 3
1199 2348 2201 3
1200 2356 2201 3
1201 2348 2201 3
1202 2377 2201 3
1203 2430 2201 3
1204 2377 2201 3
1205 2452 2201 3
1206 2377 2201 3
1207 2452 2201 3
1208 2452 2201 3
1209 2423 2201 3
1210 2482 2201 3
1211 2452 2201 3
1212 2377 2201 3
1213 2452 2201 3
1214 2377 2201 3
1215 2478 2201 3
1216 2377 2201 3
1217 2491 2201 3
1218 2470 2201 3
1219 2356 2201 3
1220 2409 2201 3
1221 2356 2201 3
1222 2431 2201 3
1223 2356 2201 3
1224 2431 2201 3
1225 2431 2201 3
1226 2431 2201 3
1227 2445 2201 3
1228 2396 2201 3
1229 2445 2201 3
1230 2431 2201 3
1231 2445 2201 3
1232 2449 2201 3
1233 2440 2201 3
1234 2483 2201 3
1235 2591 2201 3
1236 2483 2201 3
1237 2591 2201 3
1238 2665 2201 3
1239 2683 2201 3
1240 2665 2201 3
1241 2705 2201 3
1242 2751 2201 3
1243 2533 2201 3
1244 2682 2201 3
1245 2533 2201 3
1246 2682 2201 3
1247 2673 2201 3
1248 2600 2201 3
1249 2653 2201 3
1250 2822 2201 3
1251 2653 2201 3
1252 2869 2201 3
1253 2653 2201 3
1254 2884 2201 3
1255 2878 2201 3
1256 2653 2201 3
1257 2777 2201 3
1258 2653 2201 3
1259 2777 2201 3
1260 2885 2201 3
1261 2887 2201 3
1262 2832 2201 3
1263 2859 2201 3
1264 2832 2201 3
1265 2859 2201 3
1266 2832 2201 3
1267 3079 2201 3
1268 2806 2201 3
1269 2811 2201 3
1270 2834 2201 3
1271 2811 2201 3
1272 2834 2201 3
1273 2838 2201 3
1274 2811 2201 3
1275 2660 2201 3
1276 2646 2201 3
1277 2647 2201 3
1278 2643 2201 3
1279 2638 2201 3
1280 2638 2201 3
1282 2638 2201 3
1283 2638 2201 3
1284 2652 2201 3
1285 2638 2201 3
1286 2653 2201 3
1287 2667 2201 3
1288 2683 2201 3
1289 2740 2201 3
1290 2721 2201 3
1291 2748 2201 3
1292 2719 2201 3
1293 2665 2201 3
1294 2638 2201 3
1295 2665 2201 3
1296 2670 2201 3
1297 2600 2201 3
1298 2348 2201 3
1299 2356 2201 3
1300 2348 2201 3
1301 2377 2201 3
1302 2430 2201 3
1303 2377 2201 3
1304 2452 2201 3
1305 2377 2201 3
1306 2452 2201 3
1307 2452 2201 3
1308 2548 2201 3
1309 2548 2201 3
1310 2518 2201 3
1311 2440 2201 3
1312 2469 2201 3
1313 2440 2201 3
1314 2469 2201 3
1315 2483 2201 3
1316 2434 2201 3
1317 2365 2201 3
1318 2418 2201 3
1319 2365 2201 3
1320 2434 2201 3
1321 2582 2201 3
1322 2568 2201 3
1323 2582 2201 3
1324 2568 2201 3
1325 2676 2201 3
1326 2703 2201 3
1327 2795 2201 3
1328 2933 2201 3
1329 2936 2201 3
1330 2800 2201 3
1331 2909 2201 3
1332 2777 2201 3
1333 2798 2201 3
1334 2647 2201 3
1335 2617 2201 3
1336 2618 2201 3
1337 2617 2201 3
1338 2626 2201 3
1339 2647 2201 3
1340 2723 2201 3
1341 2864 2201 3
1342 3013 2201 3
1343 2907 2201 3
1344 3013 2201 3
1345 3182 2201 3
1346 3013 2201 3
1347 3206 2201 3
1348 3100 2201 3
1349 3206 2201 3
1350 3013 2201 3
1351 2886 2201 3
1352 2877 2201 3
1353 2838 2201 3
1354 2746 2201 3
1355 2799 2201 3
1356 2746 2201 3
1357 2800 2201 3
1358 2819 2201 3
1359 2868 2201 3
1360 2729 2201 3
1361 2506 2201 3
1362 2457 2201 3
1363 2388 2201 3
1364 2441 2201 3
1365 2388 2201 3
1366 2457 2201 3
1367 2506 2201 3
1368 2463 2201 3
1369 2388 2201 3
1370 2463 2201 3
1371 2464 2201 3
1372 2472 2201 3
1373 2463 2201 3
1374 2388 2201 3
1375 2463 2201 3
1376 2388 2201 3
1377 2463 2201 3
1378 2493 2201 3
1379 2463 2201 3
1380 2506 2201 3
1381 2545 2201 3
1382 2506 2201 3
1383 2545 2201 3
1384 2548 2201 3
1385 2650 2201 3
1386 2789 2201 3
1387 2903 2201 3
1388 3061 2201 3
1389 2868 2201 3
1390 2634 2201 3
1391 2485 2201 3
1392 2383 2201 3
1393 2383 2201 3
1394 2354 2201 3
1395 2354 2201 3
1396 2354 2201 3
1397 2360 2201 3
1398 2354 2201 3
1399 2381 2201 3
1400 2459 2201 3
1401 2430 2201 3
1402 2384 2201 3
1403 2398 2201 3
1404 2277 2201 3
1405 2285 2201 3
1406 2277 2201 3
1407 2306 2201 3
1408 2359 2201 3
1409 2306 2201 3
1410 2375 2201 3
1411 2306 2201 3
1412 2375 2201 3
1413 2348 2201 3
1414 2277 2201 3
1415 2306 2201 3
1416 2381 2201 3
1417 2381 2201 3
1418 2525 2201 3
1419 2694 2201 3
1420 2525 2201 3
1421 2748 2201 3
1422 2856 2201 3
1423 2878 2201 3
1424 2999 2201 3
1425 2754 2201 3
1426 2735 2201 3
1427 2604 2201 3
1428 2504 2201 3
1429 2360 2201 3
1430 2360 2201 3
1431 2285 2201 3
1432 2277 2201 3
1433 2277 2201 3
1434 2277 2201 3
1435 2285 2201 3
1436 2306 2201 3
1437 2359 2201 3
1438 2306 2201 3
1439 2375 2201 3
1440 2348 2201 3
1441 2277 2201 3
1442 2306 2201 3
1443 2375 2201 3
1444 2424 2201 3
1445 2381 2201 3
1446 2381 2201 3
1447 2352 2201 3
1448 2496 2201 3
1449 2352 2201 3
1450 2499 2201 3
1451 2485 2201 3
1452 2499 2201 3
1453 2637 2201 3
1454 2806 2201 3
1455 2637 2201 3
1456 2827 2201 3
1457 2839 2201 3
1458 2737 2201 3
1459 2711 2201 3
1460 2784 2201 3
1461 2711 2201 3
1462 2800 2201 3
1463 2675 2201 3
1464 2705 2201 3
1465 2807 2201 3
1466 2795 2201 3
1467 2807 2201 3
1468 2900 2201 3
1469 2944 2201 3
1470 2900 2201 3
1471 2944 2201 3
1472 3063 2201 3
1473 2898 2201 3
1474 2877 2201 3
1475 2913 2201 3
1476 2877 2201 3
1477 2939 2201 3
1478 3009 2201 3
1479 3010 2201 3
1480 2943 2201 3
1481 3010 2201 3
1482 3010 2201 3
1483 2877 2201 3
1484 2987 2201 3
1485 2973 2201 3
1486 2994 2201 3
1487 3109 2201 3
1488 2994 2201 3
1489 3109 2201 3
1490 3057 2201 3
1491 3034 2201 3
1492 3057 2201 3
1493 3034 2201 3
1494 3114 2201 3
1495 3142 2201 3
1496 3182 2201 3
1497 3142 2201 3
1498 3202 2201 3
1499 3220 2201 3
1500 2962 2201 3
1501 2904 2201 3
1502 2731 2201 3
1503 2568 2201 3
1504 2538 2201 3
1505 2523 2201 3
1506 2524 2201 3
1507 2523 2201 3
1508 2537 2201 3
1509 2523 2201 3
1510 2538 2201 3
1511 2523 2201 3
1512 2538 2201 3
1513 2538 2201 3
1514 2356 2201 3
1515 2348 2201 3
1516 2356 2201 3
1517 2377 2201 3
1518 2430 2201 3
1519 2377 2201 3
1520 2452 2201 3
1521 2377 2201 3
1522 2452 2201 3
1523 2423 2201 3
1524 2348 2201 3
1525 2377 2201 3
1526 2478 2201 3
1527 2592 2201 3
1528 2621 2201 3
1529 2746 2201 3
1530 2772 2201 3
1531 2746 2201 3
1532 2802 2201 3
1533 2875 2201 3
1534 2875 2201 3
1535 3024 2201 3
1536 2852 2201 3
1537 2974 2201 3
1538 2852 2201 3
1539 2974 2201 3
1540 3065 2201 3
1541 2967 2201 3
1542 2994 2201 3
1543 2993 2201 3
1544 2915 2201 3
1545 2891 2201 3
1546 2915 2201 3
1547 2944 2201 3
1548 2946 2201 3
1549 2903 2201 3
1550 2828 2201 3
1551 2903 2201 3
1552 2828 2201 3
1553 2942 2201 3
1554 2972 2201 3
1555 2792 2201 3
1556 2599 2201 3
1557 2688 2201 3
1558 2778 2201 3
1559 2688 2201 3
1560 2778 2201 3
1561 2759 2201 3
1562 2831 2201 3
1563 2759 2201 3
1564 2831 2201 3
1565 2759 2201 3
1566 2841 2201 3
1568 2863 2201 3
1569 2837 2201 3
1570 2943 2201 3
1571 2994 2201 3
1572 2977 2201 3
1573 3092 2201 3
1574 3178 2201 3
1575 2947 2201 3
1576 2898 2201 3
1577 2880 2201 3
1578 2893 2201 3
1579 2880 2201 3
1580 2897 2201 3
1581 2915 2201 3
1582 2922 2201 3
1584 2894 2201 3
1585 2793 2201 3
1586 2773 2201 3
1587 2754 2201 3
1588 2737 2201 3
1589 2754 2201 3
1590 2773 2201 3
1591 2793 2201 3
1592 2779 2201 3
1593 2780 2201 3
1594 2779 2201 3
1595 2793 2201 3
1596 2773 2201 3
1597 2802 2201 3
1598 2711 2201 3
1599 2566 2201 3
1600 2537 2201 3
1601 2518 2201 3
1602 2537 2201 3
1603 2557 2201 3
1604 2537 2201 3
1605 2558 2201 3
1606 2587 2201 3
1607 2558 2201 3
1608 2587 2201 3
1609 2659 2201 3
1610 2746 2201 3
1611 2659 2201 3
1612 2746 2201 3
1613 2845 2201 3
1614 2783 2201 3
1616 2762 2201 3
1617 2654 2201 3
1618 2582 2201 3
1619 2590 2201 3
1620 2582 2201 3
1621 2590 2201 3
1622 2593 2201 3
1623 2582 2201 3
1624 2590 2201 3
1625 2611 2201 3
1626 2590 2201 3
1627 2582 2201 3
1628 2582 2201 3
1629 2480 2201 3
1630 2482 2201 3
1631 2480 2201 3
1632 2488 2201 3
1633 2509 2201 3
1634 2488 2201 3
1635 2509 2201 3
1636 2488 2201 3
1637 2520 2201 3
1638 2535 2201 3
1639 2684 2201 3
1640 2736 2201 3
1641 2826 2201 3
1642 2592 2201 3
1643 2470 2201 3
1644 2491 2201 3
1645 2470 2201 3
1646 2572 2201 3
1647 2470 2201 3
1648 2572 2201 3
1649 2470 2201 3
1650 2491 2201 3
1651 2377 2201 3
1652 2348 2201 3
1653 2356 2201 3
1654 2377 2201 3
1655 2430 2201 3
1656 2377 2201 3
1657 2452 2201 3
1658 2377 2201 3
1659 2452 2201 3
1660 2452 2201 3
1661 2453 2201 3
1663 2377 2201 3
1664 2478 2201 3
1665 2377 2201 3
1666 2491 2201 3
1667 2356 2201 3
1668 2409 2201 3
1669 2356 2201 3
1670 2431 2201 3
1671 2356 2201 3
1672 2431 2201 3
1673 2431 2201 3
1674 2600 2201 3
1675 2431 2201 3
1676 2631 2201 3
1677 2431 2201 3
1678 2662 2201 3
1679 2813 2201 3
1680 2826 2201 3
1681 2822 2201 3
1682 3010 2201 3
1683 3016 2201 3
1684 3043 2201 3
1685 3167 2201 3
1686 3015 2201 3
1687 2988 2201 3
1688 3015 2201 3
1689 3137 2201 3
1690 3141 2201 3
1691 3026 2201 3
1692 3094 2201 3
1693 3074 2201 3
1694 2963 2201 3
1695 2950 2201 3
1696 2927 2201 3
1697 2950 2201 3
1698 2927 2201 3
1699 2955 2201 3
1700 2950 2201 3
1701 2955 2201 3
1702 2995 2201 3
1703 2891 2201 3
1704 2906 2201 3
1705 2904 2201 3
1706 2906 2201 3
1707 2964 2201 3
1708 3037 2201 3
1709 2964 2201 3
1710 3037 2201 3
1711 2964 2201 3
1712 3064 2201 3
1713 2964 2201 3
1714 3064 2201 3
1715 3006 2201 3
1716 3020 2201 3
1717 3043 2201 3
1718 3082 2201 3
1719 3149 2201 3
1720 3146 2201 3
1721 3157 2201 3
1722 3153 2201 3
1723 3167 2201 3
1724 3189 2201 3
1725 2882 2201 3
1726 2855 2201 3
1727 2715 2201 3
1728 2607 2201 3
1729 2554 2201 3
1730 2545 2201 3
1731 2506 2201 3
1732 2457 2201 3
1733 2388 2201 3
1734 2441 2201 3
1735 2388 2201 3
1737 2388 2201 3
1738 2457 2201 3
1739 2506 2201 3
1740 2463 2201 3
1741 2388 2201 3
1742 2463 2201 3
1743 2464 2201 3
1744 2472 2201 3
1745 2463 2201 3
1746 2388 2201 3
1747 2463 2201 3
1748 2388 2201 3
1749 2463 2201 3
1750 2493 2201 3
1751 2463 2201 3
1752 2506 2201 3
1753 2545 2201 3
1754 2548 2201 3
1755 2650 2201 3
1756 2773 2201 3
1757 2829 2201 3
1758 2935 2201 3
1759 3080 2201 3
1760 3024 2201 3
1761 3035 2201 3
1762 3062 2201 3
1763 3093 2201 3
1764 3031 2201 3
1765 3066 2201 3
1766 3101 2201 3
1767 3066 2201 3
1768 3031 2201 3
1769 3066 2201 3
1770 3101 2201 3
1771 3235 2201 3
1772 2990 2201 3
1773 2976 2201 3
1774 2990 2201 3
1775 2976 2201 3
1776 2990 2201 3
1777 2989 2201 3
1778 2946 2201 3
1779 3087 2201 3
1780 3237 2201 3
1781 3011 2201 3
1782 2788 2201 3
1783 2647 2201 3
1784 2618 2201 3
1785 2632 2201 3
1786 2618 2201 3
1787 2719 2201 3
1788 2746 2201 3
1789 2854 2201 3
1790 2738 2201 3
1791 2812 2201 3
1792 2729 2201 3
1793 2580 2201 3
1794 2594 2201 3
1795 2580 2201 3
1796 2679 2201 3
1797 2735 2201 3
1798 2679 2201 3
1799 2738 2201 3
1800 2580 2201 3
1801 2568 2201 3
1802 2569 2201 3
1803 2566 2201 3
1804 2569 2201 3
1805 2568 2201 3
1806 2569 2201 3
1807 2566 2201 3
1808 2578 2201 3
1809 2566 2201 3
1810 2578 2201 3
1811 2592 2201 3
1812 2645 2201 3
1813 2592 2201 3
1814 2645 2201 3
1815 2592 2201 3
1816 2645 2201 3
1817 2631 2201 3
1818 2630 2201 3
1819 2467 2201 3
1820 2452 2201 3
1821 2453 2201 3
1822 2452 2201 3
1823 2453 2201 3
1824 2452 2201 3
1825 2467 2201 3
1826 2467 2201 3
1827 2285 2201 3
1828 2277 2201 3
1829 2306 2201 3
1830 2359 2201 3
1831 2306 2201 3
1832 2375 2201 3
1833 2306 2201 3
1834 2381 2201 3
1835 2352 2201 3
1836 2277 2201 3
1837 2306 2201 3
1838 2375 2201 3
1839 2424 2201 3
1840 2381 2201 3
1841 2381 2201 3
1842 2382 2201 3
1843 2360 2201 3
1844 2381 2201 3
1845 2470 2201 3
1846 2502 2201 3
1847 2517 2201 3
1848 2502 2201 3
1849 2517 2201 3
1850 2548 2201 3
1851 2452 2201 3
1852 2551 2201 3
1853 2692 2201 3
1854 2843 2201 3
1855 3012 2201 3
1856 2957 2201 3
1857 3182 2201 3
1858 3193 2201 3
1859 3220 2201 3
1860 3342 2201 3
1861 3220 2201 3
1862 3342 2201 3
1863 3280 2201 3
1864 3350 2201 3
1865 3358 2201 3
1866 3515 2201 3
1867 3493 2201 3
1868 3487 2201 3
1869 3487 2201 3
1870 3503 2201 3
1871 3426 2201 3
1872 3418 2201 3
1873 3400 2201 3
1874 3410 2201 3
1875 3152 2201 3
1876 2941 2201 3
1877 2802 2201 3
1878 2786 2201 3
1879 2786 2201 3
1880 2790 2201 3
1881 2786 2201 3
1882 2797 2201 3
1883 2786 2201 3
1884 2803 2201 3
1885 2786 2201 3
1886 2809 2201 3
1887 2786 2201 3
1888 2815 2201 3
1889 2815 2201 3
1890 2845 2201 3
1891 2883 2201 3
1892 2910 2201 3
1893 2965 2201 3
1894 2796 2201 3
1895 2756 2201 3
1896 2701 2201 3
1897 2688 2201 3
1898 2688 2201 3
1899 2672 2201 3
1900 2672 2201 3
1901 2676 2201 3
1902 2643 2201 3
1903 2643 2201 3
1904 2650 2201 3
1905 2662 2201 3
1906 2650 2201 3
1907 2662 2201 3
1908 2676 2201 3
1909 2699 2201 3
1910 2676 2201 3
1911 2731 2201 3
1912 2676 2201 3
1913 2731 2201 3
1914 2770 2201 3
1915 2747 2201 3
1916 2692 2201 3
1917 2774 2201 3
1918 2656 2201 3
1919 2638 2201 3
1920 2622 2201 3
1921 2608 2201 3
1922 2606 2201 3
1923 2606 2201 3
1924 2606 2201 3
1925 2608 2201 3
1926 2622 2201 3
1927 2608 2201 3
1928 2624 2201 3
1929 2637 2201 3
1930 2655 2201 3
1931 2693 2201 3
1932 2655 2201 3
1933 2693 2201 3
1934 2763 2201 3
1935 2767 2201 3
1936 2763 2201 3
1937 2767 2201 3
1938 2786 2201 3
1939 2781 2201 3
1940 2861 2201 3
1941 2781 2201 3
1942 2767 2201 3
1943 2773 2201 3
1944 2803 2201 3
1945 2693 2201 3
1946 2665 2201 3
1947 2642 2201 3
1948 2655 2201 3
1949 2642 2201 3
1950 2622 2201 3
1951 2606 2201 3
1952 2606 2201 3
1953 2608 2201 3
1954 2606 2201 3
1955 2620 2201 3
1956 2606 2201 3
1957 2623 2201 3
1958 2606 2201 3
1959 2623 2201 3
1960 2622 2201 3
1961 2635 2201 3
1962 2622 2201 3
1963 2642 2201 3
1964 2665 2201 3
1965 2642 2201 3
1966 2731 2201 3
1967 2789 2201 3
1968 2731 2201 3
1969 2789 2201 3
1970 2732 2201 3
1971 2642 2201 3
1972 2732 2201 3
1973 2753 2201 3
1974 2622 2201 3
1975 2652 2201 3
1976 2734 2201 3
1977 2756 2201 3
1978 2734 2201 3
1979 2756 2201 3
1980 2794 2201 3
1981 2894 2201 3
1982 2794 2201 3
1983 2896 2201 3
1984 2885 2201 3
1985 2792 2201 3
1986 2791 2201 3
1987 2652 2201 3
1988 2622 2201 3
1989 2624 2201 3
1990 2642 2201 3
1991 2680 2201 3
1992 2642 2201 3
1993 2680 2201 3
1994 2731 2201 3
1995 2744 2201 3
1996 2766 2201 3
1997 2708 2201 3
1998 2662 2201 3
1999 2647 2201 3
2000 2662 2201 3
2001 2647 2201 3
2002 2662 2201 3
2003 2678 2201 3
2004 2736 2201 3
2005 2788 2201 3
2006 2892 2201 3
2007 2840 2201 3
2008 2838 2201 3
2009 2840 2201 3
2010 2892 2201 3
2011 2929 2201 3
2012 2893 2201 3
2013 2871 2201 3
2014 2573 2201 3
2015 2544 2201 3
2016 2544 2201 3
2017 2558 2201 3
2018 2520 2201 3
2019 2467 2201 3
2020 2452 2201 3
2021 2453 2201 3
2022 2452 2201 3
2023 2453 2201 3
2024 2452 2201 3
2025 2453 2201 3
2026 2452 2201 3
2027 2453 2201 3
2028 2452 2201 3
2029 2453 2201 3
2030 2468 2201 3
2031 2453 2201 3
2032 2468 2201 3
2033 2467 2201 3
2034 2285 2201 3
2035 2277 2201 3
2036 2306 2201 3
2037 2359 2201 3
2038 2306 2201 3
2039 2375 2201 3
2040 2306 2201 3
2041 2381 2201 3
2043 2352 2201 3
2044 2361 2201 3
2045 2352 2201 3
2046 2382 2201 3
2047 2381 2201 3
2048 2306 2201 3
2049 2375 2201 3
2050 2424 2201 3
2051 2410 2201 3
2052 2381 2201 3
2053 2354 2201 3
2054 2430 2201 3
2055 2444 2201 3
2056 2533 2201 3
2057 2532 2201 3
2058 2670 2201 3
2059 2715 2201 3
2060 2631 2201 3
2061 2624 2201 3
2062 2365 2201 3
2063 2440 2201 3
2064 2365 2201 3
2065 2440 2201 3
2066 2365 2201 3
2067 2479 2201 3
2068 2600 2201 3
2069 2673 2201 3
2070 2532 2201 3
2071 2555 2201 3
2072 2594 2201 3
2073 2555 2201 3
2074 2706 2201 3
2075 2733 2201 3
2076 2706 2201 3
2077 2733 2201 3
2078 2927 2201 3
2079 2900 2201 3
2080 2927 2201 3
2081 3024 2201 3
2082 2965 2201 3
2083 2997 2201 3
2084 3023 2201 3
2085 2872 2201 3
2086 2927 2201 3
2087 2967 2201 3
2088 2934 2201 3
2089 2783 2201 3
2090 2705 2201 3
2091 2840 2201 3
2092 3009 2201 3
2093 2840 2201 3
2094 3026 2201 3
2095 2986 2201 3
2096 2800 2201 3
2097 2665 2201 3
2098 2743 2201 3
2099 2894 2201 3
2100 2700 2201 3
2101 2549 2201 3
2102 2457 2201 3
2103 2382 2201 3
2104 2435 2201 3
2105 2382 2201 3
2106 2451 2201 3
2107 2382 2201 3
2108 2457 2201 3
2109 2458 2201 3
2110 2530 2201 3
2111 2550 2201 3
2112 2560 2201 3
2113 2550 2201 3
2114 2639 2201 3
2115 2579 2201 3
2116 2678 2201 3
2117 2779 2201 3
2118 2923 2201 3
2119 3082 2201 3
2120 3065 2201 3
2121 3050 2201 3
2122 3049 2201 3
2123 3075 2201 3
2124 3030 2201 3
2125 3053 2201 3
2126 3194 2201 3
2127 3053 2201 3
2128 2978 2201 3
2129 2840 2201 3
2130 2915 2201 3
2131 2840 2201 3
2132 2978 2201 3
2133 3142 2201 3
2134 3299 2201 3
2135 3315 2201 3
2136 3202 2201 3
2137 3203 2201 3
2138 3254 2201 3
2139 3054 2201 3
2140 2996 2201 3
2141 2995 2201 3
2142 3053 2201 3
2143 2995 2201 3
2144 3053 2201 3
2145 2995 2201 3
2146 3065 2201 3
2147 3159 2201 3
2148 3065 2201 3
2149 3159 2201 3
2150 3254 2201 3
2151 3159 2201 3
2152 3261 2201 3
2153 2923 2201 3
2154 3050 2201 3
2155 2923 2201 3
2156 3092 2201 3
2157 2923 2201 3
2158 3109 2201 3
2159 2923 2201 3
2160 3148 2201 3
2161 2923 2201 3
2162 3148 2201 3
2163 3175 2201 3
2164 3256 2201 3
2165 3201 2201 3
2166 3256 2201 3
2167 3296 2201 3
2168 3051 2201 3
2169 3024 2201 3
2170 3032 2201 3
2171 3138 2201 3
2172 3016 2201 3
2173 2782 2201 3
2174 2923 2201 3
2175 2736 2201 3
2176 2595 2201 3
2177 2644 2201 3
2178 2586 2201 3
2179 2511 2201 3
2180 2543 2201 3
2181 2596 2201 3
2182 2543 2201 3
2183 2618 2201 3
2184 2582 2201 3
2185 2533 2201 3
2186 2582 2201 3
2187 2621 2201 3
2188 2582 2201 3
2189 2621 2201 3
2190 2720 2201 3
2191 2861 2201 3
2192 2720 2201 3
2193 2861 2201 3
2194 2957 2201 3
2195 3027 2201 3
2196 3128 2201 3
2197 3182 2201 3
2198 2881 2201 3
2199 2767 2201 3
2200 2574 2201 3
2201 2548 2201 3
2202 2509 2201 3
2203 2388 2201 3
2204 2441 2201 3
2205 2388 2201 3
2206 2457 2201 3
2207 2388 2201 3
2208 2463 2201 3
2209 2464 2201 3
2210 2472 2201 3
2211 2463 2201 3
2212 2388 2201 3
2213 2457 2201 3
2214 2535 2201 3
2215 2509 2201 3
2216 2548 2201 3
2217 2657 2201 3
2218 2693 2201 3
2219 2777 2201 3
2220 2913 2201 3
2221 2651 2201 3
2222 2516 2201 3
2223 2545 2201 3
2224 2506 2201 3
2225 2545 2201 3
2226 2516 2201 3
2227 2651 2201 3
2228 2772 2201 3
2229 2745 2201 3
2230 2737 2201 3
2231 2519 2201 3
2232 2423 2201 3
2233 2348 2201 3
2234 2356 2201 3
2235 2377 2201 3
2236 2452 2201 3
2237 2423 2201 3
2238 2423 2201 3
2239 2452 2201 3
2240 2452 2201 3
2241 2377 2201 3
2242 2478 2201 3
2243 2377 2201 3
2244 2491 2201 3
2246 2491 2201 3
2247 2470 2201 3
2248 2621 2201 3
2250 2470 2201 3
2251 2348 2201 3
2252 2356 2201 3
2253 2377 2201 3
2254 2430 2201 3
2255 2377 2201 3
2256 2452 2201 3
2257 2377 2201 3
2258 2478 2201 3
2259 2499 2201 3
2260 2478 2201 3
2261 2377 2201 3
2262 2356 2201 3
2263 2377 2201 3
2264 2452 2201 3
2265 2452 2201 3
2266 2548 2201 3
2267 2548 2201 3
2268 2562 2201 3
2269 2542 2201 3
2270 2470 2201 3
2271 2542 2201 3
2272 2562 2201 3
2273 2548 2201 3
2274 2678 2201 3
2275 2669 2201 3
2276 2591 2201 3
2277 2726 2201 3
2278 2591 2201 3
2279 2726 2201 3
2280 2847 2201 3
2281 2776 2201 3
2282 2749 2201 3
2283 2763 2201 3
2284 2749 2201 3
2285 2799 2201 3
2286 2648 2201 3
2287 2570 2201 3
2288 2678 2201 3
2289 2668 2201 3
2290 2678 2201 3
2291 2730 2201 3
2292 2865 2201 3
2293 3034 2201 3
2294 2979 2201 3
2295 2930 2201 3
2296 2819 2201 3
2297 2874 2201 3
2298 2819 2201 3
2300 3009 2201 3
2301 3184 2201 3
2302 3135 2201 3
2303 3107 2201 3
2304 3105 2201 3
2305 3108 2201 3
2306 3097 2201 3
2307 3059 2201 3
2308 3034 2201 3
2309 2937 2201 3
2310 2948 2201 3
2311 2937 2201 3
2312 2948 2201 3
2313 2945 2201 3
2314 2908 2201 3
2315 2937 2201 3
2316 2937 2201 3
2317 2933 2201 3
2318 2984 2201 3
2319 3046 2201 3
2320 3111 2201 3
2321 3169 2201 3
2322 3166 2201 3
2323 2966 2201 3
2324 2938 2201 3
2325 2891 2201 3
2326 2828 2201 3
2327 2805 2201 3
2328 2805 2201 3
2329 2789 2201 3
2330 2789 2201 3
2331 2790 2201 3
2332 2786 2201 3
2333 2786 2201 3
2334 2786 2201 3
2335 2790 2201 3
2336 2789 2201 3
2337 2806 2201 3
2338 2789 2201 3
2339 2812 2201 3
2340 2789 2201 3
2341 2812 2201 3
2342 2643 2201 3
2343 2643 2201 3
2344 2643 2201 3
2345 2643 2201 3
2346 2643 2201 3
2347 2650 2201 3
2348 2639 2201 3
2349 2639 2201 3
2350 2639 2201 3
2351 2639 2201 3
2352 2639 2201 3
2353 2653 2201 3
2354 2639 2201 3
2355 2653 2201 3
2356 2676 2201 3
2357 2653 2201 3
2358 2682 2201 3
2359 2682 2201 3
2360 2669 2201 3
2361 2682 2201 3
2362 2730 2201 3
2363 2785 2201 3
2364 2730 2201 3
2365 2785 2201 3
2366 2862 2201 3
2367 2734 2201 3
2368 2534 2201 3
2369 2481 2201 3
2370 2452 2201 3
2371 2452 2201 3
2372 2453 2201 3
2373 2452 2201 3
2374 2467 2201 3
2375 2452 2201 3
2376 2467 2201 3
2377 2468 2201 3
2378 2467 2201 3
2379 2277 2201 3
2380 2285 2201 3
2381 2277 2201 3
2382 2306 2201 3
2383 2359 2201 3
2384 2306 2201 3
2385 2375 2201 3
2386 2306 2201 3
2387 2381 2201 3
2388 2352 2201 3
2389 2277 2201 3
2390 2330 2201 3
2391 2277 2201 3
2392 2348 2201 3
2393 2397 2201 3
2394 2383 2201 3
2395 2354 2201 3
2396 2381 2201 3
2397 2459 2201 3
2398 2413 2201 3
2399 2427 2201 3
2400 2306 2201 3
2401 2277 2201 3
2402 2285 2201 3
2403 2306 2201 3
2404 2359 2201 3
2405 2306 2201 3
2406 2375 2201 3
2407 2348 2201 3
2408 2277 2201 3
2409 2306 2201 3
2410 2375 2201 3
2411 2424 2201 3
2412 2381 2201 3
2413 2381 2201 3
2414 2352 2201 3
2415 2441 2201 3
2416 2540 2201 3
2417 2441 2201 3
2418 2549 2201 3
2419 2441 2201 3
2420 2588 2201 3
2421 2574 2201 3
2422 2423 2201 3
2423 2522 2201 3
2424 2673 2201 3
2425 2682 2201 3
2426 2843 2201 3
2427 2814 2201 3
2428 2971 2201 3
2429 2937 2201 3
2430 2950 2201 3
2431 2972 2201 3
2432 2958 2201 3
2433 2972 2201 3
2434 3123 2201 3
2435 3055 2201 3
2437 2996 2201 3
2438 2717 2201 3
2439 2745 2201 3
2440 2651 2201 3
2441 2800 2201 3
2442 2921 2201 3
2443 2899 2201 3
2444 2881 2201 3
2445 2903 2201 3
2446 2889 2201 3
2447 2903 2201 3
2448 3072 2201 3
2449 3017 2201 3
2450 3205 2201 3
2451 3017 2201 3
2452 3247 2201 3
2453 3121 2201 3
2454 3211 2201 3
2455 3251 2201 3
2456 3256 2201 3
2457 3229 2201 3
2458 3121 2201 3
2459 3120 2201 3
2460 3210 2201 3
2461 3333 2201 3
2462 3223 2201 3
2463 3219 2201 3
2464 3223 2201 3
2465 3246 2201 3
2466 3347 2201 3
2467 3246 2201 3
2468 3347 2201 3
2469 3301 2201 3
2470 3197 2201 3
2471 3290 2201 3
2472 3197 2201 3
2473 3297 2201 3
2474 3301 2201 3
2475 3088 2201 3
2476 2910 2201 3
2477 2806 2201 3
2478 2845 2201 3
2479 2806 2201 3
2480 2859 2201 3
2481 2806 2201 3
2482 2883 2201 3
2483 2806 2201 3
2484 2899 2201 3
2485 2881 2201 3
2486 2883 2201 3
2487 2881 2201 3
2488 2911 2201 3
2489 2984 2201 3
2490 3071 2201 3
2491 2961 2201 3
2492 2888 2201 3
2493 2860 2201 3
2494 2783 2201 3
2495 2769 2201 3
2496 2783 2201 3
2497 2769 2201 3
2498 2822 2201 3
2499 2769 2201 3
2500 2822 2201 3
2501 2769 2201 3
2502 2852 2201 3
2503 2917 2201 3
2504 2852 2201 3
2505 2939 2201 3
2506 2852 2201 3
2507 2939 2201 3
2508 2968 2201 3
2509 3061 2201 3
2510 3064 2201 3
2511 3072 2201 3
2512 3064 2201 3
2513 3072 2201 3
2514 3184 2201 3
2515 3043 2201 3
2516 3035 2201 3
2517 3043 2201 3
2518 3035 2201 3
2519 3064 2201 3
2520 3035 2201 3
2521 3064 2201 3
2522 3035 2201 3
2523 3090 2201 3
2524 2929 2201 3
2525 2842 2201 3
2526 2738 2201 3
2527 2655 2201 3
2528 2669 2201 3
2529 2655 2201 3
2530 2687 2201 3
Priority 1: 0.8
Priority 2: 0.92
///////////////////
Feasible
Solution Cost: 2201
--------------
Route 0:

LOCATION | CUSTOMER
0 1000
27 18
27 21
27 2
27 19
8 12
23 23
0 1000
Max capacity: 150 Load:83
--------------
--------------
Route 1:

LOCATION | CUSTOMER
0 1000
1 5
29 4
29 15
29 11
29 10
29 17
12 16
5 9
0 1000
Max capacity: 150 Load:129
--------------
--------------
Route 2:

LOCATION | CUSTOMER
0 1000
16 20
2 6
28 1
28 3
28 0
3 7
20 22
4 8
26 13
26 14
26 24
0 1000
Max capacity: 150 Load:149
--------------
Solution Cost: 2201
Priority 1: 0.8
Priority 2: 0.92
///////////////////
Restart: 14
0 3630 1.7976931348623157E+308 0
1 3464 1.7976931348623157E+308 0
2 3250 1.7976931348623157E+308 0
3 3102 1.7976931348623157E+308 0
4 3018 1.7976931348623157E+308 0
5 2936 1.7976931348623157E+308 0
6 2815 1.7976931348623157E+308 0
7 2800 1.7976931348623157E+308 0
8 2795 1.7976931348623157E+308 0
9 2792 1.7976931348623157E+308 0
10 2795 1.7976931348623157E+308 0
11 2792 1.7976931348623157E+308 0
12 2795 1.7976931348623157E+308 0
13 2800 1.7976931348623157E+308 0
14 2821 1.7976931348623157E+308 0
15 2850 1.7976931348623157E+308 0
16 2821 1.7976931348623157E+308 0
17 2885 1.7976931348623157E+308 0
18 2821 1.7976931348623157E+308 0
19 2903 1.7976931348623157E+308 0
20 2910 1.7976931348623157E+308 0
21 3005 1.7976931348623157E+308 0
22 3007 1.7976931348623157E+308 0
23 2830 1.7976931348623157E+308 0
24 2722 1.7976931348623157E+308 0
25 2701 1.7976931348623157E+308 0
26 2709 1.7976931348623157E+308 0
27 2722 1.7976931348623157E+308 0
28 2751 1.7976931348623157E+308 0
29 2722 1.7976931348623157E+308 0
30 2751 1.7976931348623157E+308 0
31 2722 1.7976931348623157E+308 0
32 2760 1.7976931348623157E+308 0
33 2722 1.7976931348623157E+308 0
34 2791 1.7976931348623157E+308 0
35 2722 1.7976931348623157E+308 0
36 2802 1.7976931348623157E+308 0
37 2722 1.7976931348623157E+308 0
38 2709 1.7976931348623157E+308 0
39 2722 1.7976931348623157E+308 0
40 2789 1.7976931348623157E+308 0
41 2851 1.7976931348623157E+308 0
42 2789 1.7976931348623157E+308 0
43 2851 1.7976931348623157E+308 0
44 2834 1.7976931348623157E+308 0
45 2832 1.7976931348623157E+308 0
46 2677 1.7976931348623157E+308 0
47 2632 1.7976931348623157E+308 0
48 2582 1.7976931348623157E+308 0
49 2597 1.7976931348623157E+308 0
50 2626 1.7976931348623157E+308 0
51 2597 1.7976931348623157E+308 0
52 2626 1.7976931348623157E+308 0
53 2597 1.7976931348623157E+308 0
54 2651 1.7976931348623157E+308 0
55 2715 1.7976931348623157E+308 0
56 2651 1.7976931348623157E+308 0
57 2597 1.7976931348623157E+308 0
58 2661 1.7976931348623157E+308 0
59 2597 1.7976931348623157E+308 0
60 2661 1.7976931348623157E+308 0
61 2782 1.7976931348623157E+308 0
62 2877 1.7976931348623157E+308 0
63 2850 2850 3 flip
63 2850 2850 3
64 2846 2846 3 relocate
64 2846 2846 3
65 2744 2744 3 two opt
65 2744 2744 3
66 2648 2648 3 relocate
66 2648 2648 3
67 2575 2575 3 relocate
67 2575 2575 3
68 2454 2454 3 two opt
68 2454 2454 3
69 2452 2452 3 swap
69 2452 2452 3
70 2454 2452 3
71 2458 2452 3
72 2454 2452 3
73 2459 2452 3
74 2454 2452 3
75 2452 2452 3
76 2454 2452 3
77 2458 2452 3
78 2454 2452 3
79 2459 2452 3
80 2454 2452 3
81 2460 2452 3
82 2472 2452 3
83 2493 2452 3
84 2472 2452 3
85 2493 2452 3
86 2546 2452 3
87 2545 2452 3
88 2546 2452 3
89 2643 2452 3
90 2647 2452 3
91 2749 2452 3
92 2647 2452 3
93 2749 2452 3
94 2749 2452 3
95 2741 2452 3
96 2833 2452 3
97 2741 2452 3
98 2848 2452 3
99 2603 2452 3
100 2573 2452 3
101 2471 2452 3
102 2418 2418 3 swap
102 2418 2418 3
103 2417 2417 3 relocate
103 2417 2417 3
104 2418 2417 3
105 2296 2296 3 relocate
105 2296 2296 3
106 2259 2259 3 relocate
106 2259 2259 3
107 2260 2259 3
108 2280 2259 3
109 2333 2259 3
110 2280 2259 3
111 2336 2259 3
112 2280 2259 3
113 2336 2259 3
114 2336 2259 3
115 2428 2259 3
116 2408 2259 3
117 2407 2259 3
118 2524 2259 3
119 2561 2259 3
120 2524 2259 3
121 2680 2259 3
122 2536 2259 3
123 2490 2259 3
124 2331 2259 3
125 2452 2259 3
126 2331 2259 3
127 2452 2259 3
128 2473 2259 3
129 2473 2259 3
130 2494 2259 3
131 2465 2259 3
132 2494 2259 3
133 2497 2259 3
134 2586 2259 3
135 2694 2259 3
136 2586 2259 3
137 2695 2259 3
138 2461 2259 3
139 2440 2259 3
140 2435 2259 3
141 2440 2259 3
142 2447 2259 3
143 2522 2259 3
144 2447 2259 3
145 2561 2259 3
146 2447 2259 3
147 2561 2259 3
148 2663 2259 3
149 2760 2259 3
150 2660 2259 3
151 2400 2259 3
152 2351 2259 3
153 2352 2259 3
154 2351 2259 3
155 2372 2259 3
156 2421 2259 3
157 2425 2259 3
158 2369 2259 3
159 2348 2259 3
160 2349 2259 3
161 2372 2259 3
162 2349 2259 3
163 2385 2259 3
164 2438 2259 3
165 2385 2259 3
166 2460 2259 3
167 2395 2259 3
168 2339 2259 3
169 2362 2259 3
170 2339 2259 3
171 2392 2259 3
172 2339 2259 3
173 2395 2259 3
174 2404 2259 3
175 2496 2259 3
176 2606 2259 3
177 2611 2259 3
178 2618 2259 3
179 2641 2259 3
180 2731 2259 3
181 2685 2259 3
182 2675 2259 3
183 2554 2259 3
184 2550 2259 3
185 2461 2259 3
186 2449 2259 3
187 2454 2259 3
188 2461 2259 3
189 2536 2259 3
190 2461 2259 3
191 2536 2259 3
192 2461 2259 3
193 2575 2259 3
194 2685 2259 3
195 2689 2259 3
196 2858 2259 3
197 2886 2259 3
198 2975 2259 3
199 2948 2259 3
200 3188 2259 3
201 3170 2259 3
202 2925 2259 3
203 3145 2259 3
204 3348 2259 3
205 3408 2259 3
206 3481 2259 3
207 3397 2259 3
208 3322 2259 3
209 3347 2259 3
210 3289 2259 3
211 3133 2259 3
212 3137 2259 3
213 3116 2259 3
214 2913 2259 3
215 2849 2259 3
216 2858 2259 3
217 2849 2259 3
218 2879 2259 3
219 2888 2259 3
220 2955 2259 3
221 3017 2259 3
222 3093 2259 3
223 3137 2259 3
224 3021 2259 3
225 2817 2259 3
226 2726 2259 3
227 2702 2259 3
228 2682 2259 3
229 2629 2259 3
230 2623 2259 3
231 2578 2259 3
232 2549 2259 3
233 2553 2259 3
234 2506 2259 3
235 2337 2259 3
236 2346 2259 3
237 2337 2259 3
238 2346 2259 3
239 2366 2259 3
240 2419 2259 3
241 2366 2259 3
242 2455 2259 3
243 2475 2259 3
244 2577 2259 3
245 2475 2259 3
246 2616 2259 3
247 2595 2259 3
248 2616 2259 3
249 2718 2259 3
250 2717 2259 3
251 2709 2259 3
252 2685 2259 3
253 2615 2259 3
254 2553 2259 3
255 2598 2259 3
256 2553 2259 3
257 2598 2259 3
258 2553 2259 3
259 2636 2259 3
260 2553 2259 3
261 2636 2259 3
262 2636 2259 3
263 2643 2259 3
264 2675 2259 3
265 2800 2259 3
266 2776 2259 3
267 2800 2259 3
268 2776 2259 3
269 2804 2259 3
270 2868 2259 3
271 2972 2259 3
272 2960 2259 3
273 2972 2259 3
274 3113 2259 3
275 3092 2259 3
276 3237 2259 3
277 3092 2259 3
278 3202 2259 3
279 3053 2259 3
280 3063 2259 3
281 3069 2259 3
282 3060 2259 3
283 3069 2259 3
284 3060 2259 3
285 3088 2259 3
286 3046 2259 3
287 2992 2259 3
288 2985 2259 3
289 2992 2259 3
290 3001 2259 3
291 2992 2259 3
292 2989 2259 3
293 2860 2259 3
294 2914 2259 3
295 2860 2259 3
296 2962 2259 3
297 2928 2259 3
298 2928 2259 3
299 2932 2259 3
300 2739 2259 3
301 2633 2259 3
302 2514 2259 3
303 2465 2259 3
304 2514 2259 3
305 2518 2259 3
306 2416 2259 3
307 2402 2259 3
308 2399 2259 3
309 2402 2259 3
310 2416 2259 3
311 2469 2259 3
312 2416 2259 3
313 2505 2259 3
314 2607 2259 3
315 2603 2259 3
316 2685 2259 3
317 2583 2259 3
318 2604 2259 3
319 2630 2259 3
320 2604 2259 3
321 2630 2259 3
322 2609 2259 3
323 2501 2259 3
324 2603 2259 3
325 2501 2259 3
326 2603 2259 3
327 2603 2259 3
328 2603 2259 3
329 2634 2259 3
330 2651 2259 3
331 2695 2259 3
332 2679 2259 3
333 2675 2259 3
334 2626 2259 3
335 2587 2259 3
336 2591 2259 3
337 2599 2259 3
338 2595 2259 3
339 2603 2259 3
340 2595 2259 3
341 2620 2259 3
342 2676 2259 3
343 2531 2259 3
344 2478 2259 3
345 2473 2259 3
346 2477 2259 3
347 2473 2259 3
348 2478 2259 3
349 2486 2259 3
350 2461 2259 3
351 2453 2259 3
352 2445 2259 3
353 2461 2259 3
354 2490 2259 3
355 2461 2259 3
356 2453 2259 3
357 2457 2259 3
358 2398 2259 3
359 2395 2259 3
360 2412 2259 3
361 2501 2259 3
362 2650 2259 3
363 2725 2259 3
364 2833 2259 3
365 2841 2259 3
366 2911 2259 3
367 2789 2259 3
368 2775 2259 3
369 2553 2259 3
370 2423 2259 3
371 2321 2259 3
372 2329 2259 3
373 2321 2259 3
374 2350 2259 3
375 2321 2259 3
376 2329 2259 3
377 2350 2259 3
378 2403 2259 3
379 2350 2259 3
380 2452 2259 3
381 2350 2259 3
382 2475 2259 3
383 2501 2259 3
384 2609 2259 3
385 2501 2259 3
386 2603 2259 3
387 2573 2259 3
388 2452 2259 3
389 2350 2259 3
390 2491 2259 3
391 2593 2259 3
392 2593 2259 3
393 2572 2259 3
394 2432 2259 3
395 2423 2259 3
396 2522 2259 3
397 2623 2259 3
398 2750 2259 3
399 2634 2259 3
400 2748 2259 3
401 2522 2259 3
402 2531 2259 3
403 2530 2259 3
404 2530 2259 3
405 2329 2259 3
406 2350 2259 3
407 2329 2259 3
408 2431 2259 3
409 2329 2259 3
410 2431 2259 3
411 2431 2259 3
412 2482 2259 3
413 2609 2259 3
414 2719 2259 3
415 2745 2259 3
416 2719 2259 3
417 2833 2259 3
418 2886 2259 3
419 3001 2259 3
420 2886 2259 3
421 3001 2259 3
422 3006 2259 3
423 2954 2259 3
424 3123 2259 3
425 3068 2259 3
426 3270 2259 3
427 3068 2259 3
428 3270 2259 3
429 3488 2259 3
430 3358 2259 3
431 3341 2259 3
432 3336 2259 3
433 3313 2259 3
434 3336 2259 3
435 3313 2259 3
436 3341 2259 3
437 3342 2259 3
438 3341 2259 3
439 3471 2259 3
440 3498 2259 3
441 3511 2259 3
442 3498 2259 3
443 3357 2259 3
444 3330 2259 3
445 3304 2259 3
446 3299 2259 3
447 3304 2259 3
448 3299 2259 3
449 3304 2259 3
450 3073 2259 3
451 2871 2259 3
452 2744 2259 3
453 2621 2259 3
454 2452 2259 3
455 2350 2259 3
456 2321 2259 3
457 2329 2259 3
458 2350 2259 3
459 2403 2259 3
460 2350 2259 3
461 2452 2259 3
462 2452 2259 3
463 2423 2259 3
464 2452 2259 3
465 2452 2259 3
466 2350 2259 3
467 2475 2259 3
468 2501 2259 3
469 2603 2259 3
470 2573 2259 3
471 2452 2259 3
472 2350 2259 3
473 2478 2259 3
474 2553 2259 3
475 2562 2259 3
476 2638 2259 3
477 2756 2259 3
478 2767 2259 3
479 2856 2259 3
480 2829 2259 3
481 2713 2259 3
482 2636 2259 3
483 2655 2259 3
484 2757 2259 3
485 2807 2259 3
486 2757 2259 3
487 2807 2259 3
488 2805 2259 3
489 2907 2259 3
490 2858 2259 3
491 2612 2259 3
492 2556 2259 3
493 2585 2259 3
494 2556 2259 3
495 2612 2259 3
496 2615 2259 3
497 2736 2259 3
498 2615 2259 3
499 2736 2259 3
500 2630 2259 3
501 2632 2259 3
502 2636 2259 3
503 2754 2259 3
504 2792 2259 3
505 2821 2259 3
506 2792 2259 3
507 2898 2259 3
508 2865 2259 3
509 2877 2259 3
510 2781 2259 3
511 2673 2259 3
512 2779 2259 3
513 2655 2259 3
514 2534 2259 3
515 2549 2259 3
516 2534 2259 3
517 2563 2259 3
518 2534 2259 3
519 2655 2259 3
520 2779 2259 3
521 2781 2259 3
522 2673 2259 3
523 2781 2259 3
524 2889 2259 3
525 2738 2259 3
526 2588 2259 3
527 2572 2259 3
528 2588 2259 3
529 2601 2259 3
530 2620 2259 3
531 2601 2259 3
532 2631 2259 3
533 2585 2259 3
534 2556 2259 3
535 2556 2259 3
536 2529 2259 3
537 2548 2259 3
538 2529 2259 3
539 2556 2259 3
540 2585 2259 3
541 2558 2259 3
542 2529 2259 3
543 2558 2259 3
544 2529 2259 3
545 2558 2259 3
546 2585 2259 3
547 2631 2259 3
548 2674 2259 3
549 2636 2259 3
550 2512 2259 3
551 2459 2259 3
552 2438 2259 3
553 2438 2259 3
554 2365 2259 3
555 2357 2259 3
556 2365 2259 3
557 2386 2259 3
558 2412 2259 3
559 2386 2259 3
560 2412 2259 3
561 2501 2259 3
562 2609 2259 3
563 2501 2259 3
564 2603 2259 3
565 2604 2259 3
566 2642 2259 3
567 2787 2259 3
568 2731 2259 3
569 2872 2259 3
570 2844 2259 3
571 2872 2259 3
572 2926 2259 3
573 2897 2259 3
574 2783 2259 3
575 2651 2259 3
576 2711 2259 3
577 2651 2259 3
578 2711 2259 3
579 2816 2259 3
580 2818 2259 3
581 2819 2259 3
582 2846 2259 3
583 2816 2259 3
584 2818 2259 3
585 2819 2259 3
586 2846 2259 3
587 2969 2259 3
588 2964 2259 3
589 2969 2259 3
590 3022 2259 3
591 2918 2259 3
592 3018 2259 3
593 2918 2259 3
594 3022 2259 3
595 3112 2259 3
596 3153 2259 3
597 3126 2259 3
598 3119 2259 3
599 3130 2259 3
600 2872 2259 3
601 2764 2259 3
602 2704 2259 3
603 2649 2259 3
604 2596 2259 3
605 2566 2259 3
606 2569 2259 3
607 2566 2259 3
608 2569 2259 3
609 2581 2259 3
610 2569 2259 3
611 2596 2259 3
612 2625 2259 3
613 2655 2259 3
614 2531 2259 3
615 2386 2259 3
616 2357 2259 3
617 2365 2259 3
618 2386 2259 3
619 2412 2259 3
620 2386 2259 3
621 2412 2259 3
622 2465 2259 3
623 2412 2259 3
624 2501 2259 3
625 2603 2259 3
626 2573 2259 3
627 2452 2259 3
628 2350 2259 3
629 2321 2259 3
630 2329 2259 3
631 2350 2259 3
632 2403 2259 3
633 2350 2259 3
634 2452 2259 3
635 2452 2259 3
636 2551 2259 3
637 2652 2259 3
638 2779 2259 3
639 2889 2259 3
640 2915 2259 3
641 2889 2259 3
642 2918 2259 3
643 2969 2259 3
644 2918 2259 3
645 3020 2259 3
646 3005 2259 3
647 2899 2259 3
648 2986 2259 3
649 2899 2259 3
650 3005 2259 3
651 3007 2259 3
652 3026 2259 3
653 3140 2259 3
654 3265 2259 3
655 3257 2259 3
656 3012 2259 3
657 2890 2259 3
658 2780 2259 3
659 2886 2259 3
660 2780 2259 3
661 2890 2259 3
662 2871 2259 3
663 2897 2259 3
664 2871 2259 3
665 2897 2259 3
666 3013 2259 3
667 2897 2259 3
668 3013 2259 3
669 3017 2259 3
670 3016 2259 3
671 2912 2259 3
672 2866 2259 3
673 2885 2259 3
674 2866 2259 3
675 2750 2259 3
676 2721 2259 3
677 2720 2259 3
678 2606 2259 3
679 2617 2259 3
680 2584 2259 3
681 2600 2259 3
682 2584 2259 3
683 2603 2259 3
684 2584 2259 3
685 2613 2259 3
686 2646 2259 3
687 2616 2259 3
688 2617 2259 3
689 2646 2259 3
690 2616 2259 3
691 2633 2259 3
692 2669 2259 3
693 2682 2259 3
694 2652 2259 3
695 2682 2259 3
696 2652 2259 3
697 2682 2259 3
698 2652 2259 3
699 2698 2259 3
700 2683 2259 3
701 2698 2259 3
702 2718 2259 3
703 2720 2259 3
704 2793 2259 3
705 2709 2259 3
706 2739 2259 3
707 2744 2259 3
708 2739 2259 3
709 2712 2259 3
710 2692 2259 3
711 2646 2259 3
712 2635 2259 3
713 2665 2259 3
714 2635 2259 3
715 2665 2259 3
716 2635 2259 3
717 2681 2259 3
718 2666 2259 3
719 2681 2259 3
720 2701 2259 3
721 2728 2259 3
722 2701 2259 3
723 2781 2259 3
724 2783 2259 3
725 2768 2259 3
726 2844 2259 3
727 2872 2259 3
728 2768 2259 3
729 2783 2259 3
730 2781 2259 3
731 2783 2259 3
732 2885 2259 3
733 2989 2259 3
734 3105 2259 3
735 3220 2259 3
736 3033 2259 3
737 2913 2259 3
738 2969 2259 3
739 2913 2259 3
740 3029 2259 3
741 3033 2259 3
742 3077 2259 3
743 3068 2259 3
744 3055 2259 3
745 3051 2259 3
746 3068 2259 3
747 3051 2259 3
748 3159 2259 3
749 3161 2259 3
750 2903 2259 3
751 2797 2259 3
752 2695 2259 3
753 2669 2259 3
754 2603 2259 3
755 2476 2259 3
756 2423 2259 3
757 2423 2259 3
758 2321 2259 3
759 2329 2259 3
760 2321 2259 3
761 2350 2259 3
762 2403 2259 3
763 2350 2259 3
764 2452 2259 3
765 2452 2259 3
766 2431 2259 3
767 2452 2259 3
768 2452 2259 3
769 2350 2259 3
770 2475 2259 3
771 2501 2259 3
772 2609 2259 3
773 2501 2259 3
774 2629 2259 3
775 2701 2259 3
776 2642 2259 3
777 2471 2259 3
778 2445 2259 3
779 2518 2259 3
780 2445 2259 3
781 2554 2259 3
782 2445 2259 3
783 2471 2259 3
784 2573 2259 3
785 2574 2259 3
786 2678 2259 3
787 2827 2259 3
788 2848 2259 3
789 3017 2259 3
790 3006 2259 3
791 3247 2259 3
792 3006 2259 3
793 3249 2259 3
794 3006 2259 3
795 3249 2259 3
796 3389 2259 3
797 3107 2259 3
798 3115 2259 3
799 3107 2259 3
800 3115 2259 3
801 3120 2259 3
802 3134 2259 3
803 3120 2259 3
804 3173 2259 3
805 3168 2259 3
806 3173 2259 3
807 3231 2259 3
808 3203 2259 3
809 3368 2259 3
810 3291 2259 3
811 3391 2259 3
812 3395 2259 3
813 3509 2259 3
814 3509 2259 3
815 3400 2259 3
816 3395 2259 3
817 3167 2259 3
818 3063 2259 3
819 3140 2259 3
820 3163 2259 3
821 3168 2259 3
822 3167 2259 3
823 3163 2259 3
824 3167 2259 3
825 2994 2259 3
826 2854 2259 3
827 2750 2259 3
828 2723 2259 3
829 2740 2259 3
830 2723 2259 3
831 2746 2259 3
832 2723 2259 3
833 2750 2259 3
834 2723 2259 3
835 2750 2259 3
836 2750 2259 3
837 2715 2259 3
838 2731 2259 3
839 2715 2259 3
840 2744 2259 3
841 2789 2259 3
842 2785 2259 3
843 2811 2259 3
844 2780 2259 3
845 2810 2259 3
846 2784 2259 3
847 2746 2259 3
848 2619 2259 3
849 2517 2259 3
850 2464 2259 3
851 2435 2259 3
852 2443 2259 3
853 2464 2259 3
854 2517 2259 3
855 2572 2259 3
856 2403 2259 3
857 2350 2259 3
858 2321 2259 3
859 2329 2259 3
860 2350 2259 3
861 2403 2259 3
862 2505 2259 3
863 2403 2259 3
864 2505 2259 3
865 2403 2259 3
866 2528 2259 3
867 2566 2259 3
868 2639 2259 3
869 2639 2259 3
870 2639 2259 3
871 2639 2259 3
872 2768 2259 3
873 2636 2259 3
874 2512 2259 3
875 2659 2259 3
876 2512 2259 3
877 2659 2259 3
878 2639 2259 3
879 2567 2259 3
880 2694 2259 3
881 2667 2259 3
882 2710 2259 3
883 2718 2259 3
884 2704 2259 3
885 2777 2259 3
886 2912 2259 3
887 2905 2259 3
888 2976 2259 3
889 2905 2259 3
890 2912 2259 3
891 2925 2259 3
892 2914 2259 3
893 2653 2259 3
894 2804 2259 3
895 2926 2259 3
896 2725 2259 3
897 2823 2259 3
898 2862 2259 3
899 2862 2259 3
900 2651 2259 3
901 2512 2259 3
902 2439 2259 3
903 2386 2259 3
904 2357 2259 3
905 2365 2259 3
906 2386 2259 3
907 2412 2259 3
908 2386 2259 3
909 2459 2259 3
910 2386 2259 3
911 2475 2259 3
912 2350 2259 3
913 2321 2259 3
914 2329 2259 3
915 2350 2259 3
916 2452 2259 3
917 2452 2259 3
918 2452 2259 3
919 2350 2259 3
920 2491 2259 3
921 2660 2259 3
922 2491 2259 3
923 2681 2259 3
924 2350 2259 3
925 2452 2259 3
926 2452 2259 3
927 2579 2259 3
928 2689 2259 3
929 2715 2259 3
930 2689 2259 3
931 2740 2259 3
932 2689 2259 3
933 2803 2259 3
934 2856 2259 3
935 2803 2259 3
936 2918 2259 3
937 2803 2259 3
938 2918 2259 3
939 2900 2259 3
940 2784 2259 3
941 2670 2259 3
942 2696 2259 3
943 2796 2259 3
944 2696 2259 3
945 2798 2259 3
946 2914 2259 3
947 2912 2259 3
948 2812 2259 3
949 2916 2259 3
950 2912 2259 3
951 2812 2259 3
952 2916 2259 3
953 2918 2259 3
954 2976 2259 3
955 3117 2259 3
956 3221 2259 3
957 3408 2259 3
958 3306 2259 3
959 3317 2259 3
960 3296 2259 3
961 3290 2259 3
962 3290 2259 3
963 3295 2259 3
964 3303 2259 3
965 3377 2259 3
966 3373 2259 3
967 3377 2259 3
968 3382 2259 3
969 3268 2259 3
970 3252 2259 3
971 3265 2259 3
972 3268 2259 3
973 3285 2259 3
974 3320 2259 3
975 3282 2259 3
976 3145 2259 3
977 3080 2259 3
978 3027 2259 3
979 2994 2259 3
980 2981 2259 3
981 2810 2259 3
982 2662 2259 3
983 2564 2259 3
984 2491 2259 3
985 2463 2259 3
986 2448 2259 3
987 2449 2259 3
988 2448 2259 3
989 2449 2259 3
990 2448 2259 3
991 2463 2259 3
992 2448 2259 3
993 2476 2259 3
994 2448 2259 3
995 2463 2259 3
996 2464 2259 3
997 2449 2259 3
998 2471 2259 3
999 2475 2259 3
1000 2471 2259 3
1001 2475 2259 3
1002 2528 2259 3
1003 2475 2259 3
1004 2552 2259 3
1005 2543 2259 3
1006 2411 2259 3
1007 2413 2259 3
1008 2411 2259 3
1009 2413 2259 3
1010 2411 2259 3
1011 2413 2259 3
1012 2466 2259 3
1013 2413 2259 3
1014 2515 2259 3
1015 2413 2259 3
1016 2534 2259 3
1017 2413 2259 3
1018 2582 2259 3
1019 2527 2259 3
1020 2767 2259 3
1021 2527 2259 3
1022 2767 2259 3
1023 2758 2259 3
1024 2513 2259 3
1025 2505 2259 3
1026 2441 2259 3
1027 2433 2259 3
1028 2441 2259 3
1029 2496 2259 3
1030 2327 2259 3
1031 2319 2259 3
1032 2327 2259 3
1033 2347 2259 3
1034 2368 2259 3
1035 2391 2259 3
1036 2393 2259 3
1037 2348 2259 3
1038 2393 2259 3
1039 2399 2259 3
1040 2420 2259 3
1041 2412 2259 3
1042 2420 2259 3
1043 2399 2259 3
1044 2452 2259 3
1045 2399 2259 3
1046 2501 2259 3
1047 2399 2259 3
1048 2501 2259 3
1049 2399 2259 3
1050 2393 2259 3
1051 2348 2259 3
1052 2319 2259 3
1053 2327 2259 3
1054 2347 2259 3
1055 2368 2259 3
1056 2408 2259 3
1057 2391 2259 3
1058 2444 2259 3
1059 2391 2259 3
1060 2461 2259 3
1061 2399 2259 3
1062 2501 2259 3
1063 2399 2259 3
1064 2501 2259 3
1065 2399 2259 3
1066 2505 2259 3
1067 2488 2259 3
1068 2505 2259 3
1069 2399 2259 3
1070 2507 2259 3
1072 2520 2259 3
1073 2593 2259 3
1074 2593 2259 3
1075 2559 2259 3
1076 2629 2259 3
1077 2728 2259 3
1078 2829 2259 3
1079 2828 2259 3
1080 2943 2259 3
1081 2760 2259 3
1082 2751 2259 3
1083 2743 2259 3
1084 2480 2259 3
1085 2410 2259 3
1086 2352 2259 3
1087 2360 2259 3
1088 2352 2259 3
1089 2381 2259 3
1090 2352 2259 3
1091 2408 2259 3
1092 2263 2259 3
1093 2263 2259 3
1094 2259 2259 3
1095 2230 2230 3 two opt
1095 2230 2230 3
1096 2238 2230 3
1097 2230 2230 3
1098 2259 2230 3
1099 2312 2230 3
1100 2259 2230 3
1101 2348 2230 3
1102 2456 2230 3
1103 2348 2230 3
1104 2469 2230 3
1105 2348 2230 3
1106 2489 2230 3
1107 2658 2230 3
1108 2658 2230 3
1109 2634 2230 3
1110 2807 2230 3
1111 3006 2230 3
1112 2807 2230 3
1113 3045 2230 3
1114 3067 2230 3
1115 3045 2230 3
1116 3173 2230 3
1117 3177 2230 3
1118 3199 2230 3
1119 3326 2230 3
1120 3314 2230 3
1121 3374 2230 3
1122 3480 2230 3
1123 3420 2230 3
1124 3453 2230 3
1125 3259 2230 3
1126 3125 2230 3
1127 2976 2230 3
1128 2928 2230 3
1129 2790 2230 3
1130 2720 2230 3
1131 2686 2230 3
1132 2699 2230 3
1133 2746 2230 3
1134 2631 2230 3
1135 2633 2230 3
1136 2577 2230 3
1137 2544 2230 3
1138 2542 2230 3
1139 2544 2230 3
1140 2544 2230 3
1141 2365 2230 3
1142 2196 2196 3 flip
1142 2196 2196 3
1143 2188 2188 3 swap
1143 2188 2188 3
1144 2196 2188 3
1145 2217 2188 3
1146 2270 2188 3
1147 2217 2188 3
1148 2286 2188 3
1149 2217 2188 3
1150 2292 2188 3
1151 2263 2188 3
1152 2188 2188 3
1153 2241 2188 3
1154 2188 2188 3
1155 2259 2188 3
1156 2308 2188 3
1157 2397 2188 3
1158 2348 2188 3
1159 2424 2188 3
1160 2352 2188 3
1161 2348 2188 3
1162 2319 2188 3
1163 2348 2188 3
1164 2319 2188 3
1165 2427 2188 3
1166 2427 2188 3
1167 2436 2188 3
1168 2435 2188 3
1169 2435 2188 3
1170 2556 2188 3
1171 2505 2188 3
1172 2646 2188 3
1173 2770 2188 3
1174 2844 2188 3
1175 2505 2188 3
1176 2646 2188 3
1177 2770 2188 3
1178 2853 2188 3
1179 2758 2188 3
1180 2714 2188 3
1181 2551 2188 3
1182 2629 2188 3
1183 2551 2188 3
1184 2659 2188 3
1185 2586 2188 3
1186 2659 2188 3
1187 2689 2188 3
1188 2810 2188 3
1189 2837 2188 3
1190 2824 2188 3
1191 2802 2188 3
1192 2866 2188 3
1193 2733 2188 3
1194 2612 2188 3
1195 2722 2188 3
1196 2612 2188 3
1197 2733 2188 3
1198 2755 2188 3
1199 2733 2188 3
1200 2561 2188 3
1201 2453 2188 3
1202 2361 2188 3
1203 2352 2188 3
1204 2352 2188 3
1205 2352 2188 3
1206 2361 2188 3
1207 2352 2188 3
1208 2374 2188 3
1209 2375 2188 3
1210 2428 2188 3
1211 2375 2188 3
1212 2447 2188 3
1213 2467 2188 3
1214 2605 2188 3
1215 2667 2188 3
1216 2631 2188 3
1217 2667 2188 3
1218 2605 2188 3
1219 2592 2188 3
1220 2641 2188 3
1221 2810 2188 3
1222 2755 2188 3
1223 2941 2188 3
1224 2755 2188 3
1225 2945 2188 3
1226 3071 2188 3
1227 3116 2188 3
1228 3041 2188 3
1229 3040 2188 3
1230 2995 2188 3
1231 3040 2188 3
1232 3124 2188 3
1233 3141 2188 3
1234 3263 2188 3
1235 3336 2188 3
1236 3403 2188 3
1237 3377 2188 3
1238 3142 2188 3
1239 3069 2188 3
1240 2947 2188 3
1241 2902 2188 3
1242 2947 2188 3
1243 2972 2188 3
1244 2990 2188 3
1245 2957 2188 3
1246 3027 2188 3
1247 2957 2188 3
1248 3063 2188 3
1249 2946 2188 3
1250 2946 2188 3
1251 2900 2188 3
1252 2924 2188 3
1253 2900 2188 3
1254 2934 2188 3
1255 2900 2188 3
1256 2964 2188 3
1257 3058 2188 3
1258 3093 2188 3
1259 3114 2188 3
1260 3160 2188 3
1261 3192 2188 3
1262 3236 2188 3
1263 3252 2188 3
1264 3369 2188 3
1265 3369 2188 3
1266 3198 2188 3
1267 3153 2188 3
1268 3173 2188 3
1269 3153 2188 3
1270 3173 2188 3
1271 3153 2188 3
1272 3173 2188 3
1273 3172 2188 3
1274 3169 2188 3
1275 3029 2188 3
1276 2896 2188 3
1277 2814 2188 3
1278 2756 2188 3
1279 2752 2188 3
1280 2653 2188 3
1281 2544 2188 3
1282 2507 2188 3
1283 2509 2188 3
1284 2484 2188 3
1285 2509 2188 3
1286 2484 2188 3
1287 2519 2188 3
1288 2555 2188 3
1289 2519 2188 3
1290 2576 2188 3
1291 2649 2188 3
1292 2576 2188 3
1293 2658 2188 3
1294 2666 2188 3
1295 2658 2188 3
1296 2666 2188 3
1297 2673 2188 3
1298 2684 2188 3
1299 2688 2188 3
1300 2741 2188 3
1301 2765 2188 3
1302 2724 2188 3
1303 2792 2188 3
1304 2792 2188 3
1305 2840 2188 3
1306 2792 2188 3
1307 2886 2188 3
1308 2939 2188 3
1309 3046 2188 3
1310 3065 2188 3
1311 3089 2188 3
1312 3065 2188 3
1313 3089 2188 3
1314 3069 2188 3
1315 2963 2188 3
1316 2965 2188 3
1317 2965 2188 3
1318 2984 2188 3
1319 3038 2188 3
1320 2914 2188 3
1321 2843 2188 3
1322 2843 2188 3
1323 2843 2188 3
1324 2814 2188 3
1325 2771 2188 3
1326 2755 2188 3
1327 2687 2188 3
1328 2755 2188 3
1329 2687 2188 3
1330 2755 2188 3
1331 2822 2188 3
1332 2755 2188 3
1333 2839 2188 3
1334 2755 2188 3
1335 2839 2188 3
1336 2755 2188 3
1337 2839 2188 3
1338 2912 2188 3
1339 3027 2188 3
1340 2977 2188 3
1341 2906 2188 3
1342 2878 2188 3
1343 2874 2188 3
1344 2849 2188 3
1345 2857 2188 3
1346 2849 2188 3
1347 2862 2188 3
1348 2862 2188 3
1349 2858 2188 3
1350 2775 2188 3
1351 2752 2188 3
1352 2736 2188 3
1353 2736 2188 3
1354 2736 2188 3
1355 2740 2188 3
1356 2736 2188 3
1357 2740 2188 3
1358 2756 2188 3
1359 2760 2188 3
1360 2776 2188 3
1361 2747 2188 3
1362 2727 2188 3
1363 2727 2188 3
1364 2727 2188 3
1365 2743 2188 3
1366 2747 2188 3
1367 2743 2188 3
1368 2747 2188 3
1369 2755 2188 3
1370 2751 2188 3
1371 2727 2188 3
1372 2747 2188 3
1373 2770 2188 3
1374 2735 2188 3
1375 2715 2188 3
1376 2715 2188 3
1377 2715 2188 3
1378 2728 2188 3
1379 2753 2188 3
1380 2724 2188 3
1381 2728 2188 3
1382 2724 2188 3
1383 2744 2188 3
1384 2716 2188 3
1385 2627 2188 3
1386 2627 2188 3
1387 2627 2188 3
1388 2631 2188 3
1389 2627 2188 3
1390 2635 2188 3
1391 2627 2188 3
1392 2635 2188 3
1393 2664 2188 3
1394 2635 2188 3
1395 2627 2188 3
1396 2656 2188 3
1397 2627 2188 3
1398 2656 2188 3
1399 2693 2188 3
1400 2731 2188 3
1401 2804 2188 3
1402 2731 2188 3
1403 2810 2188 3
1404 2893 2188 3
1405 2893 2188 3
1406 2901 2188 3
1407 2901 2188 3
1408 2901 2188 3
1409 2871 2188 3
1410 2905 2188 3
1411 2826 2188 3
1412 2644 2188 3
1413 2606 2188 3
1414 2553 2188 3
1415 2537 2188 3
1416 2541 2188 3
1417 2482 2188 3
1418 2496 2188 3
1419 2482 2188 3
1420 2496 2188 3
1421 2482 2188 3
1422 2496 2188 3
1423 2549 2188 3
1424 2496 2188 3
1425 2482 2188 3
1426 2496 2188 3
1427 2482 2188 3
1428 2496 2188 3
1429 2549 2188 3
1430 2496 2188 3
1431 2598 2188 3
1432 2496 2188 3
1433 2598 2188 3
1434 2607 2188 3
1435 2603 2188 3
1436 2554 2188 3
1437 2662 2188 3
1438 2554 2188 3
1439 2676 2188 3
1440 2738 2188 3
1441 2801 2188 3
1442 2670 2188 3
1443 2617 2188 3
1444 2496 2188 3
1445 2625 2188 3
1446 2617 2188 3
1447 2553 2188 3
1448 2460 2188 3
1449 2480 2188 3
1450 2520 2188 3
1451 2480 2188 3
1452 2520 2188 3
1453 2590 2188 3
1454 2552 2188 3
1455 2575 2188 3
1456 2384 2188 3
1457 2321 2188 3
1458 2302 2188 3
1459 2321 2188 3
1460 2374 2188 3
1461 2321 2188 3
1462 2411 2188 3
1463 2500 2188 3
1464 2511 2188 3
1465 2482 2188 3
1466 2511 2188 3
1467 2564 2188 3
1468 2422 2188 3
1469 2295 2188 3
1470 2276 2188 3
1471 2302 2188 3
1472 2276 2188 3
1473 2302 2188 3
1474 2355 2188 3
1475 2302 2188 3
1476 2404 2188 3
1477 2374 2188 3
1478 2451 2188 3
1479 2408 2188 3
1480 2404 2188 3
1481 2408 2188 3
1482 2451 2188 3
1483 2451 2188 3
1484 2454 2188 3
1485 2562 2188 3
1486 2454 2188 3
1487 2580 2188 3
1488 2599 2188 3
1489 2688 2188 3
1490 2418 2188 3
1491 2518 2188 3
1492 2516 2188 3
1493 2460 2188 3
1494 2516 2188 3
1495 2460 2188 3
1496 2564 2188 3
1497 2570 2188 3
1498 2543 2188 3
1499 2660 2188 3
1500 2543 2188 3
1501 2518 2188 3
1502 2418 2188 3
1503 2471 2188 3
1504 2418 2188 3
1505 2493 2188 3
1506 2548 2188 3
1507 2610 2188 3
1508 2466 2188 3
1509 2391 2188 3
1510 2444 2188 3
1511 2391 2188 3
1512 2454 2188 3
1513 2449 2188 3
1514 2447 2188 3
1515 2418 2188 3
1516 2447 2188 3
1517 2496 2188 3
1518 2517 2188 3
1519 2396 2188 3
1520 2419 2188 3
1521 2396 2188 3
Customer 1: 13
B1 ID: 16 D1 ID: 17
Customer 2: 15
B2 ID: 21 D2 ID: 22
-----
Route 1 Before: 50,5,16,21,27,11,13,4,48,23,9,50
Route 2 Before: 50,5,16,21,27,11,13,4,48,23,9,50
-----
---------
Route 1 After: 50,5,17,22,27,11,13,4,48,23,9,50
Route 2 After: 50,5,17,22,27,11,13,4,48,23,9,50
---------
Priority swap cost contribution: -63
1522 2333 2188 3
1523 2386 2188 3
1524 2333 2188 3
1525 2402 2188 3
1526 2333 2188 3
1527 2408 2188 3
1528 2404 2188 3
1529 2375 2188 3
1530 2404 2188 3
1531 2375 2188 3
1532 2516 2188 3
1533 2375 2188 3
1534 2516 2188 3
1535 2375 2188 3
1536 2516 2188 3
1537 2685 2188 3
1538 2516 2188 3
1539 2702 2188 3
1540 2516 2188 3
1541 2702 2188 3
1542 2671 2188 3
1543 2485 2188 3
1544 2336 2188 3
1545 2365 2188 3
1546 2263 2188 3
1547 2259 2188 3
1548 2230 2188 3
1549 2238 2188 3
1550 2230 2188 3
1551 2259 2188 3
1552 2288 2188 3
1553 2259 2188 3
1554 2288 2188 3
1555 2360 2188 3
1556 2364 2188 3
1557 2338 2188 3
1558 2217 2188 3
1559 2188 2188 3
1560 2196 2188 3
1561 2217 2188 3
1562 2270 2188 3
1563 2217 2188 3
1564 2286 2188 3
1565 2375 2188 3
1566 2424 2188 3
1567 2375 2188 3
1568 2544 2188 3
1569 2375 2188 3
1570 2562 2188 3
1571 2565 2188 3
1572 2306 2188 3
1573 2420 2188 3
1574 2593 2188 3
1575 2399 2188 3
1576 2277 2188 3
1577 2285 2188 3
1578 2306 2188 3
1579 2359 2188 3
1580 2306 2188 3
1581 2375 2188 3
1582 2306 2188 3
1583 2381 2188 3
1584 2374 2188 3
1585 2299 2188 3
1586 2352 2188 3
1587 2299 2188 3
1588 2368 2188 3
1589 2417 2188 3
1590 2374 2188 3
1591 2375 2188 3
1592 2383 2188 3
1593 2455 2188 3
1594 2475 2188 3
1595 2613 2188 3
1596 2782 2188 3
1597 2613 2188 3
1598 2803 2188 3
1599 3013 2188 3
1600 2967 2188 3
1601 2965 2188 3
1602 2967 2188 3
1603 3013 2188 3
1604 3068 2188 3
1605 3187 2188 3
1606 3155 2188 3
1607 3157 2188 3
1608 3155 2188 3
1609 3157 2188 3
1610 3161 2188 3
1611 3160 2188 3
1612 3067 2188 3
1613 2897 2188 3
1614 2895 2188 3
1615 2897 2188 3
1616 2910 2188 3
1617 2938 2188 3
1618 2908 2188 3
1619 2895 2188 3
1620 2897 2188 3
1621 2895 2188 3
1622 2908 2188 3
1623 2938 2188 3
1624 2992 2188 3
1625 2920 2188 3
1626 2847 2188 3
1627 2819 2188 3
1628 2806 2188 3
1629 2802 2188 3
1630 2802 2188 3
1631 2780 2188 3
1632 2780 2188 3
1633 2784 2188 3
1634 2780 2188 3
1635 2784 2188 3
1636 2790 2188 3
1637 2784 2188 3
1638 2790 2188 3
1639 2798 2188 3
1640 2797 2188 3
1641 2797 2188 3
1642 2825 2188 3
1643 2898 2188 3
1644 2825 2188 3
1645 2907 2188 3
1646 2951 2188 3
1647 2952 2188 3
1648 2952 2188 3
1649 2952 2188 3
1650 2758 2188 3
1651 2672 2188 3
1652 2644 2188 3
1653 2621 2188 3
1654 2608 2188 3
1655 2608 2188 3
1656 2607 2188 3
1657 2601 2188 3
1658 2518 2188 3
1659 2520 2188 3
1660 2454 2188 3
1661 2477 2188 3
1662 2454 2188 3
1663 2520 2188 3
1664 2454 2188 3
1665 2527 2188 3
1666 2538 2188 3
1667 2518 2188 3
1668 2531 2188 3
1669 2547 2188 3
1670 2518 2188 3
1671 2531 2188 3
1672 2551 2188 3
1673 2538 2188 3
1674 2567 2188 3
1675 2538 2188 3
1676 2567 2188 3
1677 2649 2188 3
1678 2502 2188 3
1679 2431 2188 3
1680 2378 2188 3
1681 2363 2188 3
1682 2359 2188 3
1683 2360 2188 3
1684 2359 2188 3
1685 2360 2188 3
1686 2359 2188 3
1687 2363 2188 3
1688 2364 2188 3
1689 2379 2188 3
1690 2364 2188 3
1691 2379 2188 3
1692 2408 2188 3
1693 2433 2188 3
1694 2479 2188 3
1695 2450 2188 3
1696 2495 2188 3
1697 2475 2188 3
1698 2479 2188 3
1699 2499 2188 3
1700 2470 2188 3
1702 2833 2188 3
1703 2601 2188 3
1704 2279 2188 3
1705 2285 2188 3
1706 2314 2188 3
1707 2271 2188 3
1708 2196 2188 3
1709 2188 2188 3
1710 2196 2188 3
1711 2217 2188 3
1712 2270 2188 3
1713 2217 2188 3
1714 2286 2188 3
1715 2259 2188 3
1716 2188 2188 3
1717 2241 2188 3
1718 2188 2188 3
1719 2259 2188 3
1720 2308 2188 3
1721 2263 2188 3
1722 2263 2188 3
1723 2301 2188 3
1724 2373 2188 3
1725 2301 2188 3
1726 2263 2188 3
1727 2263 2188 3
1728 2188 2188 3
1729 2196 2188 3
1730 2188 2188 3
1731 2217 2188 3
1732 2270 2188 3
1733 2217 2188 3
1734 2286 2188 3
1735 2217 2188 3
1736 2292 2188 3
1737 2292 2188 3
1738 2271 2188 3
1739 2314 2188 3
1740 2271 2188 3
1741 2360 2188 3
1742 2415 2188 3
1743 2559 2188 3
1744 2615 2188 3
1745 2736 2188 3
1746 2892 2188 3
1747 2736 2188 3
1748 2892 2188 3
1749 2743 2188 3
1750 2592 2188 3
1751 2536 2188 3
1752 2687 2188 3
1753 2536 2188 3
1754 2687 2188 3
1755 2566 2188 3
1756 2579 2188 3
1757 2452 2188 3
1758 2528 2188 3
1759 2452 2188 3
1761 2452 2188 3
1762 2579 2188 3
1763 2700 2188 3
1764 2722 2188 3
1765 2855 2188 3
1766 2722 2188 3
1767 2860 2188 3
1768 3054 2188 3
1769 3050 2188 3
1770 3054 2188 3
1771 3187 2188 3
1772 3253 2188 3
1773 3361 2188 3
1774 3264 2188 3
1775 3213 2188 3
1776 3413 2188 3
1777 3213 2188 3
1778 3450 2188 3
1779 3450 2188 3
1780 3435 2188 3
1781 3576 2188 3
1782 3592 2188 3
1783 3537 2188 3
1784 3443 2188 3
1785 3404 2188 3
1786 3375 2188 3
1787 3122 2188 3
1788 3086 2188 3
1789 3029 2188 3
1790 3029 2188 3
1791 3029 2188 3
1792 2978 2188 3
1793 2980 2188 3
1794 2903 2188 3
1795 2907 2188 3
1796 2903 2188 3
1797 2922 2188 3
1798 2903 2188 3
1799 2980 2188 3
1800 2835 2188 3
1801 2758 2188 3
1802 2758 2188 3
1803 2761 2188 3
1804 2758 2188 3
1805 2761 2188 3
1806 2758 2188 3
1807 2762 2188 3
1808 2622 2188 3
1809 2625 2188 3
1810 2622 2188 3
1811 2625 2188 3
1812 2622 2188 3
1813 2629 2188 3
1814 2648 2188 3
1815 2629 2188 3
1816 2652 2188 3
1817 2650 2188 3
1818 2402 2188 3
1819 2302 2188 3
1820 2276 2188 3
1821 2302 2188 3
1822 2276 2188 3
1823 2329 2188 3
1824 2276 2188 3
1825 2365 2188 3
1826 2463 2188 3
1827 2404 2188 3
1828 2302 2188 3
1829 2404 2188 3
1830 2411 2188 3
1831 2404 2188 3
1832 2503 2188 3
1833 2604 2188 3
1834 2708 2188 3
1835 2657 2188 3
1836 2821 2188 3
1837 2990 2188 3
1838 2754 2188 3
1839 2824 2188 3
1840 2754 2188 3
1841 2824 2188 3
1842 2934 2188 3
1843 2768 2188 3
1844 2698 2188 3
1845 2768 2188 3
1846 2848 2188 3
1847 3008 2188 3
1848 3120 2188 3
1849 3008 2188 3
1850 3149 2188 3
1851 3075 2188 3
1852 3075 2188 3
1853 3032 2188 3
1854 2932 2188 3
1855 2749 2188 3
1856 2617 2188 3
1857 2617 2188 3
1858 2617 2188 3
1859 2749 2188 3
1860 2683 2188 3
1861 2613 2188 3
1862 2613 2188 3
1863 2613 2188 3
1864 2683 2188 3
1865 2749 2188 3
1866 2921 2188 3
1867 2749 2188 3
1868 2921 2188 3
1869 2929 2188 3
1870 2942 2188 3
1871 2964 2188 3
1872 2942 2188 3
1873 2964 2188 3
1874 3161 2188 3
1876 2749 2188 3
1877 2555 2188 3
1878 2411 2188 3
1879 2336 2188 3
1880 2336 2188 3
1881 2201 2188 3
1882 2254 2188 3
1883 2201 2188 3
1884 2290 2188 3
1885 2348 2188 3
1886 2290 2188 3
1887 2392 2188 3
1888 2290 2188 3
1889 2392 2188 3
1890 2491 2188 3
1891 2392 2188 3
1892 2503 2188 3
1893 2392 2188 3
1894 2290 2188 3
1895 2411 2188 3
1896 2437 2188 3
1897 2290 2188 3
1898 2413 2188 3
1899 2290 2188 3
1901 2290 2188 3
1902 2448 2188 3
1903 2523 2188 3
1904 2544 2188 3
1905 2543 2188 3
1906 2552 2188 3
1907 2525 2188 3
1908 2524 2188 3
1909 2525 2188 3
1910 2374 2188 3
1911 2299 2188 3
1912 2374 2188 3
1913 2375 2188 3
1914 2404 2188 3
1915 2476 2188 3
1916 2617 2188 3
1917 2741 2188 3
1918 2737 2188 3
1919 2829 2188 3
1920 2714 2188 3
1921 2714 2188 3
1922 2590 2188 3
1923 2663 2188 3
1924 2590 2188 3
1925 2663 2188 3
1926 2590 2188 3
1927 2683 2188 3
1928 2521 2188 3
1929 2443 2188 3
1930 2437 2188 3
1931 2464 2188 3
1932 2679 2188 3
1933 2902 2188 3
1934 3090 2188 3
1935 3089 2188 3
1936 3045 2188 3
1937 2744 2188 3
1938 2766 2188 3
1939 2744 2188 3
1940 2766 2188 3
1941 2880 2188 3
1942 2895 2188 3
1943 2965 2188 3
1944 2965 2188 3
1945 2952 2188 3
1946 2897 2188 3
1947 2867 2188 3
1948 2884 2188 3
1949 2867 2188 3
1950 2848 2188 3
1951 2835 2188 3
1952 2700 2188 3
1953 2703 2188 3
1954 2686 2188 3
1955 2703 2188 3
1956 2686 2188 3
1957 2705 2188 3
1958 2686 2188 3
1959 2713 2188 3
1960 2743 2188 3
1961 2674 2188 3
1962 2645 2188 3
1963 2645 2188 3
1964 2664 2188 3
1965 2645 2188 3
1966 2674 2188 3
1967 2675 2188 3
1968 2721 2188 3
1969 2691 2188 3
1970 2721 2188 3
1972 2737 2188 3
1973 2713 2188 3
1974 2660 2188 3
1975 2630 2188 3
1976 2604 2188 3
1977 2568 2188 3
1978 2449 2188 3
1979 2449 2188 3
1980 2347 2188 3
1981 2339 2188 3
1982 2347 2188 3
1983 2368 2188 3
1984 2391 2188 3
1985 2444 2188 3
1986 2391 2188 3
1987 2461 2188 3
1988 2391 2188 3
1989 2461 2188 3
1990 2520 2188 3
1991 2514 2188 3
1992 2520 2188 3
1993 2541 2188 3
1994 2420 2188 3
1995 2399 2188 3
1996 2393 2188 3
1997 2348 2188 3
1998 2319 2188 3
1999 2327 2188 3
2000 2347 2188 3
2001 2387 2188 3
2002 2440 2188 3
2003 2387 2188 3
2004 2489 2188 3
2005 2387 2188 3
2006 2512 2188 3
2007 2585 2188 3
2008 2581 2188 3
2009 2521 2188 3
2010 2448 2188 3
2011 2327 2188 3
2012 2348 2188 3
2013 2401 2188 3
2014 2348 2188 3
2015 2412 2188 3
2016 2420 2188 3
2017 2528 2188 3
2018 2420 2188 3
2019 2589 2188 3
2020 2534 2188 3
2021 2769 2188 3
2022 2534 2188 3
2023 2774 2188 3
2024 2958 2188 3
2025 2764 2188 3
2026 2756 2188 3
2027 2752 2188 3
2028 2766 2188 3
2029 2513 2188 3
2030 2534 2188 3
2031 2513 2188 3
2032 2391 2188 3
2033 2399 2188 3
2034 2420 2188 3
2035 2473 2188 3
2036 2420 2188 3
2037 2475 2188 3
2038 2306 2188 3
2039 2277 2188 3
2040 2285 2188 3
2041 2306 2188 3
2042 2359 2188 3
2043 2306 2188 3
2044 2375 2188 3
2045 2306 2188 3
2046 2381 2188 3
2047 2381 2188 3
2048 2453 2188 3
2049 2473 2188 3
2050 2444 2188 3
2051 2444 2188 3
2052 2368 2188 3
2053 2397 2188 3
2054 2368 2188 3
2055 2476 2188 3
2056 2476 2188 3
2057 2476 2188 3
2058 2503 2188 3
2059 2476 2188 3
2060 2450 2188 3
2061 2476 2188 3
2062 2603 2188 3
2063 2603 2188 3
2064 2716 2188 3
2065 2722 2188 3
2066 2713 2188 3
2067 2722 2188 3
2068 2744 2188 3
2069 2722 2188 3
2070 2744 2188 3
2071 2723 2188 3
2072 2731 2188 3
2073 2709 2188 3
2074 2725 2188 3
2075 2731 2188 3
2076 2804 2188 3
2077 2673 2188 3
2078 2751 2188 3
2079 2673 2188 3
2080 2781 2188 3
2081 2673 2188 3
2082 2781 2188 3
2083 2803 2188 3
2084 2966 2188 3
2085 2873 2188 3
2086 2899 2188 3
2088 3113 2188 3
2089 3186 2188 3
2090 3230 2188 3
2091 3236 2188 3
2092 3230 2188 3
2093 3236 2188 3
2094 3309 2188 3
2095 3236 2188 3
2096 3309 2188 3
2097 3301 2188 3
2098 3228 2188 3
2099 3236 2188 3
2100 2895 2188 3
2101 2752 2188 3
2102 2661 2188 3
2103 2604 2188 3
2104 2596 2188 3
2105 2463 2188 3
2106 2448 2188 3
2107 2449 2188 3
2108 2448 2188 3
2109 2452 2188 3
2110 2467 2188 3
2111 2452 2188 3
2112 2467 2188 3
2113 2463 2188 3
2114 2448 2188 3
2115 2452 2188 3
2116 2477 2188 3
2117 2448 2188 3
2118 2449 2188 3
2119 2464 2188 3
2120 2492 2188 3
2121 2491 2188 3
2122 2488 2188 3
2123 2492 2188 3
2124 2508 2188 3
2125 2277 2188 3
2126 2285 2188 3
2127 2277 2188 3
2128 2330 2188 3
2129 2277 2188 3
2130 2348 2188 3
2131 2277 2188 3
2132 2352 2188 3
2133 2352 2188 3
2134 2381 2188 3
2135 2381 2188 3
2136 2306 2188 3
2137 2375 2188 3
2138 2483 2188 3
2139 2483 2188 3
2140 2483 2188 3
2141 2503 2188 3
2142 2477 2188 3
2143 2642 2188 3
2144 2796 2188 3
2145 2766 2188 3
2146 2901 2188 3
2147 3022 2188 3
2148 2995 2188 3
2149 2977 2188 3
2150 2995 2188 3
2151 3022 2188 3
2152 3106 2188 3
2153 3038 2188 3
2154 2931 2188 3
2155 2999 2188 3
2156 2931 2188 3
2157 2999 2188 3
2158 3106 2188 3
2159 3244 2188 3
2160 3139 2188 3
2161 3122 2188 3
2162 3121 2188 3
2163 3258 2188 3
2164 3215 2188 3
2165 3258 2188 3
2166 3366 2188 3
2167 3389 2188 3
2168 3289 2188 3
2169 3366 2188 3
2170 3295 2188 3
2171 3187 2188 3
2172 3255 2188 3
2173 3284 2188 3
2174 3256 2188 3
2175 3116 2188 3
2176 2990 2188 3
2177 2853 2188 3
2178 2745 2188 3
2179 2672 2188 3
2180 2609 2188 3
2181 2556 2188 3
2182 2560 2188 3
2183 2302 2188 3
2184 2321 2188 3
2185 2302 2188 3
2186 2355 2188 3
2187 2302 2188 3
2188 2365 2188 3
2189 2302 2188 3
2190 2404 2188 3
2191 2503 2188 3
2192 2404 2188 3
2193 2302 2188 3
2194 2415 2188 3
2195 2584 2188 3
2196 2348 2188 3
2197 2290 2188 3
2198 2343 2188 3
2199 2290 2188 3
2200 2392 2188 3
2201 2290 2188 3
2202 2392 2188 3
2203 2290 2188 3
2204 2401 2188 3
2205 2201 2188 3
2206 2254 2188 3
2207 2201 2188 3
2208 2303 2188 3
2209 2201 2188 3
2210 2303 2188 3
2211 2201 2188 3
2212 2322 2188 3
2213 2448 2188 3
2214 2201 2188 3
2215 2290 2188 3
2216 2401 2188 3
2217 2290 2188 3
2218 2392 2188 3
2219 2290 2188 3
2220 2392 2188 3
2221 2509 2188 3
2222 2480 2188 3
2223 2654 2188 3
2224 2480 2188 3
2225 2666 2188 3
2226 2480 2188 3
2227 2666 2188 3
2228 2480 2188 3
2229 2674 2188 3
2230 2796 2188 3
2231 2590 2188 3
2232 2793 2188 3
2233 2908 2188 3
2234 2824 2188 3
2235 2943 2188 3
2236 2899 2188 3
2237 2876 2188 3
2238 2861 2188 3
2239 2950 2188 3
2240 2975 2188 3
2241 3074 2188 3
2242 3250 2188 3
2243 3074 2188 3
2244 3250 2188 3
2245 3243 2188 3
2246 3237 2188 3
2247 3011 2188 3
2248 2968 2188 3
2249 3011 2188 3
2250 2871 2188 3
2251 2788 2188 3
2253 2788 2188 3
2254 2623 2188 3
2255 2573 2188 3
2256 2362 2188 3
2257 2260 2188 3
2258 2362 2188 3
2259 2454 2188 3
2260 2381 2188 3
2261 2260 2188 3
2262 2381 2188 3
2263 2411 2188 3
2264 2460 2188 3
2265 2201 2188 3
2266 2254 2188 3
2267 2201 2188 3
2268 2303 2188 3
2269 2201 2188 3
2270 2303 2188 3
2271 2395 2188 3
2272 2518 2188 3
2273 2349 2188 3
2274 2500 2188 3
2275 2454 2188 3
2276 2480 2188 3
2277 2476 2188 3
2278 2480 2188 3
2279 2606 2188 3
2280 2625 2188 3
2281 2714 2188 3
2282 2506 2188 3
2283 2647 2188 3
2284 2734 2188 3
2285 2847 2188 3
2286 3001 2188 3
2287 2821 2188 3
2288 2799 2188 3
2289 2563 2188 3
2291 2564 2188 3
2292 2589 2188 3
2293 2560 2188 3
2294 2589 2188 3
2295 2560 2188 3
2296 2594 2188 3
2297 2582 2188 3
2298 2594 2188 3
2299 2582 2188 3
2300 2624 2188 3
2301 2582 2188 3
2302 2624 2188 3
2303 2582 2188 3
2304 2685 2188 3
2305 2721 2188 3
2306 2685 2188 3
2307 2721 2188 3
2308 2750 2188 3
2309 2714 2188 3
2310 2713 2188 3
2311 2741 2188 3
2312 2742 2188 3
2313 2782 2188 3
2314 2783 2188 3
2315 2795 2188 3
2316 2782 2188 3
2317 2888 2188 3
2318 2782 2188 3
2319 2910 2188 3
2320 2782 2188 3
2321 2910 2188 3
2322 2796 2188 3
2323 2795 2188 3
2324 2796 2188 3
2325 2729 2188 3
2326 2674 2188 3
2327 2617 2188 3
2328 2588 2188 3
2329 2587 2188 3
2330 2564 2188 3
2331 2560 2188 3
2332 2560 2188 3
2333 2560 2188 3
2334 2560 2188 3
2335 2560 2188 3
2336 2589 2188 3
2337 2564 2188 3
2338 2580 2188 3
2339 2576 2188 3
2340 2580 2188 3
2341 2618 2188 3
2342 2580 2188 3
2343 2618 2188 3
2344 2617 2188 3
2345 2621 2188 3
2346 2569 2188 3
2347 2523 2188 3
2348 2523 2188 3
2349 2426 2188 3
2350 2439 2188 3
2351 2426 2188 3
2352 2439 2188 3
2353 2455 2188 3
2354 2426 2188 3
2355 2439 2188 3
2356 2426 2188 3
2357 2445 2188 3
2358 2426 2188 3
2359 2455 2188 3
2360 2497 2188 3
2361 2431 2188 3
2362 2378 2188 3
2363 2363 2188 3
2364 2364 2188 3
2365 2363 2188 3
2366 2359 2188 3
2367 2360 2188 3
2368 2359 2188 3
2369 2363 2188 3
2370 2378 2188 3
2371 2363 2188 3
2372 2378 2188 3
2373 2374 2188 3
2374 2359 2188 3
2375 2360 2188 3
2376 2375 2188 3
2377 2360 2188 3
2378 2375 2188 3
2379 2374 2188 3
2380 2359 2188 3
2381 2360 2188 3
2382 2359 2188 3
2383 2363 2188 3
2384 2416 2188 3
2385 2363 2188 3
2386 2452 2188 3
2387 2475 2188 3
2388 2552 2188 3
2389 2543 2188 3
2390 2411 2188 3
2391 2299 2188 3
2392 2352 2188 3
2393 2299 2188 3
2395 2491 2188 3
2396 2506 2188 3
2397 2555 2188 3
2398 2506 2188 3
2399 2555 2188 3
2400 2404 2188 3
2401 2302 2188 3
2402 2321 2188 3
2403 2302 2188 3
2404 2355 2188 3
2405 2302 2188 3
2406 2365 2188 3
2407 2391 2188 3
2408 2493 2188 3
2409 2463 2188 3
2410 2404 2188 3
2411 2411 2188 3
2412 2457 2188 3
2413 2601 2188 3
2414 2657 2188 3
2415 2821 2188 3
2416 2901 2188 3
2417 2821 2188 3
2418 2990 2188 3
2419 2754 2188 3
2420 2800 2188 3
2421 2742 2188 3
2422 2687 2188 3
2423 2757 2188 3
2424 2687 2188 3
2425 2788 2188 3
2426 2951 2188 3
2427 3079 2188 3
2428 2951 2188 3
2429 3079 2188 3
2430 3019 2188 3
2431 3041 2188 3
2432 2981 2188 3
2433 3144 2188 3
2434 3272 2188 3
2435 3268 2188 3
2436 3140 2188 3
2437 3144 2188 3
2438 3272 2188 3
2439 3271 2188 3
2440 2981 2188 3
2441 3144 2188 3
2442 3288 2188 3
2443 3144 2188 3
2444 3271 2188 3
2445 3245 2188 3
2446 2981 2188 3
2447 3192 2188 3
2448 3127 2188 3
2449 3122 2188 3
2450 3184 2188 3
2451 3182 2188 3
2452 3116 2188 3
2453 3085 2188 3
2454 3081 2188 3
2455 3195 2188 3
2456 3081 2188 3
2457 3195 2188 3
2458 3311 2188 3
2459 3038 2188 3
2460 3046 2188 3
2461 3067 2188 3
2462 3208 2188 3
2463 3407 2188 3
2464 3250 2188 3
2465 3067 2188 3
2466 3208 2188 3
2467 3431 2188 3
2468 3432 2188 3
2469 3588 2188 3
2470 3484 2188 3
2471 3710 2188 3
2472 3867 2188 3
2473 3710 2188 3
2474 3867 2188 3
2475 3447 2188 3
2476 3253 2188 3
2477 3129 2188 3
2478 3128 2188 3
2479 2897 2188 3
2480 2871 2188 3
2481 2813 2188 3
2482 2770 2188 3
2483 2762 2188 3
2484 2702 2188 3
2485 2441 2188 3
2486 2433 2188 3
2487 2462 2188 3
2488 2515 2188 3
2489 2462 2188 3
2490 2517 2188 3
2491 2348 2188 3
2492 2319 2188 3
2493 2327 2188 3
2494 2347 2188 3
2495 2368 2188 3
2496 2391 2188 3
2497 2393 2188 3
2498 2348 2188 3
2499 2401 2188 3
2500 2348 2188 3
2501 2450 2188 3
2502 2348 2188 3
2503 2456 2188 3
2504 2430 2188 3
2505 2465 2188 3
2506 2430 2188 3
2507 2465 2188 3
2508 2473 2188 3
2509 2524 2188 3
2510 2597 2188 3
2511 2597 2188 3
2512 2597 2188 3
2513 2597 2188 3
2514 2626 2188 3
2515 2524 2188 3
2516 2597 2188 3
2517 2701 2188 3
2518 2822 2188 3
2519 2996 2188 3
2520 2947 2188 3
2521 3120 2188 3
2522 3120 2188 3
2523 3150 2188 3
2524 3307 2188 3
2525 3471 2188 3
2526 3342 2188 3
2527 3260 2188 3
2528 3032 2188 3
2529 2956 2188 3
2530 2814 2188 3
2531 2784 2188 3
2532 2784 2188 3
2533 2785 2188 3
2534 2730 2188 3
2535 2585 2188 3
2536 2514 2188 3
2537 2404 2188 3
2538 2374 2188 3
2539 2359 2188 3
2540 2363 2188 3
2541 2359 2188 3
2542 2374 2188 3
2543 2359 2188 3
2544 2388 2188 3
2545 2403 2188 3
2546 2374 2188 3
2547 2375 2188 3
2548 2374 2188 3
2549 2420 2188 3
2550 2374 2188 3
2551 2359 2188 3
2552 2360 2188 3
2553 2359 2188 3
2554 2363 2188 3
2555 2359 2188 3
2556 2363 2188 3
2557 2359 2188 3
2558 2374 2188 3
2559 2359 2188 3
2560 2374 2188 3
2561 2375 2188 3
2562 2404 2188 3
2563 2450 2188 3
2564 2421 2188 3
2565 2433 2188 3
2566 2462 2188 3
2567 2433 2188 3
2568 2486 2188 3
2569 2433 2188 3
2570 2522 2188 3
2571 2550 2188 3
2572 2576 2188 3
2573 2669 2188 3
2574 2660 2188 3
2575 2575 2188 3
2576 2660 2188 3
2577 2712 2188 3
2578 2720 2188 3
2579 2712 2188 3
2580 2720 2188 3
2581 2704 2188 3
2582 2575 2188 3
2583 2660 2188 3
2584 2781 2188 3
2585 2567 2188 3
2586 2567 2188 3
2587 2567 2188 3
2588 2567 2188 3
2589 2691 2188 3
2590 2799 2188 3
2591 2798 2188 3
2592 2826 2188 3
2593 2799 2188 3
2594 2798 2188 3
2596 2798 2188 3
2597 2811 2188 3
2598 2798 2188 3
2599 2826 2188 3
2600 2943 2188 3
2601 3028 2188 3
2602 2893 2188 3
2603 2948 2188 3
2604 2691 2188 3
2605 2567 2188 3
2606 2691 2188 3
2607 2691 2188 3
2608 2826 2188 3
2609 2939 2188 3
2610 2894 2188 3
2611 2877 2188 3
2612 2683 2188 3
2613 2805 2188 3
2614 2941 2188 3
2615 3090 2188 3
2616 3259 2188 3
2617 3133 2188 3
2618 3224 2188 3
2620 3507 2188 3
2621 3512 2188 3
2622 3569 2188 3
2623 3511 2188 3
2624 3625 2188 3
2625 3354 2188 3
2626 3240 2188 3
2627 3164 2188 3
2628 3109 2188 3
2629 3045 2188 3
2630 2786 2188 3
2631 2794 2188 3
2632 2786 2188 3
2633 2807 2188 3
2634 2836 2188 3
2635 2807 2188 3
2636 2837 2188 3
2637 2668 2188 3
2638 2647 2188 3
2639 2655 2188 3
2640 2684 2188 3
2641 2655 2188 3
2642 2708 2188 3
2643 2655 2188 3
2644 2729 2188 3
2645 2755 2188 3
2646 2876 2188 3
2647 2755 2188 3
2648 2876 2188 3
2649 2776 2188 3
2650 2756 2188 3
2651 2684 2188 3
2652 2756 2188 3
2653 2752 2188 3
2654 2756 2188 3
2655 2776 2188 3
2656 2871 2188 3
2657 2776 2188 3
2658 2871 2188 3
2659 2913 2188 3
2660 3037 2188 3
2661 2973 2188 3
2662 2946 2188 3
2663 2940 2188 3
2664 2775 2188 3
2665 2657 2188 3
2666 2546 2188 3
2667 2454 2188 3
2668 2352 2188 3
2669 2347 2188 3
2670 2352 2188 3
2671 2373 2188 3
2672 2426 2188 3
2673 2373 2188 3
2674 2437 2188 3
2675 2373 2188 3
2676 2475 2188 3
2677 2373 2188 3
2678 2494 2188 3
2679 2547 2188 3
2680 2547 2188 3
2681 2494 2188 3
2682 2567 2188 3
2683 2567 2188 3
2684 2567 2188 3
2685 2567 2188 3
2686 2597 2188 3
2687 2541 2188 3
2688 2521 2188 3
2689 2449 2188 3
2690 2458 2188 3
2691 2449 2188 3
2692 2521 2188 3
2693 2645 2188 3
2694 2576 2188 3
2695 2548 2188 3
2696 2421 2188 3
2697 2421 2188 3
2698 2319 2188 3
2699 2327 2188 3
2700 2319 2188 3
2701 2327 2188 3
2702 2347 2188 3
2703 2368 2188 3
2704 2391 2188 3
2705 2393 2188 3
2706 2348 2188 3
2707 2393 2188 3
2708 2399 2188 3
2709 2420 2188 3
2710 2412 2188 3
2711 2420 2188 3
2712 2399 2188 3
2713 2452 2188 3
2714 2399 2188 3
2715 2501 2188 3
2716 2399 2188 3
2717 2501 2188 3
2718 2399 2188 3
2719 2507 2188 3
2720 2399 2188 3
2721 2520 2188 3
2722 2551 2188 3
2723 2547 2188 3
2724 2555 2188 3
2725 2547 2188 3
2726 2556 2188 3
2727 2629 2188 3
2728 2589 2188 3
2729 2569 2188 3
2730 2497 2188 3
2731 2528 2188 3
2733 2553 2188 3
2734 2379 2188 3
2735 2373 2188 3
2736 2379 2188 3
2737 2400 2188 3
2738 2379 2188 3
2739 2408 2188 3
2740 2379 2188 3
2741 2432 2188 3
2742 2379 2188 3
2743 2500 2188 3
2744 2379 2188 3
2745 2501 2188 3
2746 2379 2188 3
2748 2379 2188 3
2749 2569 2188 3
2750 2379 2188 3
2751 2569 2188 3
2752 2432 2188 3
2753 2359 2188 3
2754 2359 2188 3
2755 2363 2188 3
2756 2359 2188 3
2757 2374 2188 3
2758 2375 2188 3
2759 2360 2188 3
2761 2471 2188 3
2762 2540 2188 3
2763 2578 2188 3
2764 2594 2188 3
2765 2634 2188 3
2766 2594 2188 3
2767 2687 2188 3
2768 2671 2188 3
2769 2687 2188 3
2770 2789 2188 3
2771 2861 2188 3
2772 2857 2188 3
2773 2970 2188 3
2774 3013 2188 3
2775 2843 2188 3
2776 2800 2188 3
2777 2687 2188 3
2778 2594 2188 3
2779 2471 2188 3
2780 2448 2188 3
2781 2449 2188 3
2782 2453 2188 3
2783 2468 2188 3
2784 2453 2188 3
2785 2468 2188 3
2786 2464 2188 3
2787 2449 2188 3
2788 2453 2188 3
2789 2478 2188 3
2790 2448 2188 3
2791 2449 2188 3
2792 2453 2188 3
2793 2481 2188 3
2794 2481 2188 3
2795 2481 2188 3
2796 2496 2188 3
2797 2495 2188 3
2798 2480 2188 3
2799 2495 2188 3
2800 2480 2188 3
2801 2506 2188 3
2802 2559 2188 3
2803 2506 2188 3
2804 2591 2188 3
2805 2532 2188 3
2806 2510 2188 3
2807 2373 2188 3
2808 2347 2188 3
2809 2352 2188 3
2810 2373 2188 3
2811 2426 2188 3
2812 2373 2188 3
2813 2437 2188 3
2814 2373 2188 3
2815 2475 2188 3
2816 2373 2188 3
2817 2475 2188 3
2818 2373 2188 3
2820 2373 2188 3
2821 2494 2188 3
2822 2603 2188 3
2823 2494 2188 3
2824 2373 2188 3
2825 2543 2188 3
2826 2592 2188 3
2827 2543 2188 3
2828 2745 2188 3
2829 2886 2188 3
2830 2547 2188 3
2831 2475 2188 3
2832 2373 2188 3
2833 2352 2188 3
2834 2405 2188 3
2835 2352 2188 3
2836 2454 2188 3
2837 2352 2188 3
2838 2454 2188 3
2839 2352 2188 3
2840 2473 2188 3
2841 2617 2188 3
2842 2735 2188 3
2843 2841 2188 3
2844 2943 2188 3
2845 2841 2188 3
2846 2968 2188 3
2847 2990 2188 3
2848 2968 2188 3
2849 2990 2188 3
2850 2846 2188 3
2851 2740 2188 3
2852 2710 2188 3
2854 2703 2188 3
2855 2468 2188 3
2856 2347 2188 3
2857 2352 2188 3
2858 2347 2188 3
2859 2373 2188 3
2860 2426 2188 3
2861 2373 2188 3
2862 2475 2188 3
2863 2373 2188 3
2864 2475 2188 3
2865 2475 2188 3
2866 2475 2188 3
2867 2475 2188 3
2868 2454 2188 3
2869 2352 2188 3
2870 2373 2188 3
2871 2352 2188 3
2872 2405 2188 3
2873 2352 2188 3
2874 2416 2188 3
2875 2489 2188 3
2876 2530 2188 3
2877 2599 2188 3
2878 2530 2188 3
2879 2644 2188 3
2880 2546 2188 3
2881 2667 2188 3
2882 2740 2188 3
2883 2740 2188 3
2884 2844 2188 3
2885 3010 2188 3
2886 2871 2188 3
2887 2982 2188 3
2888 2949 2188 3
2889 2949 2188 3
2890 2873 2188 3
2891 2902 2188 3
2892 2873 2188 3
2893 2937 2188 3
2894 3076 2188 3
2895 3009 2188 3
2896 3008 2188 3
2897 2879 2188 3
2898 2835 2188 3
2899 2723 2188 3
2900 2582 2188 3
2901 2611 2188 3
2902 2582 2188 3
2903 2660 2188 3
2904 2661 2188 3
2905 2686 2188 3
2907 2686 2188 3
2908 2812 2188 3
2909 2686 2188 3
2910 2827 2188 3
2911 3001 2188 3
2912 2952 2188 3
2913 3162 2188 3
2914 3168 2188 3
2915 3079 2188 3
2916 3073 2188 3
2917 3079 2188 3
2918 3225 2188 3
2919 3079 2188 3
2920 3227 2188 3
2921 3203 2188 3
2922 3231 2188 3
2923 3227 2188 3
2924 3203 2188 3
2925 3013 2188 3
2926 2903 2188 3
2927 2754 2188 3
2928 2724 2188 3
2929 2701 2188 3
2930 2701 2188 3
2931 2697 2188 3
2932 2699 2188 3
2933 2697 2188 3
2934 2699 2188 3
2935 2697 2188 3
2936 2701 2188 3
2937 2675 2188 3
2938 2668 2188 3
2940 2740 2188 3
2941 2761 2188 3
2942 2807 2188 3
2943 2761 2188 3
2944 2807 2188 3
2945 2850 2188 3
2946 2882 2188 3
2947 2850 2188 3
2948 2933 2188 3
2949 2906 2188 3
2950 2823 2188 3
2951 2855 2188 3
2952 2762 2188 3
2953 2671 2188 3
2954 2650 2188 3
2955 2637 2188 3
2956 2632 2188 3
2957 2589 2188 3
2958 2570 2188 3
2959 2567 2188 3
2960 2567 2188 3
2961 2567 2188 3
2962 2570 2188 3
2963 2567 2188 3
2964 2580 2188 3
2965 2603 2188 3
2966 2580 2188 3
2967 2609 2188 3
2968 2673 2188 3
2969 2744 2188 3
2970 2773 2188 3
2971 2812 2188 3
2972 2877 2188 3
2973 2812 2188 3
2975 2812 2188 3
2976 2877 2188 3
2977 2984 2188 3
2978 2877 2188 3
2979 2998 2188 3
2980 2948 2188 3
2981 2884 2188 3
2982 2862 2188 3
2983 2841 2188 3
2984 2764 2188 3
2985 2763 2188 3
2986 2730 2188 3
2987 2701 2188 3
2988 2713 2188 3
2989 2640 2188 3
2990 2711 2188 3
2991 2640 2188 3
2992 2713 2188 3
2993 2701 2188 3
2994 2730 2188 3
2995 2768 2188 3
2996 2828 2188 3
2997 2898 2188 3
2998 2902 2188 3
2999 2898 2188 3
3000 2828 2188 3
3001 2764 2188 3
3002 2726 2188 3
3003 2666 2188 3
3004 2637 2188 3
3005 2637 2188 3
3006 2637 2188 3
3007 2649 2188 3
3008 2576 2188 3
3009 2576 2188 3
3010 2576 2188 3
3011 2593 2188 3
3012 2576 2188 3
3013 2576 2188 3
3014 2592 2188 3
3015 2615 2188 3
3016 2592 2188 3
3017 2656 2188 3
3018 2592 2188 3
3019 2665 2188 3
3020 2653 2188 3
3021 2666 2188 3
3022 2683 2188 3
3023 2716 2188 3
3024 2722 2188 3
3025 2725 2188 3
3026 2722 2188 3
3027 2725 2188 3
3028 2729 2188 3
3029 2767 2188 3
3030 2794 2188 3
3031 2848 2188 3
3032 2805 2188 3
3033 2878 2188 3
3034 2970 2188 3
3035 2934 2188 3
3036 2920 2188 3
3037 2911 2188 3
3038 2903 2188 3
3039 2901 2188 3
3040 2914 2188 3
3041 2901 2188 3
3042 2956 2188 3
3043 2901 2188 3
3044 2966 2188 3
3045 2968 2188 3
3046 2922 2188 3
3047 3047 2188 3
3048 2844 2188 3
3049 2845 2188 3
3050 2844 2188 3
3051 2893 2188 3
3052 2844 2188 3
3053 2893 2188 3
3054 2844 2188 3
3055 2931 2188 3
3056 2844 2188 3
3057 2948 2188 3
3058 3080 2188 3
3059 3194 2188 3
3060 3363 2188 3
3061 3170 2188 3
3062 3056 2188 3
3063 3178 2188 3
3064 2995 2188 3
3065 3113 2188 3
3066 3131 2188 3
3067 3009 2188 3
3068 3015 2188 3
3069 3009 2188 3
3070 3047 2188 3
3071 3163 2188 3
3072 3167 2188 3
3073 3279 2188 3
3074 3293 2188 3
3075 3063 2188 3
3076 2914 2188 3
3077 2744 2188 3
3078 2738 2188 3
3079 2709 2188 3
3080 2586 2188 3
3081 2582 2188 3
3082 2572 2188 3
3083 2582 2188 3
3084 2572 2188 3
3085 2587 2188 3
3086 2600 2188 3
3087 2605 2188 3
3088 2586 2188 3
3089 2582 2188 3
3090 2586 2188 3
3091 2582 2188 3
3092 2586 2188 3
3093 2595 2188 3
3094 2589 2188 3
3095 2595 2188 3
3096 2684 2188 3
3097 2662 2188 3
3098 2568 2188 3
3099 2573 2188 3
3100 2581 2188 3
3101 2559 2188 3
3102 2568 2188 3
3103 2581 2188 3
3104 2619 2188 3
3105 2708 2188 3
3106 2704 2188 3
3107 2806 2188 3
3108 2704 2188 3
3109 2806 2188 3
3110 2704 2188 3
3111 2842 2188 3
3112 2956 2188 3
3113 2935 2188 3
3114 3104 2188 3
3115 3104 2188 3
3116 3083 2188 3
3117 2961 2188 3
3118 2982 2188 3
3120 2788 2188 3
3121 2727 2188 3
3122 2711 2188 3
3123 2649 2188 3
3124 2514 2188 3
3125 2487 2188 3
3126 2491 2188 3
3127 2487 2188 3
3128 2491 2188 3
3129 2518 2188 3
3130 2620 2188 3
3131 2518 2188 3
3132 2620 2188 3
3133 2719 2188 3
3134 2620 2188 3
3135 2737 2188 3
3136 2708 2188 3
3137 2779 2188 3
3138 2708 2188 3
3139 2779 2188 3
3140 2781 2188 3
3141 2802 2188 3
3142 2775 2188 3
3143 2662 2188 3
Priority 1: 0.8
Priority 2: 0.96
///////////////////
Feasible
Solution Cost: 2188
--------------
Route 0:

LOCATION | CUSTOMER
0 1000
16 20
2 6
28 23
28 1
28 0
28 3
3 7
20 22
4 8
26 24
26 13
0 1000
Max capacity: 150 Load:150
--------------
--------------
Route 1:

LOCATION | CUSTOMER
0 1000
1 5
30 16
26 14
29 17
29 15
29 11
29 10
29 4
5 9
0 1000
Max capacity: 150 Load:140
--------------
--------------
Route 2:

LOCATION | CUSTOMER
0 1000
27 21
27 2
27 18
27 19
8 12
0 1000
Max capacity: 150 Load:71
--------------
Solution Cost: 2188
Priority 1: 0.8
Priority 2: 0.96
///////////////////
Priority 1: 0.8
Priority 2: 0.96
///////////////////
Feasible
Solution Cost: 2188
--------------
Route 0:

LOCATION | CUSTOMER
0 1000
16 20
2 6
28 3
28 0
28 23
28 1
3 7
20 22
4 8
26 14
0 1000
Max capacity: 150 Load:140
--------------
--------------
Route 1:

LOCATION | CUSTOMER
0 1000
27 18
27 21
27 2
27 19
8 12
0 1000
Max capacity: 150 Load:71
--------------
--------------
Route 2:

LOCATION | CUSTOMER
0 1000
1 5
30 16
26 13
26 24
29 17
29 15
29 11
29 10
29 4
5 9
0 1000
Max capacity: 150 Load:150
--------------
Solution Cost: 2188
Priority 1: 0.8
Priority 2: 0.96
///////////////////
The best solution's cost: 2188
Priority 1: 0.8
Priority 2: 0.96
00:00:48.9797034
